backend,model,mode,language,category,attempts,exact_rate,pass_rate,ok_rate,parse_error_rate,non_completable_rate,incomplete_rate,semantic_mismatch_rate,timeout_rate,other_error_rate,avg_tokens,avg_seconds
local,Ministral-3-8B-Instruct-2512-GGUF,constrained_direct,fun,fun:boolean,2,0.0,0.0,0.0,0.0,0.0,0.0,0.0,0.0,100.0,0.0,0.0
local,Ministral-3-8B-Instruct-2512-GGUF,constrained_direct,fun,fun:function,4,0.0,0.0,0.0,0.0,0.0,0.0,0.0,0.0,100.0,0.0,0.0
local,Ministral-3-8B-Instruct-2512-GGUF,constrained_direct,fun,fun:function_application,4,0.0,0.0,0.0,0.0,0.0,0.0,0.0,0.0,100.0,0.0,0.0
local,Ministral-3-8B-Instruct-2512-GGUF,constrained_direct,fun,fun:function_arithmetic,12,0.0,0.0,0.0,0.0,0.0,0.0,0.0,0.0,100.0,0.0,0.0
local,Ministral-3-8B-Instruct-2512-GGUF,constrained_direct,fun,fun:function_closure,2,0.0,0.0,0.0,0.0,0.0,0.0,0.0,0.0,100.0,0.0,0.0
local,Ministral-3-8B-Instruct-2512-GGUF,constrained_direct,fun,fun:function_composition,2,0.0,0.0,0.0,0.0,0.0,0.0,0.0,0.0,100.0,0.0,0.0
local,Ministral-3-8B-Instruct-2512-GGUF,constrained_direct,fun,fun:function_constant,1,0.0,0.0,0.0,0.0,0.0,0.0,0.0,0.0,100.0,0.0,0.0
local,Ministral-3-8B-Instruct-2512-GGUF,constrained_direct,fun,fun:function_float,4,0.0,0.0,0.0,0.0,0.0,0.0,0.0,0.0,100.0,0.0,0.0
local,Ministral-3-8B-Instruct-2512-GGUF,constrained_direct,fun,fun:function_higher_order,2,0.0,0.0,0.0,0.0,0.0,0.0,0.0,0.0,100.0,0.0,0.0
local,Ministral-3-8B-Instruct-2512-GGUF,constrained_direct,imp,imp:arithmetic,2,0.0,0.0,0.0,0.0,0.0,0.0,0.0,0.0,100.0,0.0,0.0
local,Ministral-3-8B-Instruct-2512-GGUF,constrained_direct,imp,imp:assignment,3,0.0,0.0,0.0,0.0,0.0,0.0,0.0,0.0,100.0,0.0,0.0
local,Ministral-3-8B-Instruct-2512-GGUF,constrained_direct,imp,imp:boolean,2,0.0,0.0,0.0,0.0,0.0,0.0,0.0,0.0,100.0,0.0,0.0
local,Ministral-3-8B-Instruct-2512-GGUF,constrained_direct,imp,imp:branching,6,0.0,0.0,0.0,0.0,0.0,0.0,0.0,0.0,100.0,0.0,0.0
local,Ministral-3-8B-Instruct-2512-GGUF,constrained_direct,imp,imp:loops,4,0.0,0.0,0.0,0.0,0.0,0.0,0.0,0.0,100.0,0.0,0.0
local,Ministral-3-8B-Instruct-2512-GGUF,constrained_direct,imp,imp:mixed_control,2,0.0,0.0,0.0,0.0,0.0,0.0,0.0,0.0,100.0,0.0,0.0
local,Ministral-3-8B-Instruct-2512-GGUF,constrained_direct,imp,imp:nested_branching,3,0.0,0.0,0.0,0.0,0.0,0.0,0.0,0.0,100.0,0.0,0.0
local,Ministral-3-8B-Instruct-2512-GGUF,constrained_direct,imp,imp:sequence,3,0.0,0.0,0.0,0.0,0.0,0.0,0.0,0.0,100.0,0.0,0.0
local,Ministral-3-8B-Instruct-2512-GGUF,constrained_direct,imp,imp:while_loop,3,0.0,0.0,0.0,0.0,0.0,0.0,0.0,0.0,100.0,0.0,0.0
local,Ministral-3-8B-Instruct-2512-GGUF,constrained_direct,stlc,stlc:logic_application,2,0.0,0.0,0.0,0.0,0.0,0.0,0.0,0.0,100.0,0.0,0.0
local,Ministral-3-8B-Instruct-2512-GGUF,constrained_direct,stlc,stlc:logic_argument_order,1,0.0,0.0,0.0,0.0,0.0,0.0,0.0,0.0,100.0,0.0,0.0
local,Ministral-3-8B-Instruct-2512-GGUF,constrained_direct,stlc,stlc:logic_choice,2,0.0,0.0,0.0,0.0,0.0,0.0,0.0,0.0,100.0,0.0,0.0
local,Ministral-3-8B-Instruct-2512-GGUF,constrained_direct,stlc,stlc:logic_composition,6,0.0,0.0,0.0,0.0,0.0,0.0,0.0,0.0,100.0,0.0,0.0
local,Ministral-3-8B-Instruct-2512-GGUF,constrained_direct,stlc,stlc:logic_continuation,1,0.0,0.0,0.0,0.0,0.0,0.0,0.0,0.0,100.0,0.0,0.0
local,Ministral-3-8B-Instruct-2512-GGUF,constrained_direct,stlc,stlc:logic_contraction,2,0.0,0.0,0.0,0.0,0.0,0.0,0.0,0.0,100.0,0.0,0.0
local,Ministral-3-8B-Instruct-2512-GGUF,constrained_direct,stlc,stlc:logic_elimination,1,0.0,0.0,0.0,0.0,0.0,0.0,0.0,0.0,100.0,0.0,0.0
local,Ministral-3-8B-Instruct-2512-GGUF,constrained_direct,stlc,stlc:logic_eta,1,0.0,0.0,0.0,0.0,0.0,0.0,0.0,0.0,100.0,0.0,0.0
local,Ministral-3-8B-Instruct-2512-GGUF,constrained_direct,stlc,stlc:logic_function_result,1,0.0,0.0,0.0,0.0,0.0,0.0,0.0,0.0,100.0,0.0,0.0
local,Ministral-3-8B-Instruct-2512-GGUF,constrained_direct,stlc,stlc:logic_higher_order,3,0.0,0.0,0.0,0.0,0.0,0.0,0.0,0.0,100.0,0.0,0.0
local,Ministral-3-8B-Instruct-2512-GGUF,constrained_direct,stlc,stlc:logic_identity,2,0.0,0.0,0.0,0.0,0.0,0.0,0.0,0.0,100.0,0.0,0.0
local,Ministral-3-8B-Instruct-2512-GGUF,constrained_direct,stlc,stlc:logic_modus_ponens,2,0.0,0.0,0.0,0.0,0.0,0.0,0.0,0.0,100.0,0.0,0.0
local,Ministral-3-8B-Instruct-2512-GGUF,constrained_direct,stlc,stlc:logic_pipeline,1,0.0,0.0,0.0,0.0,0.0,0.0,0.0,0.0,100.0,0.0,0.0
local,Ministral-3-8B-Instruct-2512-GGUF,constrained_direct,stlc,stlc:logic_projection,1,0.0,0.0,0.0,0.0,0.0,0.0,0.0,0.0,100.0,0.0,0.0
local,Ministral-3-8B-Instruct-2512-GGUF,constrained_direct,stlc,stlc:logic_repetition,2,0.0,0.0,0.0,0.0,0.0,0.0,0.0,0.0,100.0,0.0,0.0
local,Ministral-3-8B-Instruct-2512-GGUF,constrained_direct,stlc,stlc:logic_substitution,2,0.0,0.0,0.0,0.0,0.0,0.0,0.0,0.0,100.0,0.0,0.0
local,Ministral-3-8B-Instruct-2512-GGUF,constrained_direct,stlc,stlc:logic_weakening,3,0.0,0.0,0.0,0.0,0.0,0.0,0.0,0.0,100.0,0.0,0.0
local,Ministral-3-8B-Instruct-2512-GGUF,constrained_mixed,fun,fun:boolean,2,0.0,0.0,0.0,0.0,0.0,0.0,0.0,0.0,100.0,0.0,0.0
local,Ministral-3-8B-Instruct-2512-GGUF,constrained_mixed,fun,fun:function,4,0.0,0.0,0.0,0.0,0.0,0.0,0.0,0.0,100.0,0.0,0.0
local,Ministral-3-8B-Instruct-2512-GGUF,constrained_mixed,fun,fun:function_application,4,0.0,0.0,0.0,0.0,0.0,0.0,0.0,0.0,100.0,0.0,0.0
local,Ministral-3-8B-Instruct-2512-GGUF,constrained_mixed,fun,fun:function_arithmetic,12,0.0,0.0,0.0,0.0,0.0,0.0,0.0,0.0,100.0,0.0,0.0
local,Ministral-3-8B-Instruct-2512-GGUF,constrained_mixed,fun,fun:function_closure,2,0.0,0.0,0.0,0.0,0.0,0.0,0.0,0.0,100.0,0.0,0.0
local,Ministral-3-8B-Instruct-2512-GGUF,constrained_mixed,fun,fun:function_composition,2,0.0,0.0,0.0,0.0,0.0,0.0,0.0,0.0,100.0,0.0,0.0
local,Ministral-3-8B-Instruct-2512-GGUF,constrained_mixed,fun,fun:function_constant,1,0.0,0.0,0.0,0.0,0.0,0.0,0.0,0.0,100.0,0.0,0.0
local,Ministral-3-8B-Instruct-2512-GGUF,constrained_mixed,fun,fun:function_float,4,0.0,0.0,0.0,0.0,0.0,0.0,0.0,0.0,100.0,0.0,0.0
local,Ministral-3-8B-Instruct-2512-GGUF,constrained_mixed,fun,fun:function_higher_order,2,0.0,0.0,0.0,0.0,0.0,0.0,0.0,0.0,100.0,0.0,0.0
local,Ministral-3-8B-Instruct-2512-GGUF,constrained_mixed,imp,imp:arithmetic,2,0.0,0.0,0.0,0.0,0.0,0.0,0.0,0.0,100.0,0.0,0.0
local,Ministral-3-8B-Instruct-2512-GGUF,constrained_mixed,imp,imp:assignment,3,0.0,0.0,0.0,0.0,0.0,0.0,0.0,0.0,100.0,0.0,0.0
local,Ministral-3-8B-Instruct-2512-GGUF,constrained_mixed,imp,imp:boolean,2,0.0,0.0,0.0,0.0,0.0,0.0,0.0,0.0,100.0,0.0,0.0
local,Ministral-3-8B-Instruct-2512-GGUF,constrained_mixed,imp,imp:branching,6,0.0,0.0,0.0,0.0,0.0,0.0,0.0,0.0,100.0,0.0,0.0
local,Ministral-3-8B-Instruct-2512-GGUF,constrained_mixed,imp,imp:loops,4,0.0,0.0,0.0,0.0,0.0,0.0,0.0,0.0,100.0,0.0,0.0
local,Ministral-3-8B-Instruct-2512-GGUF,constrained_mixed,imp,imp:mixed_control,2,0.0,0.0,0.0,0.0,0.0,0.0,0.0,0.0,100.0,0.0,0.0
local,Ministral-3-8B-Instruct-2512-GGUF,constrained_mixed,imp,imp:nested_branching,3,0.0,0.0,0.0,0.0,0.0,0.0,0.0,0.0,100.0,0.0,0.0
local,Ministral-3-8B-Instruct-2512-GGUF,constrained_mixed,imp,imp:sequence,3,0.0,0.0,0.0,0.0,0.0,0.0,0.0,0.0,100.0,0.0,0.0
local,Ministral-3-8B-Instruct-2512-GGUF,constrained_mixed,imp,imp:while_loop,3,0.0,0.0,0.0,0.0,0.0,0.0,0.0,0.0,100.0,0.0,0.0
local,Ministral-3-8B-Instruct-2512-GGUF,constrained_mixed,stlc,stlc:logic_application,2,0.0,0.0,0.0,0.0,0.0,0.0,0.0,0.0,100.0,0.0,0.0
local,Ministral-3-8B-Instruct-2512-GGUF,constrained_mixed,stlc,stlc:logic_argument_order,1,0.0,0.0,0.0,0.0,0.0,0.0,0.0,0.0,100.0,0.0,0.0
local,Ministral-3-8B-Instruct-2512-GGUF,constrained_mixed,stlc,stlc:logic_choice,2,0.0,0.0,0.0,0.0,0.0,0.0,0.0,0.0,100.0,0.0,0.0
local,Ministral-3-8B-Instruct-2512-GGUF,constrained_mixed,stlc,stlc:logic_composition,6,0.0,0.0,0.0,0.0,0.0,0.0,0.0,0.0,100.0,0.0,0.0
local,Ministral-3-8B-Instruct-2512-GGUF,constrained_mixed,stlc,stlc:logic_continuation,1,0.0,0.0,0.0,0.0,0.0,0.0,0.0,0.0,100.0,0.0,0.0
local,Ministral-3-8B-Instruct-2512-GGUF,constrained_mixed,stlc,stlc:logic_contraction,2,0.0,0.0,0.0,0.0,0.0,0.0,0.0,0.0,100.0,0.0,0.0
local,Ministral-3-8B-Instruct-2512-GGUF,constrained_mixed,stlc,stlc:logic_elimination,1,0.0,0.0,0.0,0.0,0.0,0.0,0.0,0.0,100.0,0.0,0.0
local,Ministral-3-8B-Instruct-2512-GGUF,constrained_mixed,stlc,stlc:logic_eta,1,0.0,0.0,0.0,0.0,0.0,0.0,0.0,0.0,100.0,0.0,0.0
local,Ministral-3-8B-Instruct-2512-GGUF,constrained_mixed,stlc,stlc:logic_function_result,1,0.0,0.0,0.0,0.0,0.0,0.0,0.0,0.0,100.0,0.0,0.0
local,Ministral-3-8B-Instruct-2512-GGUF,constrained_mixed,stlc,stlc:logic_higher_order,3,0.0,0.0,0.0,0.0,0.0,0.0,0.0,0.0,100.0,0.0,0.0
local,Ministral-3-8B-Instruct-2512-GGUF,constrained_mixed,stlc,stlc:logic_identity,2,0.0,0.0,0.0,0.0,0.0,0.0,0.0,0.0,100.0,0.0,0.0
local,Ministral-3-8B-Instruct-2512-GGUF,constrained_mixed,stlc,stlc:logic_modus_ponens,2,0.0,0.0,0.0,0.0,0.0,0.0,0.0,0.0,100.0,0.0,0.0
local,Ministral-3-8B-Instruct-2512-GGUF,constrained_mixed,stlc,stlc:logic_pipeline,1,0.0,0.0,0.0,0.0,0.0,0.0,0.0,0.0,100.0,0.0,0.0
local,Ministral-3-8B-Instruct-2512-GGUF,constrained_mixed,stlc,stlc:logic_projection,1,0.0,0.0,0.0,0.0,0.0,0.0,0.0,0.0,100.0,0.0,0.0
local,Ministral-3-8B-Instruct-2512-GGUF,constrained_mixed,stlc,stlc:logic_repetition,2,0.0,0.0,0.0,0.0,0.0,0.0,0.0,0.0,100.0,0.0,0.0
local,Ministral-3-8B-Instruct-2512-GGUF,constrained_mixed,stlc,stlc:logic_substitution,2,0.0,0.0,0.0,0.0,0.0,0.0,0.0,0.0,100.0,0.0,0.0
local,Ministral-3-8B-Instruct-2512-GGUF,constrained_mixed,stlc,stlc:logic_weakening,3,0.0,0.0,0.0,0.0,0.0,0.0,0.0,0.0,100.0,0.0,0.0
local,Ministral-3-8B-Instruct-2512-GGUF,unconstrained,fun,fun:boolean,2,0.0,0.0,0.0,0.0,0.0,0.0,0.0,0.0,100.0,0.0,0.0
local,Ministral-3-8B-Instruct-2512-GGUF,unconstrained,fun,fun:function,4,0.0,0.0,0.0,0.0,0.0,0.0,0.0,0.0,100.0,0.0,0.0
local,Ministral-3-8B-Instruct-2512-GGUF,unconstrained,fun,fun:function_application,4,0.0,0.0,0.0,0.0,0.0,0.0,0.0,0.0,100.0,0.0,0.0
local,Ministral-3-8B-Instruct-2512-GGUF,unconstrained,fun,fun:function_arithmetic,12,0.0,0.0,0.0,0.0,0.0,0.0,0.0,0.0,100.0,0.0,0.0
local,Ministral-3-8B-Instruct-2512-GGUF,unconstrained,fun,fun:function_closure,2,0.0,0.0,0.0,0.0,0.0,0.0,0.0,0.0,100.0,0.0,0.0
local,Ministral-3-8B-Instruct-2512-GGUF,unconstrained,fun,fun:function_composition,2,0.0,0.0,0.0,0.0,0.0,0.0,0.0,0.0,100.0,0.0,0.0
local,Ministral-3-8B-Instruct-2512-GGUF,unconstrained,fun,fun:function_constant,1,0.0,0.0,0.0,0.0,0.0,0.0,0.0,0.0,100.0,0.0,0.0
local,Ministral-3-8B-Instruct-2512-GGUF,unconstrained,fun,fun:function_float,4,0.0,0.0,0.0,0.0,0.0,0.0,0.0,0.0,100.0,0.0,0.0
local,Ministral-3-8B-Instruct-2512-GGUF,unconstrained,fun,fun:function_higher_order,2,0.0,0.0,0.0,0.0,0.0,0.0,0.0,0.0,100.0,0.0,0.0
local,Ministral-3-8B-Instruct-2512-GGUF,unconstrained,imp,imp:arithmetic,2,0.0,0.0,0.0,0.0,0.0,0.0,0.0,0.0,100.0,0.0,0.0
local,Ministral-3-8B-Instruct-2512-GGUF,unconstrained,imp,imp:assignment,3,0.0,0.0,0.0,0.0,0.0,0.0,0.0,0.0,100.0,0.0,0.0
local,Ministral-3-8B-Instruct-2512-GGUF,unconstrained,imp,imp:boolean,2,0.0,0.0,0.0,0.0,0.0,0.0,0.0,0.0,100.0,0.0,0.0
local,Ministral-3-8B-Instruct-2512-GGUF,unconstrained,imp,imp:branching,6,0.0,0.0,0.0,0.0,0.0,0.0,0.0,0.0,100.0,0.0,0.0
local,Ministral-3-8B-Instruct-2512-GGUF,unconstrained,imp,imp:loops,4,0.0,0.0,0.0,0.0,0.0,0.0,0.0,0.0,100.0,0.0,0.0
local,Ministral-3-8B-Instruct-2512-GGUF,unconstrained,imp,imp:mixed_control,2,0.0,0.0,0.0,0.0,0.0,0.0,0.0,0.0,100.0,0.0,0.0
local,Ministral-3-8B-Instruct-2512-GGUF,unconstrained,imp,imp:nested_branching,3,0.0,0.0,0.0,0.0,0.0,0.0,0.0,0.0,100.0,0.0,0.0
local,Ministral-3-8B-Instruct-2512-GGUF,unconstrained,imp,imp:sequence,3,0.0,0.0,0.0,0.0,0.0,0.0,0.0,0.0,100.0,0.0,0.0
local,Ministral-3-8B-Instruct-2512-GGUF,unconstrained,imp,imp:while_loop,3,0.0,0.0,0.0,0.0,0.0,0.0,0.0,0.0,100.0,0.0,0.0
local,Ministral-3-8B-Instruct-2512-GGUF,unconstrained,stlc,stlc:logic_application,2,0.0,0.0,0.0,0.0,0.0,0.0,0.0,0.0,100.0,0.0,0.0
local,Ministral-3-8B-Instruct-2512-GGUF,unconstrained,stlc,stlc:logic_argument_order,1,0.0,0.0,0.0,0.0,0.0,0.0,0.0,0.0,100.0,0.0,0.0
local,Ministral-3-8B-Instruct-2512-GGUF,unconstrained,stlc,stlc:logic_choice,2,0.0,0.0,0.0,0.0,0.0,0.0,0.0,0.0,100.0,0.0,0.0
local,Ministral-3-8B-Instruct-2512-GGUF,unconstrained,stlc,stlc:logic_composition,6,0.0,0.0,0.0,0.0,0.0,0.0,0.0,0.0,100.0,0.0,0.0
local,Ministral-3-8B-Instruct-2512-GGUF,unconstrained,stlc,stlc:logic_continuation,1,0.0,0.0,0.0,0.0,0.0,0.0,0.0,0.0,100.0,0.0,0.0
local,Ministral-3-8B-Instruct-2512-GGUF,unconstrained,stlc,stlc:logic_contraction,2,0.0,0.0,0.0,0.0,0.0,0.0,0.0,0.0,100.0,0.0,0.0
local,Ministral-3-8B-Instruct-2512-GGUF,unconstrained,stlc,stlc:logic_elimination,1,0.0,0.0,0.0,0.0,0.0,0.0,0.0,0.0,100.0,0.0,0.0
local,Ministral-3-8B-Instruct-2512-GGUF,unconstrained,stlc,stlc:logic_eta,1,0.0,0.0,0.0,0.0,0.0,0.0,0.0,0.0,100.0,0.0,0.0
local,Ministral-3-8B-Instruct-2512-GGUF,unconstrained,stlc,stlc:logic_function_result,1,0.0,0.0,0.0,0.0,0.0,0.0,0.0,0.0,100.0,0.0,0.0
local,Ministral-3-8B-Instruct-2512-GGUF,unconstrained,stlc,stlc:logic_higher_order,3,0.0,0.0,0.0,0.0,0.0,0.0,0.0,0.0,100.0,0.0,0.0
local,Ministral-3-8B-Instruct-2512-GGUF,unconstrained,stlc,stlc:logic_identity,2,0.0,0.0,0.0,0.0,0.0,0.0,0.0,0.0,100.0,0.0,0.0
local,Ministral-3-8B-Instruct-2512-GGUF,unconstrained,stlc,stlc:logic_modus_ponens,2,0.0,0.0,0.0,0.0,0.0,0.0,0.0,0.0,100.0,0.0,0.0
local,Ministral-3-8B-Instruct-2512-GGUF,unconstrained,stlc,stlc:logic_pipeline,1,0.0,0.0,0.0,0.0,0.0,0.0,0.0,0.0,100.0,0.0,0.0
local,Ministral-3-8B-Instruct-2512-GGUF,unconstrained,stlc,stlc:logic_projection,1,0.0,0.0,0.0,0.0,0.0,0.0,0.0,0.0,100.0,0.0,0.0
local,Ministral-3-8B-Instruct-2512-GGUF,unconstrained,stlc,stlc:logic_repetition,2,0.0,0.0,0.0,0.0,0.0,0.0,0.0,0.0,100.0,0.0,0.0
local,Ministral-3-8B-Instruct-2512-GGUF,unconstrained,stlc,stlc:logic_substitution,2,0.0,0.0,0.0,0.0,0.0,0.0,0.0,0.0,100.0,0.0,0.0
local,Ministral-3-8B-Instruct-2512-GGUF,unconstrained,stlc,stlc:logic_weakening,3,0.0,0.0,0.0,0.0,0.0,0.0,0.0,0.0,100.0,0.0,0.0
local,Qwen/Qwen3.5-0.8B,constrained_direct,fun,fun:boolean,2,0.0,0.0,0.0,0.0,0.0,100.0,0.0,0.0,0.0,96.0,3.88
local,Qwen/Qwen3.5-0.8B,constrained_direct,fun,fun:function,4,0.0,0.0,0.0,0.0,0.0,100.0,0.0,0.0,0.0,69.75,3.07
local,Qwen/Qwen3.5-0.8B,constrained_direct,fun,fun:function_application,4,0.0,0.0,0.0,0.0,0.0,100.0,0.0,0.0,0.0,99.25,4.22
local,Qwen/Qwen3.5-0.8B,constrained_direct,fun,fun:function_arithmetic,12,0.0,0.0,0.0,0.0,0.0,100.0,0.0,0.0,0.0,97.17,4.75
local,Qwen/Qwen3.5-0.8B,constrained_direct,fun,fun:function_closure,2,0.0,0.0,0.0,0.0,0.0,100.0,0.0,0.0,0.0,208.0,9.64
local,Qwen/Qwen3.5-0.8B,constrained_direct,fun,fun:function_composition,2,0.0,0.0,0.0,0.0,0.0,100.0,0.0,0.0,0.0,13.0,0.85
local,Qwen/Qwen3.5-0.8B,constrained_direct,fun,fun:function_constant,1,0.0,0.0,0.0,0.0,0.0,100.0,0.0,0.0,0.0,96.0,3.9
local,Qwen/Qwen3.5-0.8B,constrained_direct,fun,fun:function_float,4,0.0,0.0,0.0,0.0,0.0,100.0,0.0,0.0,0.0,76.5,3.45
local,Qwen/Qwen3.5-0.8B,constrained_direct,fun,fun:function_higher_order,2,0.0,0.0,0.0,0.0,0.0,100.0,0.0,0.0,0.0,91.0,4.12
local,Qwen/Qwen3.5-0.8B,constrained_direct,imp,imp:arithmetic,2,0.0,0.0,0.0,0.0,0.0,100.0,0.0,0.0,0.0,45.5,1.91
local,Qwen/Qwen3.5-0.8B,constrained_direct,imp,imp:assignment,3,0.0,0.0,0.0,0.0,0.0,66.67,33.33,0.0,0.0,36.33,1.53
local,Qwen/Qwen3.5-0.8B,constrained_direct,imp,imp:boolean,2,0.0,0.0,0.0,0.0,0.0,100.0,0.0,0.0,0.0,43.5,1.84
local,Qwen/Qwen3.5-0.8B,constrained_direct,imp,imp:branching,6,0.0,0.0,0.0,0.0,0.0,83.33,16.67,0.0,0.0,23.17,1.13
local,Qwen/Qwen3.5-0.8B,constrained_direct,imp,imp:loops,4,0.0,0.0,0.0,0.0,0.0,25.0,75.0,0.0,0.0,41.5,1.75
local,Qwen/Qwen3.5-0.8B,constrained_direct,imp,imp:mixed_control,2,0.0,0.0,0.0,0.0,0.0,100.0,0.0,0.0,0.0,26.5,1.27
local,Qwen/Qwen3.5-0.8B,constrained_direct,imp,imp:nested_branching,3,0.0,33.33,33.33,0.0,0.0,0.0,66.67,0.0,0.0,40.0,1.63
local,Qwen/Qwen3.5-0.8B,constrained_direct,imp,imp:sequence,3,0.0,0.0,0.0,0.0,0.0,100.0,0.0,0.0,0.0,52.0,2.34
local,Qwen/Qwen3.5-0.8B,constrained_direct,imp,imp:while_loop,3,0.0,0.0,0.0,0.0,0.0,66.67,33.33,0.0,0.0,11.0,0.65
local,Qwen/Qwen3.5-0.8B,constrained_direct,stlc,stlc:logic_application,2,0.0,0.0,0.0,0.0,0.0,100.0,0.0,0.0,0.0,58.5,2.77
local,Qwen/Qwen3.5-0.8B,constrained_direct,stlc,stlc:logic_argument_order,1,0.0,0.0,0.0,0.0,0.0,0.0,100.0,0.0,0.0,7.0,0.42
local,Qwen/Qwen3.5-0.8B,constrained_direct,stlc,stlc:logic_choice,2,0.0,0.0,0.0,0.0,0.0,0.0,100.0,0.0,0.0,7.0,0.42
local,Qwen/Qwen3.5-0.8B,constrained_direct,stlc,stlc:logic_composition,6,0.0,0.0,0.0,0.0,0.0,50.0,50.0,0.0,0.0,18.0,0.92
local,Qwen/Qwen3.5-0.8B,constrained_direct,stlc,stlc:logic_continuation,1,0.0,0.0,0.0,0.0,0.0,100.0,0.0,0.0,0.0,63.0,3.99
local,Qwen/Qwen3.5-0.8B,constrained_direct,stlc,stlc:logic_contraction,2,0.0,0.0,0.0,0.0,0.0,50.0,50.0,0.0,0.0,67.5,3.79
local,Qwen/Qwen3.5-0.8B,constrained_direct,stlc,stlc:logic_elimination,1,0.0,0.0,0.0,0.0,0.0,0.0,100.0,0.0,0.0,14.0,0.67
local,Qwen/Qwen3.5-0.8B,constrained_direct,stlc,stlc:logic_eta,1,0.0,0.0,0.0,0.0,0.0,0.0,100.0,0.0,0.0,12.0,0.6
local,Qwen/Qwen3.5-0.8B,constrained_direct,stlc,stlc:logic_function_result,1,0.0,0.0,0.0,0.0,0.0,0.0,100.0,0.0,0.0,15.0,0.7
local,Qwen/Qwen3.5-0.8B,constrained_direct,stlc,stlc:logic_higher_order,3,0.0,0.0,0.0,0.0,0.0,33.33,66.67,0.0,0.0,6.67,0.41
local,Qwen/Qwen3.5-0.8B,constrained_direct,stlc,stlc:logic_identity,2,0.0,0.0,0.0,0.0,0.0,100.0,0.0,0.0,0.0,32.0,1.3
local,Qwen/Qwen3.5-0.8B,constrained_direct,stlc,stlc:logic_modus_ponens,2,0.0,100.0,100.0,0.0,0.0,0.0,0.0,0.0,0.0,7.0,0.42
local,Qwen/Qwen3.5-0.8B,constrained_direct,stlc,stlc:logic_pipeline,1,0.0,0.0,0.0,0.0,0.0,100.0,0.0,0.0,0.0,14.0,0.75
local,Qwen/Qwen3.5-0.8B,constrained_direct,stlc,stlc:logic_projection,1,0.0,0.0,0.0,0.0,0.0,0.0,100.0,0.0,0.0,14.0,0.66
local,Qwen/Qwen3.5-0.8B,constrained_direct,stlc,stlc:logic_repetition,2,0.0,0.0,0.0,0.0,0.0,50.0,50.0,0.0,0.0,14.0,0.7
local,Qwen/Qwen3.5-0.8B,constrained_direct,stlc,stlc:logic_substitution,2,0.0,0.0,0.0,0.0,0.0,0.0,100.0,0.0,0.0,16.5,0.83
local,Qwen/Qwen3.5-0.8B,constrained_direct,stlc,stlc:logic_weakening,3,0.0,0.0,0.0,0.0,0.0,0.0,100.0,0.0,0.0,15.67,0.73
local,Qwen/Qwen3.5-0.8B,constrained_mixed,fun,fun:boolean,2,0.0,50.0,50.0,0.0,0.0,50.0,0.0,0.0,0.0,13.5,1.13
local,Qwen/Qwen3.5-0.8B,constrained_mixed,fun,fun:function,4,0.0,0.0,0.0,0.0,0.0,25.0,75.0,0.0,0.0,68.5,11.01
local,Qwen/Qwen3.5-0.8B,constrained_mixed,fun,fun:function_application,4,0.0,25.0,25.0,0.0,0.0,75.0,0.0,0.0,0.0,84.75,9.41
local,Qwen/Qwen3.5-0.8B,constrained_mixed,fun,fun:function_arithmetic,12,0.0,0.0,0.0,0.0,0.0,83.33,16.67,0.0,0.0,71.42,16.6
local,Qwen/Qwen3.5-0.8B,constrained_mixed,fun,fun:function_closure,2,0.0,0.0,0.0,0.0,0.0,100.0,0.0,0.0,0.0,14.5,10.53
local,Qwen/Qwen3.5-0.8B,constrained_mixed,fun,fun:function_composition,2,0.0,0.0,0.0,0.0,0.0,100.0,0.0,0.0,0.0,113.5,5.78
local,Qwen/Qwen3.5-0.8B,constrained_mixed,fun,fun:function_constant,1,0.0,0.0,0.0,0.0,0.0,100.0,0.0,0.0,0.0,97.0,5.33
local,Qwen/Qwen3.5-0.8B,constrained_mixed,fun,fun:function_float,4,0.0,0.0,0.0,0.0,0.0,100.0,0.0,0.0,0.0,44.5,2.91
local,Qwen/Qwen3.5-0.8B,constrained_mixed,fun,fun:function_higher_order,2,0.0,0.0,0.0,0.0,0.0,100.0,0.0,0.0,0.0,110.5,172.36
local,Qwen/Qwen3.5-0.8B,constrained_mixed,imp,imp:arithmetic,2,0.0,50.0,50.0,0.0,0.0,0.0,50.0,0.0,0.0,14.5,1.18
local,Qwen/Qwen3.5-0.8B,constrained_mixed,imp,imp:assignment,3,0.0,0.0,0.0,0.0,0.0,33.33,66.67,0.0,0.0,38.67,2.03
local,Qwen/Qwen3.5-0.8B,constrained_mixed,imp,imp:boolean,2,0.0,0.0,0.0,0.0,0.0,100.0,0.0,0.0,0.0,75.5,3.69
local,Qwen/Qwen3.5-0.8B,constrained_mixed,imp,imp:branching,6,0.0,0.0,0.0,0.0,0.0,83.33,16.67,0.0,0.0,37.17,2.3
local,Qwen/Qwen3.5-0.8B,constrained_mixed,imp,imp:loops,4,0.0,25.0,25.0,0.0,0.0,25.0,50.0,0.0,0.0,41.5,2.11
local,Qwen/Qwen3.5-0.8B,constrained_mixed,imp,imp:mixed_control,2,0.0,0.0,0.0,0.0,0.0,50.0,50.0,0.0,0.0,46.0,2.35
local,Qwen/Qwen3.5-0.8B,constrained_mixed,imp,imp:nested_branching,3,0.0,0.0,0.0,0.0,0.0,66.67,33.33,0.0,0.0,75.33,4.08
local,Qwen/Qwen3.5-0.8B,constrained_mixed,imp,imp:sequence,3,0.0,0.0,0.0,0.0,0.0,33.33,66.67,0.0,0.0,11.0,1.05
local,Qwen/Qwen3.5-0.8B,constrained_mixed,imp,imp:while_loop,3,0.0,0.0,0.0,0.0,0.0,33.33,66.67,0.0,0.0,30.0,1.71
local,Qwen/Qwen3.5-0.8B,constrained_mixed,stlc,stlc:logic_application,2,0.0,0.0,0.0,0.0,0.0,100.0,0.0,0.0,0.0,56.0,3.07
local,Qwen/Qwen3.5-0.8B,constrained_mixed,stlc,stlc:logic_argument_order,1,0.0,0.0,0.0,0.0,0.0,100.0,0.0,0.0,0.0,31.0,1.73
local,Qwen/Qwen3.5-0.8B,constrained_mixed,stlc,stlc:logic_choice,2,0.0,0.0,0.0,0.0,0.0,0.0,100.0,0.0,0.0,8.0,0.72
local,Qwen/Qwen3.5-0.8B,constrained_mixed,stlc,stlc:logic_composition,6,0.0,0.0,0.0,0.0,0.0,100.0,0.0,0.0,0.0,66.67,4.41
local,Qwen/Qwen3.5-0.8B,constrained_mixed,stlc,stlc:logic_continuation,1,0.0,0.0,0.0,0.0,0.0,100.0,0.0,0.0,0.0,30.0,1.62
local,Qwen/Qwen3.5-0.8B,constrained_mixed,stlc,stlc:logic_contraction,2,0.0,0.0,0.0,0.0,0.0,0.0,100.0,0.0,0.0,13.0,0.95
local,Qwen/Qwen3.5-0.8B,constrained_mixed,stlc,stlc:logic_elimination,1,0.0,0.0,0.0,0.0,0.0,100.0,0.0,0.0,0.0,40.0,2.08
local,Qwen/Qwen3.5-0.8B,constrained_mixed,stlc,stlc:logic_eta,1,0.0,100.0,100.0,0.0,0.0,0.0,0.0,0.0,0.0,9.0,0.76
local,Qwen/Qwen3.5-0.8B,constrained_mixed,stlc,stlc:logic_function_result,1,0.0,0.0,0.0,0.0,0.0,0.0,100.0,0.0,0.0,13.0,0.89
local,Qwen/Qwen3.5-0.8B,constrained_mixed,stlc,stlc:logic_higher_order,3,0.0,0.0,0.0,0.0,0.0,33.33,66.67,0.0,0.0,8.67,0.77
local,Qwen/Qwen3.5-0.8B,constrained_mixed,stlc,stlc:logic_identity,2,0.0,0.0,0.0,0.0,0.0,50.0,50.0,0.0,0.0,23.0,1.37
local,Qwen/Qwen3.5-0.8B,constrained_mixed,stlc,stlc:logic_modus_ponens,2,0.0,100.0,100.0,0.0,0.0,0.0,0.0,0.0,0.0,8.5,0.73
local,Qwen/Qwen3.5-0.8B,constrained_mixed,stlc,stlc:logic_pipeline,1,0.0,0.0,0.0,0.0,0.0,100.0,0.0,0.0,0.0,22.0,1.42
local,Qwen/Qwen3.5-0.8B,constrained_mixed,stlc,stlc:logic_projection,1,0.0,0.0,0.0,0.0,0.0,0.0,100.0,0.0,0.0,14.0,0.99
local,Qwen/Qwen3.5-0.8B,constrained_mixed,stlc,stlc:logic_repetition,2,0.0,0.0,0.0,0.0,0.0,100.0,0.0,0.0,0.0,62.0,3.18
local,Qwen/Qwen3.5-0.8B,constrained_mixed,stlc,stlc:logic_substitution,2,0.0,0.0,0.0,0.0,0.0,50.0,50.0,0.0,0.0,19.5,1.35
local,Qwen/Qwen3.5-0.8B,constrained_mixed,stlc,stlc:logic_weakening,3,0.0,0.0,0.0,0.0,0.0,0.0,100.0,0.0,0.0,11.67,0.9
local,Qwen/Qwen3.5-0.8B,unconstrained,fun,fun:boolean,2,0.0,0.0,0.0,0.0,100.0,0.0,0.0,0.0,0.0,51.5,1.82
local,Qwen/Qwen3.5-0.8B,unconstrained,fun,fun:function,4,0.0,0.0,0.0,0.0,100.0,0.0,0.0,0.0,0.0,124.0,4.14
local,Qwen/Qwen3.5-0.8B,unconstrained,fun,fun:function_application,4,0.0,0.0,0.0,0.0,100.0,0.0,0.0,0.0,0.0,132.0,4.4
local,Qwen/Qwen3.5-0.8B,unconstrained,fun,fun:function_arithmetic,12,0.0,0.0,0.0,0.0,83.33,0.0,16.67,0.0,0.0,93.92,3.18
local,Qwen/Qwen3.5-0.8B,unconstrained,fun,fun:function_closure,2,0.0,0.0,0.0,0.0,50.0,0.0,50.0,0.0,0.0,208.0,6.85
local,Qwen/Qwen3.5-0.8B,unconstrained,fun,fun:function_composition,2,0.0,0.0,0.0,0.0,100.0,0.0,0.0,0.0,0.0,79.5,2.74
local,Qwen/Qwen3.5-0.8B,unconstrained,fun,fun:function_constant,1,0.0,0.0,0.0,0.0,100.0,0.0,0.0,0.0,0.0,37.0,1.36
local,Qwen/Qwen3.5-0.8B,unconstrained,fun,fun:function_float,4,0.0,0.0,0.0,0.0,75.0,0.0,25.0,0.0,0.0,109.25,3.67
local,Qwen/Qwen3.5-0.8B,unconstrained,fun,fun:function_higher_order,2,0.0,0.0,0.0,0.0,100.0,0.0,0.0,0.0,0.0,104.5,3.51
local,Qwen/Qwen3.5-0.8B,unconstrained,imp,imp:arithmetic,2,0.0,0.0,0.0,0.0,100.0,0.0,0.0,0.0,0.0,80.0,2.71
local,Qwen/Qwen3.5-0.8B,unconstrained,imp,imp:assignment,3,0.0,0.0,0.0,0.0,100.0,0.0,0.0,0.0,0.0,65.67,2.26
local,Qwen/Qwen3.5-0.8B,unconstrained,imp,imp:boolean,2,0.0,0.0,0.0,0.0,50.0,0.0,50.0,0.0,0.0,60.5,2.1
local,Qwen/Qwen3.5-0.8B,unconstrained,imp,imp:branching,6,0.0,0.0,0.0,0.0,83.33,0.0,16.67,0.0,0.0,117.83,3.94
local,Qwen/Qwen3.5-0.8B,unconstrained,imp,imp:loops,4,0.0,0.0,0.0,0.0,100.0,0.0,0.0,0.0,0.0,172.0,5.68
local,Qwen/Qwen3.5-0.8B,unconstrained,imp,imp:mixed_control,2,0.0,0.0,0.0,0.0,100.0,0.0,0.0,0.0,0.0,192.0,6.33
local,Qwen/Qwen3.5-0.8B,unconstrained,imp,imp:nested_branching,3,0.0,0.0,0.0,0.0,66.67,0.0,33.33,0.0,0.0,146.33,4.86
local,Qwen/Qwen3.5-0.8B,unconstrained,imp,imp:sequence,3,0.0,0.0,0.0,0.0,100.0,0.0,0.0,0.0,0.0,84.0,2.85
local,Qwen/Qwen3.5-0.8B,unconstrained,imp,imp:while_loop,3,0.0,0.0,0.0,0.0,66.67,0.0,33.33,0.0,0.0,81.67,2.78
local,Qwen/Qwen3.5-0.8B,unconstrained,stlc,stlc:logic_application,2,0.0,0.0,0.0,0.0,100.0,0.0,0.0,0.0,0.0,116.0,3.88
local,Qwen/Qwen3.5-0.8B,unconstrained,stlc,stlc:logic_argument_order,1,0.0,0.0,0.0,0.0,100.0,0.0,0.0,0.0,0.0,37.0,1.36
local,Qwen/Qwen3.5-0.8B,unconstrained,stlc,stlc:logic_choice,2,0.0,0.0,0.0,0.0,0.0,0.0,100.0,0.0,0.0,7.0,0.4
local,Qwen/Qwen3.5-0.8B,unconstrained,stlc,stlc:logic_composition,6,0.0,0.0,0.0,0.0,83.33,0.0,16.67,0.0,0.0,98.83,3.33
local,Qwen/Qwen3.5-0.8B,unconstrained,stlc,stlc:logic_continuation,1,0.0,0.0,0.0,0.0,100.0,0.0,0.0,0.0,0.0,96.0,3.24
local,Qwen/Qwen3.5-0.8B,unconstrained,stlc,stlc:logic_contraction,2,0.0,0.0,0.0,0.0,100.0,0.0,0.0,0.0,0.0,57.5,2.01
local,Qwen/Qwen3.5-0.8B,unconstrained,stlc,stlc:logic_elimination,1,0.0,0.0,0.0,0.0,100.0,0.0,0.0,0.0,0.0,72.0,2.46
local,Qwen/Qwen3.5-0.8B,unconstrained,stlc,stlc:logic_eta,1,0.0,0.0,0.0,0.0,100.0,0.0,0.0,0.0,0.0,64.0,2.2
local,Qwen/Qwen3.5-0.8B,unconstrained,stlc,stlc:logic_function_result,1,0.0,0.0,0.0,0.0,100.0,0.0,0.0,0.0,0.0,56.0,1.94
local,Qwen/Qwen3.5-0.8B,unconstrained,stlc,stlc:logic_higher_order,3,0.0,0.0,0.0,0.0,66.67,0.0,33.33,0.0,0.0,29.0,1.08
local,Qwen/Qwen3.5-0.8B,unconstrained,stlc,stlc:logic_identity,2,0.0,0.0,0.0,0.0,100.0,0.0,0.0,0.0,0.0,22.0,0.86
local,Qwen/Qwen3.5-0.8B,unconstrained,stlc,stlc:logic_modus_ponens,2,50.0,50.0,50.0,0.0,50.0,0.0,0.0,0.0,0.0,35.5,1.3
local,Qwen/Qwen3.5-0.8B,unconstrained,stlc,stlc:logic_pipeline,1,0.0,0.0,0.0,0.0,100.0,0.0,0.0,0.0,0.0,104.0,3.49
local,Qwen/Qwen3.5-0.8B,unconstrained,stlc,stlc:logic_projection,1,0.0,0.0,0.0,0.0,100.0,0.0,0.0,0.0,0.0,72.0,2.46
local,Qwen/Qwen3.5-0.8B,unconstrained,stlc,stlc:logic_repetition,2,0.0,0.0,0.0,0.0,100.0,0.0,0.0,0.0,0.0,80.0,2.72
local,Qwen/Qwen3.5-0.8B,unconstrained,stlc,stlc:logic_substitution,2,0.0,0.0,0.0,0.0,100.0,0.0,0.0,0.0,0.0,53.5,1.93
local,Qwen/Qwen3.5-0.8B,unconstrained,stlc,stlc:logic_weakening,3,0.0,0.0,0.0,0.0,33.33,0.0,66.67,0.0,0.0,31.33,1.17
local,Qwen/Qwen3.5-1.5B,constrained_direct,fun,fun:boolean,2,0.0,0.0,0.0,0.0,0.0,0.0,0.0,0.0,100.0,0.0,0.0
local,Qwen/Qwen3.5-1.5B,constrained_direct,fun,fun:function,4,0.0,0.0,0.0,0.0,0.0,0.0,0.0,0.0,100.0,0.0,0.0
local,Qwen/Qwen3.5-1.5B,constrained_direct,fun,fun:function_application,4,0.0,0.0,0.0,0.0,0.0,0.0,0.0,0.0,100.0,0.0,0.0
local,Qwen/Qwen3.5-1.5B,constrained_direct,fun,fun:function_arithmetic,12,0.0,0.0,0.0,0.0,0.0,0.0,0.0,0.0,100.0,0.0,0.0
local,Qwen/Qwen3.5-1.5B,constrained_direct,fun,fun:function_closure,2,0.0,0.0,0.0,0.0,0.0,0.0,0.0,0.0,100.0,0.0,0.0
local,Qwen/Qwen3.5-1.5B,constrained_direct,fun,fun:function_composition,2,0.0,0.0,0.0,0.0,0.0,0.0,0.0,0.0,100.0,0.0,0.0
local,Qwen/Qwen3.5-1.5B,constrained_direct,fun,fun:function_constant,1,0.0,0.0,0.0,0.0,0.0,0.0,0.0,0.0,100.0,0.0,0.0
local,Qwen/Qwen3.5-1.5B,constrained_direct,fun,fun:function_float,4,0.0,0.0,0.0,0.0,0.0,0.0,0.0,0.0,100.0,0.0,0.0
local,Qwen/Qwen3.5-1.5B,constrained_direct,fun,fun:function_higher_order,2,0.0,0.0,0.0,0.0,0.0,0.0,0.0,0.0,100.0,0.0,0.0
local,Qwen/Qwen3.5-1.5B,constrained_direct,imp,imp:arithmetic,2,0.0,0.0,0.0,0.0,0.0,0.0,0.0,0.0,100.0,0.0,0.0
local,Qwen/Qwen3.5-1.5B,constrained_direct,imp,imp:assignment,3,0.0,0.0,0.0,0.0,0.0,0.0,0.0,0.0,100.0,0.0,0.0
local,Qwen/Qwen3.5-1.5B,constrained_direct,imp,imp:boolean,2,0.0,0.0,0.0,0.0,0.0,0.0,0.0,0.0,100.0,0.0,0.0
local,Qwen/Qwen3.5-1.5B,constrained_direct,imp,imp:branching,6,0.0,0.0,0.0,0.0,0.0,0.0,0.0,0.0,100.0,0.0,0.0
local,Qwen/Qwen3.5-1.5B,constrained_direct,imp,imp:loops,4,0.0,0.0,0.0,0.0,0.0,0.0,0.0,0.0,100.0,0.0,0.0
local,Qwen/Qwen3.5-1.5B,constrained_direct,imp,imp:mixed_control,2,0.0,0.0,0.0,0.0,0.0,0.0,0.0,0.0,100.0,0.0,0.0
local,Qwen/Qwen3.5-1.5B,constrained_direct,imp,imp:nested_branching,3,0.0,0.0,0.0,0.0,0.0,0.0,0.0,0.0,100.0,0.0,0.0
local,Qwen/Qwen3.5-1.5B,constrained_direct,imp,imp:sequence,3,0.0,0.0,0.0,0.0,0.0,0.0,0.0,0.0,100.0,0.0,0.0
local,Qwen/Qwen3.5-1.5B,constrained_direct,imp,imp:while_loop,3,0.0,0.0,0.0,0.0,0.0,0.0,0.0,0.0,100.0,0.0,0.0
local,Qwen/Qwen3.5-1.5B,constrained_direct,stlc,stlc:logic_application,2,0.0,0.0,0.0,0.0,0.0,0.0,0.0,0.0,100.0,0.0,0.0
local,Qwen/Qwen3.5-1.5B,constrained_direct,stlc,stlc:logic_argument_order,1,0.0,0.0,0.0,0.0,0.0,0.0,0.0,0.0,100.0,0.0,0.0
local,Qwen/Qwen3.5-1.5B,constrained_direct,stlc,stlc:logic_choice,2,0.0,0.0,0.0,0.0,0.0,0.0,0.0,0.0,100.0,0.0,0.0
local,Qwen/Qwen3.5-1.5B,constrained_direct,stlc,stlc:logic_composition,6,0.0,0.0,0.0,0.0,0.0,0.0,0.0,0.0,100.0,0.0,0.0
local,Qwen/Qwen3.5-1.5B,constrained_direct,stlc,stlc:logic_continuation,1,0.0,0.0,0.0,0.0,0.0,0.0,0.0,0.0,100.0,0.0,0.0
local,Qwen/Qwen3.5-1.5B,constrained_direct,stlc,stlc:logic_contraction,2,0.0,0.0,0.0,0.0,0.0,0.0,0.0,0.0,100.0,0.0,0.0
local,Qwen/Qwen3.5-1.5B,constrained_direct,stlc,stlc:logic_elimination,1,0.0,0.0,0.0,0.0,0.0,0.0,0.0,0.0,100.0,0.0,0.0
local,Qwen/Qwen3.5-1.5B,constrained_direct,stlc,stlc:logic_eta,1,0.0,0.0,0.0,0.0,0.0,0.0,0.0,0.0,100.0,0.0,0.0
local,Qwen/Qwen3.5-1.5B,constrained_direct,stlc,stlc:logic_function_result,1,0.0,0.0,0.0,0.0,0.0,0.0,0.0,0.0,100.0,0.0,0.0
local,Qwen/Qwen3.5-1.5B,constrained_direct,stlc,stlc:logic_higher_order,3,0.0,0.0,0.0,0.0,0.0,0.0,0.0,0.0,100.0,0.0,0.0
local,Qwen/Qwen3.5-1.5B,constrained_direct,stlc,stlc:logic_identity,2,0.0,0.0,0.0,0.0,0.0,0.0,0.0,0.0,100.0,0.0,0.0
local,Qwen/Qwen3.5-1.5B,constrained_direct,stlc,stlc:logic_modus_ponens,2,0.0,0.0,0.0,0.0,0.0,0.0,0.0,0.0,100.0,0.0,0.0
local,Qwen/Qwen3.5-1.5B,constrained_direct,stlc,stlc:logic_pipeline,1,0.0,0.0,0.0,0.0,0.0,0.0,0.0,0.0,100.0,0.0,0.0
local,Qwen/Qwen3.5-1.5B,constrained_direct,stlc,stlc:logic_projection,1,0.0,0.0,0.0,0.0,0.0,0.0,0.0,0.0,100.0,0.0,0.0
local,Qwen/Qwen3.5-1.5B,constrained_direct,stlc,stlc:logic_repetition,2,0.0,0.0,0.0,0.0,0.0,0.0,0.0,0.0,100.0,0.0,0.0
local,Qwen/Qwen3.5-1.5B,constrained_direct,stlc,stlc:logic_substitution,2,0.0,0.0,0.0,0.0,0.0,0.0,0.0,0.0,100.0,0.0,0.0
local,Qwen/Qwen3.5-1.5B,constrained_direct,stlc,stlc:logic_weakening,3,0.0,0.0,0.0,0.0,0.0,0.0,0.0,0.0,100.0,0.0,0.0
local,Qwen/Qwen3.5-1.5B,constrained_mixed,fun,fun:boolean,2,0.0,0.0,0.0,0.0,0.0,0.0,0.0,0.0,100.0,0.0,0.0
local,Qwen/Qwen3.5-1.5B,constrained_mixed,fun,fun:function,4,0.0,0.0,0.0,0.0,0.0,0.0,0.0,0.0,100.0,0.0,0.0
local,Qwen/Qwen3.5-1.5B,constrained_mixed,fun,fun:function_application,4,0.0,0.0,0.0,0.0,0.0,0.0,0.0,0.0,100.0,0.0,0.0
local,Qwen/Qwen3.5-1.5B,constrained_mixed,fun,fun:function_arithmetic,12,0.0,0.0,0.0,0.0,0.0,0.0,0.0,0.0,100.0,0.0,0.0
local,Qwen/Qwen3.5-1.5B,constrained_mixed,fun,fun:function_closure,2,0.0,0.0,0.0,0.0,0.0,0.0,0.0,0.0,100.0,0.0,0.0
local,Qwen/Qwen3.5-1.5B,constrained_mixed,fun,fun:function_composition,2,0.0,0.0,0.0,0.0,0.0,0.0,0.0,0.0,100.0,0.0,0.0
local,Qwen/Qwen3.5-1.5B,constrained_mixed,fun,fun:function_constant,1,0.0,0.0,0.0,0.0,0.0,0.0,0.0,0.0,100.0,0.0,0.0
local,Qwen/Qwen3.5-1.5B,constrained_mixed,fun,fun:function_float,4,0.0,0.0,0.0,0.0,0.0,0.0,0.0,0.0,100.0,0.0,0.0
local,Qwen/Qwen3.5-1.5B,constrained_mixed,fun,fun:function_higher_order,2,0.0,0.0,0.0,0.0,0.0,0.0,0.0,0.0,100.0,0.0,0.0
local,Qwen/Qwen3.5-1.5B,constrained_mixed,imp,imp:arithmetic,2,0.0,0.0,0.0,0.0,0.0,0.0,0.0,0.0,100.0,0.0,0.0
local,Qwen/Qwen3.5-1.5B,constrained_mixed,imp,imp:assignment,3,0.0,0.0,0.0,0.0,0.0,0.0,0.0,0.0,100.0,0.0,0.0
local,Qwen/Qwen3.5-1.5B,constrained_mixed,imp,imp:boolean,2,0.0,0.0,0.0,0.0,0.0,0.0,0.0,0.0,100.0,0.0,0.0
local,Qwen/Qwen3.5-1.5B,constrained_mixed,imp,imp:branching,6,0.0,0.0,0.0,0.0,0.0,0.0,0.0,0.0,100.0,0.0,0.0
local,Qwen/Qwen3.5-1.5B,constrained_mixed,imp,imp:loops,4,0.0,0.0,0.0,0.0,0.0,0.0,0.0,0.0,100.0,0.0,0.0
local,Qwen/Qwen3.5-1.5B,constrained_mixed,imp,imp:mixed_control,2,0.0,0.0,0.0,0.0,0.0,0.0,0.0,0.0,100.0,0.0,0.0
local,Qwen/Qwen3.5-1.5B,constrained_mixed,imp,imp:nested_branching,3,0.0,0.0,0.0,0.0,0.0,0.0,0.0,0.0,100.0,0.0,0.0
local,Qwen/Qwen3.5-1.5B,constrained_mixed,imp,imp:sequence,3,0.0,0.0,0.0,0.0,0.0,0.0,0.0,0.0,100.0,0.0,0.0
local,Qwen/Qwen3.5-1.5B,constrained_mixed,imp,imp:while_loop,3,0.0,0.0,0.0,0.0,0.0,0.0,0.0,0.0,100.0,0.0,0.0
local,Qwen/Qwen3.5-1.5B,constrained_mixed,stlc,stlc:logic_application,2,0.0,0.0,0.0,0.0,0.0,0.0,0.0,0.0,100.0,0.0,0.0
local,Qwen/Qwen3.5-1.5B,constrained_mixed,stlc,stlc:logic_argument_order,1,0.0,0.0,0.0,0.0,0.0,0.0,0.0,0.0,100.0,0.0,0.0
local,Qwen/Qwen3.5-1.5B,constrained_mixed,stlc,stlc:logic_choice,2,0.0,0.0,0.0,0.0,0.0,0.0,0.0,0.0,100.0,0.0,0.0
local,Qwen/Qwen3.5-1.5B,constrained_mixed,stlc,stlc:logic_composition,6,0.0,0.0,0.0,0.0,0.0,0.0,0.0,0.0,100.0,0.0,0.0
local,Qwen/Qwen3.5-1.5B,constrained_mixed,stlc,stlc:logic_continuation,1,0.0,0.0,0.0,0.0,0.0,0.0,0.0,0.0,100.0,0.0,0.0
local,Qwen/Qwen3.5-1.5B,constrained_mixed,stlc,stlc:logic_contraction,2,0.0,0.0,0.0,0.0,0.0,0.0,0.0,0.0,100.0,0.0,0.0
local,Qwen/Qwen3.5-1.5B,constrained_mixed,stlc,stlc:logic_elimination,1,0.0,0.0,0.0,0.0,0.0,0.0,0.0,0.0,100.0,0.0,0.0
local,Qwen/Qwen3.5-1.5B,constrained_mixed,stlc,stlc:logic_eta,1,0.0,0.0,0.0,0.0,0.0,0.0,0.0,0.0,100.0,0.0,0.0
local,Qwen/Qwen3.5-1.5B,constrained_mixed,stlc,stlc:logic_function_result,1,0.0,0.0,0.0,0.0,0.0,0.0,0.0,0.0,100.0,0.0,0.0
local,Qwen/Qwen3.5-1.5B,constrained_mixed,stlc,stlc:logic_higher_order,3,0.0,0.0,0.0,0.0,0.0,0.0,0.0,0.0,100.0,0.0,0.0
local,Qwen/Qwen3.5-1.5B,constrained_mixed,stlc,stlc:logic_identity,2,0.0,0.0,0.0,0.0,0.0,0.0,0.0,0.0,100.0,0.0,0.0
local,Qwen/Qwen3.5-1.5B,constrained_mixed,stlc,stlc:logic_modus_ponens,2,0.0,0.0,0.0,0.0,0.0,0.0,0.0,0.0,100.0,0.0,0.0
local,Qwen/Qwen3.5-1.5B,constrained_mixed,stlc,stlc:logic_pipeline,1,0.0,0.0,0.0,0.0,0.0,0.0,0.0,0.0,100.0,0.0,0.0
local,Qwen/Qwen3.5-1.5B,constrained_mixed,stlc,stlc:logic_projection,1,0.0,0.0,0.0,0.0,0.0,0.0,0.0,0.0,100.0,0.0,0.0
local,Qwen/Qwen3.5-1.5B,constrained_mixed,stlc,stlc:logic_repetition,2,0.0,0.0,0.0,0.0,0.0,0.0,0.0,0.0,100.0,0.0,0.0
local,Qwen/Qwen3.5-1.5B,constrained_mixed,stlc,stlc:logic_substitution,2,0.0,0.0,0.0,0.0,0.0,0.0,0.0,0.0,100.0,0.0,0.0
local,Qwen/Qwen3.5-1.5B,constrained_mixed,stlc,stlc:logic_weakening,3,0.0,0.0,0.0,0.0,0.0,0.0,0.0,0.0,100.0,0.0,0.0
local,Qwen/Qwen3.5-1.5B,unconstrained,fun,fun:boolean,2,0.0,0.0,0.0,0.0,0.0,0.0,0.0,0.0,100.0,0.0,0.0
local,Qwen/Qwen3.5-1.5B,unconstrained,fun,fun:function,4,0.0,0.0,0.0,0.0,0.0,0.0,0.0,0.0,100.0,0.0,0.0
local,Qwen/Qwen3.5-1.5B,unconstrained,fun,fun:function_application,4,0.0,0.0,0.0,0.0,0.0,0.0,0.0,0.0,100.0,0.0,0.0
local,Qwen/Qwen3.5-1.5B,unconstrained,fun,fun:function_arithmetic,12,0.0,0.0,0.0,0.0,0.0,0.0,0.0,0.0,100.0,0.0,0.0
local,Qwen/Qwen3.5-1.5B,unconstrained,fun,fun:function_closure,2,0.0,0.0,0.0,0.0,0.0,0.0,0.0,0.0,100.0,0.0,0.0
local,Qwen/Qwen3.5-1.5B,unconstrained,fun,fun:function_composition,2,0.0,0.0,0.0,0.0,0.0,0.0,0.0,0.0,100.0,0.0,0.0
local,Qwen/Qwen3.5-1.5B,unconstrained,fun,fun:function_constant,1,0.0,0.0,0.0,0.0,0.0,0.0,0.0,0.0,100.0,0.0,0.0
local,Qwen/Qwen3.5-1.5B,unconstrained,fun,fun:function_float,4,0.0,0.0,0.0,0.0,0.0,0.0,0.0,0.0,100.0,0.0,0.0
local,Qwen/Qwen3.5-1.5B,unconstrained,fun,fun:function_higher_order,2,0.0,0.0,0.0,0.0,0.0,0.0,0.0,0.0,100.0,0.0,0.0
local,Qwen/Qwen3.5-1.5B,unconstrained,imp,imp:arithmetic,2,0.0,0.0,0.0,0.0,0.0,0.0,0.0,0.0,100.0,0.0,0.0
local,Qwen/Qwen3.5-1.5B,unconstrained,imp,imp:assignment,3,0.0,0.0,0.0,0.0,0.0,0.0,0.0,0.0,100.0,0.0,0.0
local,Qwen/Qwen3.5-1.5B,unconstrained,imp,imp:boolean,2,0.0,0.0,0.0,0.0,0.0,0.0,0.0,0.0,100.0,0.0,0.0
local,Qwen/Qwen3.5-1.5B,unconstrained,imp,imp:branching,6,0.0,0.0,0.0,0.0,0.0,0.0,0.0,0.0,100.0,0.0,0.0
local,Qwen/Qwen3.5-1.5B,unconstrained,imp,imp:loops,4,0.0,0.0,0.0,0.0,0.0,0.0,0.0,0.0,100.0,0.0,0.0
local,Qwen/Qwen3.5-1.5B,unconstrained,imp,imp:mixed_control,2,0.0,0.0,0.0,0.0,0.0,0.0,0.0,0.0,100.0,0.0,0.0
local,Qwen/Qwen3.5-1.5B,unconstrained,imp,imp:nested_branching,3,0.0,0.0,0.0,0.0,0.0,0.0,0.0,0.0,100.0,0.0,0.0
local,Qwen/Qwen3.5-1.5B,unconstrained,imp,imp:sequence,3,0.0,0.0,0.0,0.0,0.0,0.0,0.0,0.0,100.0,0.0,0.0
local,Qwen/Qwen3.5-1.5B,unconstrained,imp,imp:while_loop,3,0.0,0.0,0.0,0.0,0.0,0.0,0.0,0.0,100.0,0.0,0.0
local,Qwen/Qwen3.5-1.5B,unconstrained,stlc,stlc:logic_application,2,0.0,0.0,0.0,0.0,0.0,0.0,0.0,0.0,100.0,0.0,0.0
local,Qwen/Qwen3.5-1.5B,unconstrained,stlc,stlc:logic_argument_order,1,0.0,0.0,0.0,0.0,0.0,0.0,0.0,0.0,100.0,0.0,0.0
local,Qwen/Qwen3.5-1.5B,unconstrained,stlc,stlc:logic_choice,2,0.0,0.0,0.0,0.0,0.0,0.0,0.0,0.0,100.0,0.0,0.0
local,Qwen/Qwen3.5-1.5B,unconstrained,stlc,stlc:logic_composition,6,0.0,0.0,0.0,0.0,0.0,0.0,0.0,0.0,100.0,0.0,0.0
local,Qwen/Qwen3.5-1.5B,unconstrained,stlc,stlc:logic_continuation,1,0.0,0.0,0.0,0.0,0.0,0.0,0.0,0.0,100.0,0.0,0.0
local,Qwen/Qwen3.5-1.5B,unconstrained,stlc,stlc:logic_contraction,2,0.0,0.0,0.0,0.0,0.0,0.0,0.0,0.0,100.0,0.0,0.0
local,Qwen/Qwen3.5-1.5B,unconstrained,stlc,stlc:logic_elimination,1,0.0,0.0,0.0,0.0,0.0,0.0,0.0,0.0,100.0,0.0,0.0
local,Qwen/Qwen3.5-1.5B,unconstrained,stlc,stlc:logic_eta,1,0.0,0.0,0.0,0.0,0.0,0.0,0.0,0.0,100.0,0.0,0.0
local,Qwen/Qwen3.5-1.5B,unconstrained,stlc,stlc:logic_function_result,1,0.0,0.0,0.0,0.0,0.0,0.0,0.0,0.0,100.0,0.0,0.0
local,Qwen/Qwen3.5-1.5B,unconstrained,stlc,stlc:logic_higher_order,3,0.0,0.0,0.0,0.0,0.0,0.0,0.0,0.0,100.0,0.0,0.0
local,Qwen/Qwen3.5-1.5B,unconstrained,stlc,stlc:logic_identity,2,0.0,0.0,0.0,0.0,0.0,0.0,0.0,0.0,100.0,0.0,0.0
local,Qwen/Qwen3.5-1.5B,unconstrained,stlc,stlc:logic_modus_ponens,2,0.0,0.0,0.0,0.0,0.0,0.0,0.0,0.0,100.0,0.0,0.0
local,Qwen/Qwen3.5-1.5B,unconstrained,stlc,stlc:logic_pipeline,1,0.0,0.0,0.0,0.0,0.0,0.0,0.0,0.0,100.0,0.0,0.0
local,Qwen/Qwen3.5-1.5B,unconstrained,stlc,stlc:logic_projection,1,0.0,0.0,0.0,0.0,0.0,0.0,0.0,0.0,100.0,0.0,0.0
local,Qwen/Qwen3.5-1.5B,unconstrained,stlc,stlc:logic_repetition,2,0.0,0.0,0.0,0.0,0.0,0.0,0.0,0.0,100.0,0.0,0.0
local,Qwen/Qwen3.5-1.5B,unconstrained,stlc,stlc:logic_substitution,2,0.0,0.0,0.0,0.0,0.0,0.0,0.0,0.0,100.0,0.0,0.0
local,Qwen/Qwen3.5-1.5B,unconstrained,stlc,stlc:logic_weakening,3,0.0,0.0,0.0,0.0,0.0,0.0,0.0,0.0,100.0,0.0,0.0
local,Qwen/Qwen3.5-2B,constrained_direct,fun,fun:boolean,2,0.0,0.0,0.0,0.0,0.0,100.0,0.0,0.0,0.0,96.0,3.92
local,Qwen/Qwen3.5-2B,constrained_direct,fun,fun:function,4,0.0,0.0,0.0,0.0,0.0,100.0,0.0,0.0,0.0,29.75,10.64
local,Qwen/Qwen3.5-2B,constrained_direct,fun,fun:function_application,4,0.0,0.0,0.0,0.0,0.0,100.0,0.0,0.0,0.0,99.25,5.48
local,Qwen/Qwen3.5-2B,constrained_direct,fun,fun:function_arithmetic,12,0.0,0.0,0.0,0.0,0.0,100.0,0.0,0.0,0.0,71.67,20.92
local,Qwen/Qwen3.5-2B,constrained_direct,fun,fun:function_closure,2,0.0,0.0,0.0,0.0,0.0,100.0,0.0,0.0,0.0,208.0,20.13
local,Qwen/Qwen3.5-2B,constrained_direct,fun,fun:function_composition,2,0.0,0.0,0.0,0.0,0.0,100.0,0.0,0.0,0.0,1.0,0.39
local,Qwen/Qwen3.5-2B,constrained_direct,fun,fun:function_constant,1,0.0,0.0,0.0,0.0,0.0,100.0,0.0,0.0,0.0,40.0,1.87
local,Qwen/Qwen3.5-2B,constrained_direct,fun,fun:function_float,4,0.0,0.0,0.0,0.0,0.0,100.0,0.0,0.0,0.0,12.5,0.79
local,Qwen/Qwen3.5-2B,constrained_direct,fun,fun:function_higher_order,2,0.0,0.0,0.0,0.0,0.0,100.0,0.0,0.0,0.0,1.0,0.36
local,Qwen/Qwen3.5-2B,constrained_direct,imp,imp:arithmetic,2,0.0,50.0,50.0,0.0,0.0,50.0,0.0,0.0,0.0,10.5,1.2
local,Qwen/Qwen3.5-2B,constrained_direct,imp,imp:assignment,3,0.0,0.0,0.0,0.0,0.0,33.33,66.67,0.0,0.0,19.67,1.34
local,Qwen/Qwen3.5-2B,constrained_direct,imp,imp:boolean,2,0.0,0.0,0.0,0.0,0.0,100.0,0.0,0.0,0.0,13.5,0.81
local,Qwen/Qwen3.5-2B,constrained_direct,imp,imp:branching,6,0.0,0.0,0.0,0.0,0.0,100.0,0.0,0.0,0.0,22.0,1.14
local,Qwen/Qwen3.5-2B,constrained_direct,imp,imp:loops,4,0.0,0.0,0.0,0.0,0.0,100.0,0.0,0.0,0.0,43.0,3.08
local,Qwen/Qwen3.5-2B,constrained_direct,imp,imp:mixed_control,2,0.0,0.0,0.0,0.0,0.0,100.0,0.0,0.0,0.0,98.0,5.05
local,Qwen/Qwen3.5-2B,constrained_direct,imp,imp:nested_branching,3,0.0,0.0,0.0,0.0,0.0,66.67,33.33,0.0,0.0,78.0,3.73
local,Qwen/Qwen3.5-2B,constrained_direct,imp,imp:sequence,3,0.0,0.0,0.0,0.0,0.0,100.0,0.0,0.0,0.0,68.0,3.6
local,Qwen/Qwen3.5-2B,constrained_direct,imp,imp:while_loop,3,0.0,0.0,0.0,0.0,0.0,66.67,33.33,0.0,0.0,48.0,2.22
local,Qwen/Qwen3.5-2B,constrained_direct,stlc,stlc:logic_application,2,0.0,0.0,0.0,0.0,0.0,100.0,0.0,0.0,0.0,26.5,1.5
local,Qwen/Qwen3.5-2B,constrained_direct,stlc,stlc:logic_argument_order,1,0.0,0.0,0.0,0.0,0.0,0.0,100.0,0.0,0.0,7.0,0.43
local,Qwen/Qwen3.5-2B,constrained_direct,stlc,stlc:logic_choice,2,0.0,0.0,0.0,0.0,0.0,0.0,100.0,0.0,0.0,7.0,0.43
local,Qwen/Qwen3.5-2B,constrained_direct,stlc,stlc:logic_composition,6,0.0,0.0,0.0,0.0,0.0,100.0,0.0,0.0,0.0,46.5,3.29
local,Qwen/Qwen3.5-2B,constrained_direct,stlc,stlc:logic_continuation,1,0.0,0.0,0.0,0.0,0.0,100.0,0.0,0.0,0.0,96.0,5.13
local,Qwen/Qwen3.5-2B,constrained_direct,stlc,stlc:logic_contraction,2,0.0,0.0,0.0,0.0,0.0,50.0,50.0,0.0,0.0,67.5,5.28
local,Qwen/Qwen3.5-2B,constrained_direct,stlc,stlc:logic_elimination,1,0.0,0.0,0.0,0.0,0.0,100.0,0.0,0.0,0.0,72.0,3.2
local,Qwen/Qwen3.5-2B,constrained_direct,stlc,stlc:logic_eta,1,0.0,100.0,100.0,0.0,0.0,0.0,0.0,0.0,0.0,6.0,0.39
local,Qwen/Qwen3.5-2B,constrained_direct,stlc,stlc:logic_function_result,1,0.0,0.0,0.0,0.0,0.0,0.0,100.0,0.0,0.0,10.0,0.55
local,Qwen/Qwen3.5-2B,constrained_direct,stlc,stlc:logic_higher_order,3,0.0,0.0,0.0,0.0,0.0,33.33,66.67,0.0,0.0,5.33,0.37
local,Qwen/Qwen3.5-2B,constrained_direct,stlc,stlc:logic_identity,2,0.0,0.0,0.0,0.0,0.0,0.0,100.0,0.0,0.0,7.5,0.44
local,Qwen/Qwen3.5-2B,constrained_direct,stlc,stlc:logic_modus_ponens,2,0.0,50.0,50.0,0.0,0.0,50.0,0.0,0.0,0.0,7.0,0.44
local,Qwen/Qwen3.5-2B,constrained_direct,stlc,stlc:logic_pipeline,1,0.0,0.0,0.0,0.0,0.0,100.0,0.0,0.0,0.0,19.0,3.67
local,Qwen/Qwen3.5-2B,constrained_direct,stlc,stlc:logic_projection,1,0.0,0.0,0.0,0.0,0.0,0.0,100.0,0.0,0.0,15.0,0.72
local,Qwen/Qwen3.5-2B,constrained_direct,stlc,stlc:logic_repetition,2,0.0,50.0,50.0,0.0,0.0,50.0,0.0,0.0,0.0,39.0,1.81
local,Qwen/Qwen3.5-2B,constrained_direct,stlc,stlc:logic_substitution,2,0.0,0.0,0.0,0.0,0.0,100.0,0.0,0.0,0.0,17.5,0.99
local,Qwen/Qwen3.5-2B,constrained_direct,stlc,stlc:logic_weakening,3,0.0,0.0,0.0,0.0,0.0,33.33,66.67,0.0,0.0,20.33,0.96
local,Qwen/Qwen3.5-2B,constrained_mixed,fun,fun:boolean,2,0.0,50.0,50.0,0.0,0.0,50.0,0.0,0.0,0.0,180.5,7.22
local,Qwen/Qwen3.5-2B,constrained_mixed,fun,fun:function,4,0.0,25.0,25.0,0.0,0.0,75.0,0.0,0.0,0.0,211.0,11.59
local,Qwen/Qwen3.5-2B,constrained_mixed,fun,fun:function_application,4,0.0,0.0,0.0,0.0,0.0,100.0,0.0,0.0,0.0,192.5,10.0
local,Qwen/Qwen3.5-2B,constrained_mixed,fun,fun:function_arithmetic,12,0.0,0.0,0.0,0.0,0.0,100.0,0.0,0.0,0.0,172.42,26.71
local,Qwen/Qwen3.5-2B,constrained_mixed,fun,fun:function_closure,2,0.0,0.0,0.0,0.0,0.0,100.0,0.0,0.0,0.0,336.0,20.8
local,Qwen/Qwen3.5-2B,constrained_mixed,fun,fun:function_composition,2,0.0,0.0,0.0,0.0,0.0,100.0,0.0,0.0,0.0,242.0,15.65
local,Qwen/Qwen3.5-2B,constrained_mixed,fun,fun:function_constant,1,0.0,0.0,0.0,0.0,0.0,100.0,0.0,0.0,0.0,140.0,6.66
local,Qwen/Qwen3.5-2B,constrained_mixed,fun,fun:function_float,4,0.0,0.0,0.0,0.0,0.0,100.0,0.0,0.0,0.0,202.25,14.55
local,Qwen/Qwen3.5-2B,constrained_mixed,fun,fun:function_higher_order,2,0.0,0.0,0.0,0.0,0.0,100.0,0.0,0.0,0.0,312.0,61.77
local,Qwen/Qwen3.5-2B,constrained_mixed,imp,imp:arithmetic,2,0.0,100.0,100.0,0.0,0.0,0.0,0.0,0.0,0.0,105.5,4.08
local,Qwen/Qwen3.5-2B,constrained_mixed,imp,imp:assignment,3,0.0,0.0,0.0,0.0,0.0,33.33,66.67,0.0,0.0,118.67,4.52
local,Qwen/Qwen3.5-2B,constrained_mixed,imp,imp:boolean,2,0.0,0.0,0.0,0.0,0.0,50.0,50.0,0.0,0.0,152.5,5.9
local,Qwen/Qwen3.5-2B,constrained_mixed,imp,imp:branching,6,0.0,0.0,0.0,0.0,0.0,33.33,66.67,0.0,0.0,154.17,6.03
local,Qwen/Qwen3.5-2B,constrained_mixed,imp,imp:loops,4,0.0,25.0,25.0,0.0,0.0,50.0,25.0,0.0,0.0,158.25,5.89
local,Qwen/Qwen3.5-2B,constrained_mixed,imp,imp:mixed_control,2,0.0,0.0,0.0,0.0,0.0,50.0,50.0,0.0,0.0,233.0,9.85
local,Qwen/Qwen3.5-2B,constrained_mixed,imp,imp:nested_branching,3,0.0,0.0,0.0,0.0,0.0,33.33,66.67,0.0,0.0,173.0,7.27
local,Qwen/Qwen3.5-2B,constrained_mixed,imp,imp:sequence,3,0.0,0.0,0.0,0.0,0.0,66.67,33.33,0.0,0.0,178.67,7.04
local,Qwen/Qwen3.5-2B,constrained_mixed,imp,imp:while_loop,3,0.0,33.33,33.33,0.0,0.0,0.0,66.67,0.0,0.0,124.0,4.69
local,Qwen/Qwen3.5-2B,constrained_mixed,stlc,stlc:logic_application,2,0.0,50.0,50.0,0.0,0.0,50.0,0.0,0.0,0.0,146.5,6.81
local,Qwen/Qwen3.5-2B,constrained_mixed,stlc,stlc:logic_argument_order,1,0.0,100.0,100.0,0.0,0.0,0.0,0.0,0.0,0.0,141.0,5.07
local,Qwen/Qwen3.5-2B,constrained_mixed,stlc,stlc:logic_choice,2,0.0,0.0,0.0,0.0,0.0,100.0,0.0,0.0,0.0,146.5,5.31
local,Qwen/Qwen3.5-2B,constrained_mixed,stlc,stlc:logic_composition,6,0.0,0.0,0.0,0.0,0.0,66.67,33.33,0.0,0.0,162.33,9.31
local,Qwen/Qwen3.5-2B,constrained_mixed,stlc,stlc:logic_continuation,1,0.0,0.0,0.0,0.0,0.0,0.0,100.0,0.0,0.0,134.0,4.87
local,Qwen/Qwen3.5-2B,constrained_mixed,stlc,stlc:logic_contraction,2,0.0,0.0,0.0,0.0,0.0,50.0,50.0,0.0,0.0,139.5,5.07
local,Qwen/Qwen3.5-2B,constrained_mixed,stlc,stlc:logic_elimination,1,0.0,0.0,0.0,0.0,0.0,100.0,0.0,0.0,0.0,141.0,5.11
local,Qwen/Qwen3.5-2B,constrained_mixed,stlc,stlc:logic_eta,1,0.0,0.0,0.0,0.0,0.0,100.0,0.0,0.0,0.0,139.0,5.03
local,Qwen/Qwen3.5-2B,constrained_mixed,stlc,stlc:logic_function_result,1,0.0,0.0,0.0,0.0,0.0,100.0,0.0,0.0,0.0,128.0,4.61
local,Qwen/Qwen3.5-2B,constrained_mixed,stlc,stlc:logic_higher_order,3,0.0,33.33,33.33,0.0,0.0,66.67,0.0,0.0,0.0,146.33,5.55
local,Qwen/Qwen3.5-2B,constrained_mixed,stlc,stlc:logic_identity,2,0.0,100.0,100.0,0.0,0.0,0.0,0.0,0.0,0.0,129.0,4.64
local,Qwen/Qwen3.5-2B,constrained_mixed,stlc,stlc:logic_modus_ponens,2,0.0,0.0,0.0,0.0,0.0,100.0,0.0,0.0,0.0,173.5,7.22
local,Qwen/Qwen3.5-2B,constrained_mixed,stlc,stlc:logic_pipeline,1,0.0,0.0,0.0,0.0,0.0,100.0,0.0,0.0,0.0,142.0,5.16
local,Qwen/Qwen3.5-2B,constrained_mixed,stlc,stlc:logic_projection,1,0.0,0.0,0.0,0.0,0.0,0.0,100.0,0.0,0.0,140.0,5.05
local,Qwen/Qwen3.5-2B,constrained_mixed,stlc,stlc:logic_repetition,2,0.0,0.0,0.0,0.0,0.0,100.0,0.0,0.0,0.0,172.0,6.55
local,Qwen/Qwen3.5-2B,constrained_mixed,stlc,stlc:logic_substitution,2,0.0,0.0,0.0,0.0,0.0,100.0,0.0,0.0,0.0,140.0,10.82
local,Qwen/Qwen3.5-2B,constrained_mixed,stlc,stlc:logic_weakening,3,0.0,66.67,66.67,0.0,0.0,33.33,0.0,0.0,0.0,136.67,4.92
local,Qwen/Qwen3.5-2B,unconstrained,fun,fun:boolean,2,0.0,0.0,0.0,0.0,50.0,0.0,50.0,0.0,0.0,96.0,3.3
local,Qwen/Qwen3.5-2B,unconstrained,fun,fun:function,4,0.0,25.0,25.0,0.0,75.0,0.0,0.0,0.0,0.0,112.0,3.83
local,Qwen/Qwen3.5-2B,unconstrained,fun,fun:function_application,4,0.0,0.0,0.0,0.0,0.0,0.0,100.0,0.0,0.0,132.0,4.5
local,Qwen/Qwen3.5-2B,unconstrained,fun,fun:function_arithmetic,12,8.33,8.33,8.33,0.0,41.67,0.0,50.0,0.0,0.0,110.83,3.8
local,Qwen/Qwen3.5-2B,unconstrained,fun,fun:function_closure,2,0.0,0.0,0.0,0.0,100.0,0.0,0.0,0.0,0.0,44.5,1.66
local,Qwen/Qwen3.5-2B,unconstrained,fun,fun:function_composition,2,0.0,0.0,0.0,0.0,50.0,0.0,50.0,0.0,0.0,208.0,6.97
local,Qwen/Qwen3.5-2B,unconstrained,fun,fun:function_constant,1,0.0,0.0,0.0,0.0,100.0,0.0,0.0,0.0,0.0,96.0,3.29
local,Qwen/Qwen3.5-2B,unconstrained,fun,fun:function_float,4,0.0,0.0,0.0,0.0,0.0,25.0,75.0,0.0,0.0,140.0,4.74
local,Qwen/Qwen3.5-2B,unconstrained,fun,fun:function_higher_order,2,0.0,0.0,0.0,0.0,50.0,0.0,50.0,0.0,0.0,184.0,6.19
local,Qwen/Qwen3.5-2B,unconstrained,imp,imp:arithmetic,2,0.0,0.0,0.0,0.0,100.0,0.0,0.0,0.0,0.0,60.5,2.14
local,Qwen/Qwen3.5-2B,unconstrained,imp,imp:assignment,3,33.33,33.33,33.33,0.0,33.33,0.0,33.33,0.0,0.0,44.67,1.63
local,Qwen/Qwen3.5-2B,unconstrained,imp,imp:boolean,2,0.0,0.0,0.0,0.0,100.0,0.0,0.0,0.0,0.0,80.0,2.77
local,Qwen/Qwen3.5-2B,unconstrained,imp,imp:branching,6,0.0,0.0,0.0,0.0,66.67,0.0,33.33,0.0,0.0,165.33,5.57
local,Qwen/Qwen3.5-2B,unconstrained,imp,imp:loops,4,0.0,0.0,0.0,0.0,100.0,0.0,0.0,0.0,0.0,172.0,5.77
local,Qwen/Qwen3.5-2B,unconstrained,imp,imp:mixed_control,2,0.0,0.0,0.0,0.0,50.0,0.0,50.0,0.0,0.0,151.0,5.11
local,Qwen/Qwen3.5-2B,unconstrained,imp,imp:nested_branching,3,0.0,0.0,0.0,0.0,66.67,0.0,33.33,0.0,0.0,172.33,5.8
local,Qwen/Qwen3.5-2B,unconstrained,imp,imp:sequence,3,0.0,0.0,0.0,0.0,100.0,0.0,0.0,0.0,0.0,109.33,3.73
local,Qwen/Qwen3.5-2B,unconstrained,imp,imp:while_loop,3,0.0,0.0,0.0,0.0,100.0,0.0,0.0,0.0,0.0,85.0,2.94
local,Qwen/Qwen3.5-2B,unconstrained,stlc,stlc:logic_application,2,0.0,0.0,0.0,0.0,50.0,0.0,50.0,0.0,0.0,116.0,3.93
local,Qwen/Qwen3.5-2B,unconstrained,stlc,stlc:logic_argument_order,1,0.0,0.0,0.0,0.0,100.0,0.0,0.0,0.0,0.0,96.0,3.28
local,Qwen/Qwen3.5-2B,unconstrained,stlc,stlc:logic_choice,2,0.0,0.0,0.0,0.0,50.0,0.0,50.0,0.0,0.0,80.0,2.75
local,Qwen/Qwen3.5-2B,unconstrained,stlc,stlc:logic_composition,6,0.0,16.67,16.67,0.0,66.67,0.0,16.67,0.0,0.0,109.33,3.72
local,Qwen/Qwen3.5-2B,unconstrained,stlc,stlc:logic_continuation,1,0.0,0.0,0.0,0.0,100.0,0.0,0.0,0.0,0.0,96.0,3.28
local,Qwen/Qwen3.5-2B,unconstrained,stlc,stlc:logic_contraction,2,0.0,50.0,50.0,0.0,50.0,0.0,0.0,0.0,0.0,93.5,3.21
local,Qwen/Qwen3.5-2B,unconstrained,stlc,stlc:logic_elimination,1,0.0,0.0,0.0,0.0,100.0,0.0,0.0,0.0,0.0,72.0,2.49
local,Qwen/Qwen3.5-2B,unconstrained,stlc,stlc:logic_eta,1,0.0,0.0,0.0,0.0,100.0,0.0,0.0,0.0,0.0,64.0,2.23
local,Qwen/Qwen3.5-2B,unconstrained,stlc,stlc:logic_function_result,1,0.0,0.0,0.0,0.0,100.0,0.0,0.0,0.0,0.0,13.0,0.6
local,Qwen/Qwen3.5-2B,unconstrained,stlc,stlc:logic_higher_order,3,33.33,33.33,33.33,0.0,0.0,0.0,66.67,0.0,0.0,39.67,1.45
local,Qwen/Qwen3.5-2B,unconstrained,stlc,stlc:logic_identity,2,0.0,0.0,0.0,0.0,100.0,0.0,0.0,0.0,0.0,19.5,0.79
local,Qwen/Qwen3.5-2B,unconstrained,stlc,stlc:logic_modus_ponens,2,50.0,100.0,100.0,0.0,0.0,0.0,0.0,0.0,0.0,6.5,0.38
local,Qwen/Qwen3.5-2B,unconstrained,stlc,stlc:logic_pipeline,1,0.0,0.0,0.0,0.0,100.0,0.0,0.0,0.0,0.0,104.0,3.53
local,Qwen/Qwen3.5-2B,unconstrained,stlc,stlc:logic_projection,1,0.0,0.0,0.0,0.0,100.0,0.0,0.0,0.0,0.0,15.0,0.67
local,Qwen/Qwen3.5-2B,unconstrained,stlc,stlc:logic_repetition,2,0.0,0.0,0.0,0.0,100.0,0.0,0.0,0.0,0.0,80.0,2.75
local,Qwen/Qwen3.5-2B,unconstrained,stlc,stlc:logic_substitution,2,0.0,0.0,0.0,0.0,50.0,0.0,50.0,0.0,0.0,128.0,4.33
local,Qwen/Qwen3.5-2B,unconstrained,stlc,stlc:logic_weakening,3,0.0,0.0,0.0,0.0,0.0,0.0,100.0,0.0,0.0,45.0,1.62
local,Qwen/Qwen3.5-4B,constrained_direct,fun,fun:boolean,2,0.0,50.0,50.0,0.0,0.0,50.0,0.0,0.0,0.0,52.5,2.88
local,Qwen/Qwen3.5-4B,constrained_direct,fun,fun:function,4,0.0,25.0,25.0,0.0,0.0,75.0,0.0,0.0,0.0,30.0,1.91
local,Qwen/Qwen3.5-4B,constrained_direct,fun,fun:function_application,4,0.0,0.0,0.0,0.0,0.0,75.0,25.0,0.0,0.0,92.25,5.03
local,Qwen/Qwen3.5-4B,constrained_direct,fun,fun:function_arithmetic,12,0.0,0.0,0.0,0.0,0.0,91.67,8.33,0.0,0.0,85.58,8.33
local,Qwen/Qwen3.5-4B,constrained_direct,fun,fun:function_closure,2,0.0,0.0,0.0,0.0,0.0,100.0,0.0,0.0,0.0,179.0,45.54
local,Qwen/Qwen3.5-4B,constrained_direct,fun,fun:function_composition,2,0.0,0.0,0.0,0.0,0.0,100.0,0.0,0.0,0.0,1.0,0.42
local,Qwen/Qwen3.5-4B,constrained_direct,fun,fun:function_constant,1,0.0,0.0,0.0,0.0,0.0,100.0,0.0,0.0,0.0,96.0,5.09
local,Qwen/Qwen3.5-4B,constrained_direct,fun,fun:function_float,4,0.0,0.0,0.0,0.0,0.0,100.0,0.0,0.0,0.0,35.5,2.14
local,Qwen/Qwen3.5-4B,constrained_direct,fun,fun:function_higher_order,2,0.0,0.0,0.0,0.0,0.0,100.0,0.0,0.0,0.0,1.0,0.38
local,Qwen/Qwen3.5-4B,constrained_direct,imp,imp:arithmetic,2,0.0,0.0,0.0,0.0,0.0,100.0,0.0,0.0,0.0,29.0,1.75
local,Qwen/Qwen3.5-4B,constrained_direct,imp,imp:assignment,3,0.0,0.0,0.0,0.0,0.0,100.0,0.0,0.0,0.0,38.0,2.33
local,Qwen/Qwen3.5-4B,constrained_direct,imp,imp:boolean,2,0.0,0.0,0.0,0.0,0.0,100.0,0.0,0.0,0.0,47.5,2.72
local,Qwen/Qwen3.5-4B,constrained_direct,imp,imp:branching,6,0.0,0.0,0.0,0.0,0.0,33.33,66.67,0.0,0.0,61.17,3.48
local,Qwen/Qwen3.5-4B,constrained_direct,imp,imp:loops,4,0.0,0.0,0.0,0.0,0.0,25.0,75.0,0.0,0.0,47.75,2.64
local,Qwen/Qwen3.5-4B,constrained_direct,imp,imp:mixed_control,2,0.0,0.0,0.0,0.0,0.0,100.0,0.0,0.0,0.0,24.5,1.59
local,Qwen/Qwen3.5-4B,constrained_direct,imp,imp:nested_branching,3,0.0,0.0,0.0,0.0,0.0,33.33,66.67,0.0,0.0,51.67,2.82
local,Qwen/Qwen3.5-4B,constrained_direct,imp,imp:sequence,3,0.0,33.33,33.33,0.0,0.0,33.33,33.33,0.0,0.0,48.0,2.69
local,Qwen/Qwen3.5-4B,constrained_direct,imp,imp:while_loop,3,0.0,0.0,0.0,0.0,0.0,33.33,66.67,0.0,0.0,55.0,3.12
local,Qwen/Qwen3.5-4B,constrained_direct,stlc,stlc:logic_application,2,0.0,50.0,50.0,0.0,0.0,0.0,50.0,0.0,0.0,24.0,1.46
local,Qwen/Qwen3.5-4B,constrained_direct,stlc,stlc:logic_argument_order,1,0.0,100.0,100.0,0.0,0.0,0.0,0.0,0.0,0.0,13.0,0.85
local,Qwen/Qwen3.5-4B,constrained_direct,stlc,stlc:logic_choice,2,0.0,100.0,100.0,0.0,0.0,0.0,0.0,0.0,0.0,14.0,0.89
local,Qwen/Qwen3.5-4B,constrained_direct,stlc,stlc:logic_composition,6,0.0,33.33,33.33,0.0,0.0,33.33,33.33,0.0,0.0,19.83,1.2
local,Qwen/Qwen3.5-4B,constrained_direct,stlc,stlc:logic_continuation,1,0.0,100.0,100.0,0.0,0.0,0.0,0.0,0.0,0.0,15.0,0.95
local,Qwen/Qwen3.5-4B,constrained_direct,stlc,stlc:logic_contraction,2,0.0,50.0,50.0,0.0,0.0,50.0,0.0,0.0,0.0,22.0,1.32
local,Qwen/Qwen3.5-4B,constrained_direct,stlc,stlc:logic_elimination,1,0.0,100.0,100.0,0.0,0.0,0.0,0.0,0.0,0.0,9.0,0.65
local,Qwen/Qwen3.5-4B,constrained_direct,stlc,stlc:logic_eta,1,0.0,100.0,100.0,0.0,0.0,0.0,0.0,0.0,0.0,8.0,0.61
local,Qwen/Qwen3.5-4B,constrained_direct,stlc,stlc:logic_function_result,1,0.0,0.0,0.0,0.0,0.0,0.0,100.0,0.0,0.0,11.0,0.74
local,Qwen/Qwen3.5-4B,constrained_direct,stlc,stlc:logic_higher_order,3,0.0,66.67,66.67,0.0,0.0,0.0,33.33,0.0,0.0,1.0,0.28
local,Qwen/Qwen3.5-4B,constrained_direct,stlc,stlc:logic_identity,2,0.0,100.0,100.0,0.0,0.0,0.0,0.0,0.0,0.0,1.0,0.28
local,Qwen/Qwen3.5-4B,constrained_direct,stlc,stlc:logic_modus_ponens,2,0.0,100.0,100.0,0.0,0.0,0.0,0.0,0.0,0.0,7.5,0.58
local,Qwen/Qwen3.5-4B,constrained_direct,stlc,stlc:logic_pipeline,1,0.0,0.0,0.0,0.0,0.0,0.0,100.0,0.0,0.0,2.0,0.45
local,Qwen/Qwen3.5-4B,constrained_direct,stlc,stlc:logic_projection,1,0.0,0.0,0.0,0.0,0.0,0.0,100.0,0.0,0.0,11.0,0.75
local,Qwen/Qwen3.5-4B,constrained_direct,stlc,stlc:logic_repetition,2,0.0,100.0,100.0,0.0,0.0,0.0,0.0,0.0,0.0,11.0,0.75
local,Qwen/Qwen3.5-4B,constrained_direct,stlc,stlc:logic_substitution,2,0.0,50.0,50.0,0.0,0.0,50.0,0.0,0.0,0.0,81.5,5.23
local,Qwen/Qwen3.5-4B,constrained_direct,stlc,stlc:logic_weakening,3,0.0,100.0,100.0,0.0,0.0,0.0,0.0,0.0,0.0,6.0,0.51
local,Qwen/Qwen3.5-4B,constrained_mixed,fun,fun:boolean,2,0.0,50.0,50.0,0.0,0.0,0.0,50.0,0.0,0.0,11.0,1.38
local,Qwen/Qwen3.5-4B,constrained_mixed,fun,fun:function,4,0.0,0.0,0.0,0.0,0.0,100.0,0.0,0.0,0.0,92.25,9.47
local,Qwen/Qwen3.5-4B,constrained_mixed,fun,fun:function_application,4,0.0,0.0,0.0,0.0,0.0,75.0,25.0,0.0,0.0,51.0,5.05
local,Qwen/Qwen3.5-4B,constrained_mixed,fun,fun:function_arithmetic,12,0.0,8.33,8.33,0.0,0.0,83.33,8.33,0.0,0.0,100.5,19.12
local,Qwen/Qwen3.5-4B,constrained_mixed,fun,fun:function_closure,2,0.0,0.0,0.0,0.0,0.0,100.0,0.0,0.0,0.0,123.0,20.79
local,Qwen/Qwen3.5-4B,constrained_mixed,fun,fun:function_composition,2,0.0,0.0,0.0,0.0,0.0,100.0,0.0,0.0,0.0,209.0,279.83
local,Qwen/Qwen3.5-4B,constrained_mixed,fun,fun:function_constant,1,0.0,0.0,0.0,0.0,0.0,100.0,0.0,0.0,0.0,97.0,9.63
local,Qwen/Qwen3.5-4B,constrained_mixed,fun,fun:function_float,4,0.0,0.0,0.0,0.0,0.0,100.0,0.0,0.0,0.0,18.0,5.87
local,Qwen/Qwen3.5-4B,constrained_mixed,fun,fun:function_higher_order,2,0.0,0.0,0.0,0.0,0.0,50.0,50.0,0.0,0.0,111.5,9.25
local,Qwen/Qwen3.5-4B,constrained_mixed,imp,imp:arithmetic,2,0.0,100.0,100.0,0.0,0.0,0.0,0.0,0.0,0.0,14.0,1.47
local,Qwen/Qwen3.5-4B,constrained_mixed,imp,imp:assignment,3,0.0,0.0,0.0,0.0,0.0,33.33,66.67,0.0,0.0,51.67,3.42
local,Qwen/Qwen3.5-4B,constrained_mixed,imp,imp:boolean,2,0.0,0.0,0.0,0.0,0.0,100.0,0.0,0.0,0.0,81.0,4.85
local,Qwen/Qwen3.5-4B,constrained_mixed,imp,imp:branching,6,0.0,0.0,0.0,0.0,0.0,50.0,50.0,0.0,0.0,56.17,4.15
local,Qwen/Qwen3.5-4B,constrained_mixed,imp,imp:loops,4,0.0,0.0,0.0,0.0,0.0,25.0,75.0,0.0,0.0,86.75,5.47
local,Qwen/Qwen3.5-4B,constrained_mixed,imp,imp:mixed_control,2,0.0,0.0,0.0,0.0,0.0,50.0,50.0,0.0,0.0,54.5,3.57
local,Qwen/Qwen3.5-4B,constrained_mixed,imp,imp:nested_branching,3,0.0,33.33,33.33,0.0,0.0,0.0,66.67,0.0,0.0,54.0,3.46
local,Qwen/Qwen3.5-4B,constrained_mixed,imp,imp:sequence,3,0.0,33.33,33.33,0.0,0.0,33.33,33.33,0.0,0.0,32.67,3.27
local,Qwen/Qwen3.5-4B,constrained_mixed,imp,imp:while_loop,3,0.0,33.33,33.33,0.0,0.0,0.0,66.67,0.0,0.0,49.0,3.29
local,Qwen/Qwen3.5-4B,constrained_mixed,stlc,stlc:logic_application,2,0.0,0.0,0.0,0.0,0.0,100.0,0.0,0.0,0.0,117.0,9.32
local,Qwen/Qwen3.5-4B,constrained_mixed,stlc,stlc:logic_argument_order,1,0.0,0.0,0.0,0.0,0.0,100.0,0.0,0.0,0.0,97.0,6.38
local,Qwen/Qwen3.5-4B,constrained_mixed,stlc,stlc:logic_choice,2,0.0,0.0,0.0,0.0,0.0,100.0,0.0,0.0,0.0,56.0,4.09
local,Qwen/Qwen3.5-4B,constrained_mixed,stlc,stlc:logic_composition,6,0.0,0.0,0.0,0.0,0.0,100.0,0.0,0.0,0.0,62.83,4.89
local,Qwen/Qwen3.5-4B,constrained_mixed,stlc,stlc:logic_continuation,1,0.0,0.0,0.0,0.0,0.0,100.0,0.0,0.0,0.0,97.0,6.25
local,Qwen/Qwen3.5-4B,constrained_mixed,stlc,stlc:logic_contraction,2,0.0,0.0,0.0,0.0,0.0,100.0,0.0,0.0,0.0,37.0,7.73
local,Qwen/Qwen3.5-4B,constrained_mixed,stlc,stlc:logic_elimination,1,0.0,0.0,0.0,0.0,0.0,100.0,0.0,0.0,0.0,27.0,2.19
local,Qwen/Qwen3.5-4B,constrained_mixed,stlc,stlc:logic_eta,1,0.0,0.0,0.0,0.0,0.0,100.0,0.0,0.0,0.0,30.0,2.48
local,Qwen/Qwen3.5-4B,constrained_mixed,stlc,stlc:logic_function_result,1,0.0,0.0,0.0,0.0,0.0,100.0,0.0,0.0,0.0,56.0,3.91
local,Qwen/Qwen3.5-4B,constrained_mixed,stlc,stlc:logic_higher_order,3,0.0,0.0,0.0,0.0,0.0,100.0,0.0,0.0,0.0,14.33,2.21
local,Qwen/Qwen3.5-4B,constrained_mixed,stlc,stlc:logic_identity,2,0.0,0.0,0.0,0.0,0.0,0.0,100.0,0.0,0.0,22.0,1.95
local,Qwen/Qwen3.5-4B,constrained_mixed,stlc,stlc:logic_modus_ponens,2,0.0,100.0,100.0,0.0,0.0,0.0,0.0,0.0,0.0,8.5,0.99
local,Qwen/Qwen3.5-4B,constrained_mixed,stlc,stlc:logic_pipeline,1,0.0,0.0,0.0,0.0,0.0,100.0,0.0,0.0,0.0,19.0,2.59
local,Qwen/Qwen3.5-4B,constrained_mixed,stlc,stlc:logic_projection,1,0.0,0.0,0.0,0.0,0.0,100.0,0.0,0.0,0.0,73.0,4.72
local,Qwen/Qwen3.5-4B,constrained_mixed,stlc,stlc:logic_repetition,2,0.0,0.0,0.0,0.0,0.0,100.0,0.0,0.0,0.0,81.0,5.13
local,Qwen/Qwen3.5-4B,constrained_mixed,stlc,stlc:logic_substitution,2,0.0,0.0,0.0,0.0,0.0,100.0,0.0,0.0,0.0,107.5,37.86
local,Qwen/Qwen3.5-4B,constrained_mixed,stlc,stlc:logic_weakening,3,0.0,0.0,0.0,0.0,0.0,100.0,0.0,0.0,0.0,37.0,3.06
local,Qwen/Qwen3.5-4B,unconstrained,fun,fun:boolean,2,0.0,50.0,50.0,0.0,50.0,0.0,0.0,0.0,0.0,96.0,4.48
local,Qwen/Qwen3.5-4B,unconstrained,fun,fun:function,4,0.0,25.0,25.0,0.0,50.0,0.0,25.0,0.0,0.0,108.5,5.02
local,Qwen/Qwen3.5-4B,unconstrained,fun,fun:function_application,4,0.0,0.0,0.0,0.0,25.0,0.0,75.0,0.0,0.0,132.0,6.08
local,Qwen/Qwen3.5-4B,unconstrained,fun,fun:function_arithmetic,12,0.0,0.0,0.0,0.0,58.33,0.0,41.67,0.0,0.0,69.67,3.31
local,Qwen/Qwen3.5-4B,unconstrained,fun,fun:function_closure,2,0.0,0.0,0.0,0.0,0.0,0.0,100.0,0.0,0.0,130.5,6.09
local,Qwen/Qwen3.5-4B,unconstrained,fun,fun:function_composition,2,0.0,0.0,0.0,0.0,100.0,0.0,0.0,0.0,0.0,208.0,9.47
local,Qwen/Qwen3.5-4B,unconstrained,fun,fun:function_constant,1,0.0,100.0,100.0,0.0,0.0,0.0,0.0,0.0,0.0,63.0,3.11
local,Qwen/Qwen3.5-4B,unconstrained,fun,fun:function_float,4,0.0,0.0,0.0,0.0,50.0,0.0,50.0,0.0,0.0,112.5,5.2
local,Qwen/Qwen3.5-4B,unconstrained,fun,fun:function_higher_order,2,0.0,0.0,0.0,0.0,100.0,0.0,0.0,0.0,0.0,113.0,5.24
local,Qwen/Qwen3.5-4B,unconstrained,imp,imp:arithmetic,2,0.0,50.0,50.0,0.0,0.0,0.0,50.0,0.0,0.0,50.5,2.45
local,Qwen/Qwen3.5-4B,unconstrained,imp,imp:assignment,3,0.0,0.0,0.0,0.0,100.0,0.0,0.0,0.0,0.0,82.67,3.87
local,Qwen/Qwen3.5-4B,unconstrained,imp,imp:boolean,2,0.0,0.0,0.0,0.0,100.0,0.0,0.0,0.0,0.0,66.5,3.19
local,Qwen/Qwen3.5-4B,unconstrained,imp,imp:branching,6,0.0,0.0,0.0,0.0,100.0,0.0,0.0,0.0,0.0,127.17,5.85
local,Qwen/Qwen3.5-4B,unconstrained,imp,imp:loops,4,0.0,0.0,0.0,0.0,100.0,0.0,0.0,0.0,0.0,118.0,5.44
local,Qwen/Qwen3.5-4B,unconstrained,imp,imp:mixed_control,2,0.0,0.0,0.0,0.0,100.0,0.0,0.0,0.0,0.0,192.0,8.77
local,Qwen/Qwen3.5-4B,unconstrained,imp,imp:nested_branching,3,0.0,0.0,0.0,0.0,100.0,0.0,0.0,0.0,0.0,129.33,5.94
local,Qwen/Qwen3.5-4B,unconstrained,imp,imp:sequence,3,0.0,33.33,33.33,0.0,33.33,0.0,33.33,0.0,0.0,30.0,1.56
local,Qwen/Qwen3.5-4B,unconstrained,imp,imp:while_loop,3,0.0,0.0,0.0,0.0,100.0,0.0,0.0,0.0,0.0,77.67,3.65
local,Qwen/Qwen3.5-4B,unconstrained,stlc,stlc:logic_application,2,0.0,50.0,50.0,0.0,0.0,0.0,50.0,0.0,0.0,90.5,4.22
local,Qwen/Qwen3.5-4B,unconstrained,stlc,stlc:logic_argument_order,1,0.0,100.0,100.0,0.0,0.0,0.0,0.0,0.0,0.0,96.0,4.44
local,Qwen/Qwen3.5-4B,unconstrained,stlc,stlc:logic_choice,2,0.0,100.0,100.0,0.0,0.0,0.0,0.0,0.0,0.0,46.5,2.27
local,Qwen/Qwen3.5-4B,unconstrained,stlc,stlc:logic_composition,6,0.0,33.33,33.33,0.0,50.0,0.0,16.67,0.0,0.0,85.67,4.0
local,Qwen/Qwen3.5-4B,unconstrained,stlc,stlc:logic_continuation,1,0.0,100.0,100.0,0.0,0.0,0.0,0.0,0.0,0.0,96.0,4.44
local,Qwen/Qwen3.5-4B,unconstrained,stlc,stlc:logic_contraction,2,0.0,100.0,100.0,0.0,0.0,0.0,0.0,0.0,0.0,39.5,2.02
local,Qwen/Qwen3.5-4B,unconstrained,stlc,stlc:logic_elimination,1,0.0,100.0,100.0,0.0,0.0,0.0,0.0,0.0,0.0,72.0,3.39
local,Qwen/Qwen3.5-4B,unconstrained,stlc,stlc:logic_eta,1,0.0,100.0,100.0,0.0,0.0,0.0,0.0,0.0,0.0,6.0,0.5
local,Qwen/Qwen3.5-4B,unconstrained,stlc,stlc:logic_function_result,1,100.0,100.0,100.0,0.0,0.0,0.0,0.0,0.0,0.0,56.0,2.67
local,Qwen/Qwen3.5-4B,unconstrained,stlc,stlc:logic_higher_order,3,66.67,66.67,66.67,0.0,0.0,0.0,33.33,0.0,0.0,22.33,1.22
local,Qwen/Qwen3.5-4B,unconstrained,stlc,stlc:logic_identity,2,0.0,50.0,50.0,0.0,0.0,0.0,50.0,0.0,0.0,32.0,1.62
local,Qwen/Qwen3.5-4B,unconstrained,stlc,stlc:logic_modus_ponens,2,50.0,100.0,100.0,0.0,0.0,0.0,0.0,0.0,0.0,49.0,2.38
local,Qwen/Qwen3.5-4B,unconstrained,stlc,stlc:logic_pipeline,1,0.0,100.0,100.0,0.0,0.0,0.0,0.0,0.0,0.0,104.0,4.8
local,Qwen/Qwen3.5-4B,unconstrained,stlc,stlc:logic_projection,1,0.0,100.0,100.0,0.0,0.0,0.0,0.0,0.0,0.0,15.0,0.89
local,Qwen/Qwen3.5-4B,unconstrained,stlc,stlc:logic_repetition,2,50.0,50.0,50.0,0.0,50.0,0.0,0.0,0.0,0.0,80.0,3.74
local,Qwen/Qwen3.5-4B,unconstrained,stlc,stlc:logic_substitution,2,0.0,50.0,50.0,0.0,50.0,0.0,0.0,0.0,0.0,128.0,5.87
local,Qwen/Qwen3.5-4B,unconstrained,stlc,stlc:logic_weakening,3,33.33,66.67,66.67,0.0,33.33,0.0,0.0,0.0,0.0,19.33,1.07
local,Qwen/Qwen3.5-4B-Base,constrained_direct,fun,fun:boolean,2,0.0,100.0,100.0,0.0,0.0,0.0,0.0,0.0,0.0,9.0,0.67
local,Qwen/Qwen3.5-4B-Base,constrained_direct,fun,fun:function,4,0.0,0.0,0.0,0.0,0.0,100.0,0.0,0.0,0.0,48.75,11.24
local,Qwen/Qwen3.5-4B-Base,constrained_direct,fun,fun:function_application,4,0.0,0.0,0.0,0.0,0.0,75.0,25.0,0.0,0.0,101.5,6.01
local,Qwen/Qwen3.5-4B-Base,constrained_direct,fun,fun:function_arithmetic,12,0.0,0.0,0.0,0.0,0.0,100.0,0.0,0.0,0.0,42.0,3.88
local,Qwen/Qwen3.5-4B-Base,constrained_direct,fun,fun:function_closure,2,0.0,0.0,0.0,0.0,0.0,100.0,0.0,0.0,0.0,101.5,12.26
local,Qwen/Qwen3.5-4B-Base,constrained_direct,fun,fun:function_composition,2,0.0,0.0,0.0,0.0,0.0,100.0,0.0,0.0,0.0,103.5,12.34
local,Qwen/Qwen3.5-4B-Base,constrained_direct,fun,fun:function_constant,1,0.0,0.0,0.0,0.0,0.0,100.0,0.0,0.0,0.0,96.0,5.25
local,Qwen/Qwen3.5-4B-Base,constrained_direct,fun,fun:function_float,4,0.0,0.0,0.0,0.0,0.0,100.0,0.0,0.0,0.0,1.0,0.32
local,Qwen/Qwen3.5-4B-Base,constrained_direct,fun,fun:function_higher_order,2,0.0,0.0,0.0,0.0,0.0,100.0,0.0,0.0,0.0,120.0,6.9
local,Qwen/Qwen3.5-4B-Base,constrained_direct,imp,imp:arithmetic,2,0.0,0.0,0.0,0.0,0.0,100.0,0.0,0.0,0.0,47.0,2.68
local,Qwen/Qwen3.5-4B-Base,constrained_direct,imp,imp:assignment,3,0.0,0.0,0.0,0.0,0.0,33.33,66.67,0.0,0.0,15.67,0.99
local,Qwen/Qwen3.5-4B-Base,constrained_direct,imp,imp:boolean,2,0.0,0.0,0.0,0.0,0.0,50.0,50.0,0.0,0.0,31.0,2.24
local,Qwen/Qwen3.5-4B-Base,constrained_direct,imp,imp:branching,6,0.0,0.0,0.0,0.0,0.0,66.67,33.33,0.0,0.0,78.67,4.6
local,Qwen/Qwen3.5-4B-Base,constrained_direct,imp,imp:loops,4,0.0,0.0,0.0,0.0,0.0,50.0,50.0,0.0,0.0,40.25,2.3
local,Qwen/Qwen3.5-4B-Base,constrained_direct,imp,imp:mixed_control,2,0.0,0.0,0.0,0.0,0.0,50.0,50.0,0.0,0.0,22.5,1.48
local,Qwen/Qwen3.5-4B-Base,constrained_direct,imp,imp:nested_branching,3,0.0,0.0,0.0,0.0,0.0,66.67,33.33,0.0,0.0,22.67,1.4
local,Qwen/Qwen3.5-4B-Base,constrained_direct,imp,imp:sequence,3,0.0,33.33,33.33,0.0,0.0,66.67,0.0,0.0,0.0,36.33,2.27
local,Qwen/Qwen3.5-4B-Base,constrained_direct,imp,imp:while_loop,3,0.0,0.0,0.0,0.0,0.0,66.67,33.33,0.0,0.0,21.0,1.49
local,Qwen/Qwen3.5-4B-Base,constrained_direct,stlc,stlc:logic_application,2,0.0,50.0,50.0,0.0,0.0,50.0,0.0,0.0,0.0,18.0,1.1
local,Qwen/Qwen3.5-4B-Base,constrained_direct,stlc,stlc:logic_argument_order,1,0.0,0.0,0.0,0.0,0.0,100.0,0.0,0.0,0.0,38.0,2.2
local,Qwen/Qwen3.5-4B-Base,constrained_direct,stlc,stlc:logic_choice,2,0.0,0.0,0.0,0.0,0.0,100.0,0.0,0.0,0.0,13.0,0.85
local,Qwen/Qwen3.5-4B-Base,constrained_direct,stlc,stlc:logic_composition,6,0.0,16.67,16.67,0.0,0.0,0.0,83.33,0.0,0.0,17.67,1.1
local,Qwen/Qwen3.5-4B-Base,constrained_direct,stlc,stlc:logic_continuation,1,0.0,100.0,100.0,0.0,0.0,0.0,0.0,0.0,0.0,15.0,0.95
local,Qwen/Qwen3.5-4B-Base,constrained_direct,stlc,stlc:logic_contraction,2,0.0,50.0,50.0,0.0,0.0,50.0,0.0,0.0,0.0,15.0,0.97
local,Qwen/Qwen3.5-4B-Base,constrained_direct,stlc,stlc:logic_elimination,1,0.0,100.0,100.0,0.0,0.0,0.0,0.0,0.0,0.0,9.0,0.65
local,Qwen/Qwen3.5-4B-Base,constrained_direct,stlc,stlc:logic_eta,1,0.0,100.0,100.0,0.0,0.0,0.0,0.0,0.0,0.0,8.0,0.61
local,Qwen/Qwen3.5-4B-Base,constrained_direct,stlc,stlc:logic_function_result,1,0.0,100.0,100.0,0.0,0.0,0.0,0.0,0.0,0.0,4.0,0.42
local,Qwen/Qwen3.5-4B-Base,constrained_direct,stlc,stlc:logic_higher_order,3,0.0,66.67,66.67,0.0,0.0,0.0,33.33,0.0,0.0,1.0,0.28
local,Qwen/Qwen3.5-4B-Base,constrained_direct,stlc,stlc:logic_identity,2,0.0,100.0,100.0,0.0,0.0,0.0,0.0,0.0,0.0,1.0,0.28
local,Qwen/Qwen3.5-4B-Base,constrained_direct,stlc,stlc:logic_modus_ponens,2,0.0,100.0,100.0,0.0,0.0,0.0,0.0,0.0,0.0,7.5,0.58
local,Qwen/Qwen3.5-4B-Base,constrained_direct,stlc,stlc:logic_pipeline,1,0.0,0.0,0.0,0.0,0.0,0.0,100.0,0.0,0.0,2.0,0.65
local,Qwen/Qwen3.5-4B-Base,constrained_direct,stlc,stlc:logic_projection,1,0.0,0.0,0.0,0.0,0.0,0.0,100.0,0.0,0.0,7.0,0.55
local,Qwen/Qwen3.5-4B-Base,constrained_direct,stlc,stlc:logic_repetition,2,0.0,50.0,50.0,0.0,0.0,50.0,0.0,0.0,0.0,10.5,0.73
local,Qwen/Qwen3.5-4B-Base,constrained_direct,stlc,stlc:logic_substitution,2,0.0,50.0,50.0,0.0,0.0,50.0,0.0,0.0,0.0,21.0,1.32
local,Qwen/Qwen3.5-4B-Base,constrained_direct,stlc,stlc:logic_weakening,3,0.0,100.0,100.0,0.0,0.0,0.0,0.0,0.0,0.0,6.0,0.51
local,Qwen/Qwen3.5-4B-Base,constrained_mixed,fun,fun:boolean,2,0.0,50.0,50.0,0.0,0.0,50.0,0.0,0.0,0.0,180.5,9.47
local,Qwen/Qwen3.5-4B-Base,constrained_mixed,fun,fun:function,4,0.0,0.0,0.0,0.0,0.0,75.0,25.0,0.0,0.0,260.0,26.01
local,Qwen/Qwen3.5-4B-Base,constrained_mixed,fun,fun:function_application,4,0.0,50.0,50.0,0.0,0.0,50.0,0.0,0.0,0.0,182.5,10.75
local,Qwen/Qwen3.5-4B-Base,constrained_mixed,fun,fun:function_arithmetic,12,0.0,25.0,25.0,0.0,0.0,75.0,0.0,0.0,0.0,215.33,19.05
local,Qwen/Qwen3.5-4B-Base,constrained_mixed,fun,fun:function_closure,2,0.0,0.0,0.0,0.0,0.0,100.0,0.0,0.0,0.0,336.0,73.36
local,Qwen/Qwen3.5-4B-Base,constrained_mixed,fun,fun:function_composition,2,0.0,0.0,0.0,0.0,0.0,50.0,50.0,0.0,0.0,246.5,14.14
local,Qwen/Qwen3.5-4B-Base,constrained_mixed,fun,fun:function_constant,1,0.0,0.0,0.0,0.0,0.0,100.0,0.0,0.0,0.0,224.0,12.61
local,Qwen/Qwen3.5-4B-Base,constrained_mixed,fun,fun:function_float,4,0.0,0.0,0.0,0.0,0.0,100.0,0.0,0.0,0.0,150.25,10.18
local,Qwen/Qwen3.5-4B-Base,constrained_mixed,fun,fun:function_higher_order,2,0.0,0.0,0.0,0.0,0.0,100.0,0.0,0.0,0.0,312.0,31.09
local,Qwen/Qwen3.5-4B-Base,constrained_mixed,imp,imp:arithmetic,2,0.0,0.0,0.0,0.0,0.0,100.0,0.0,0.0,0.0,208.0,10.55
local,Qwen/Qwen3.5-4B-Base,constrained_mixed,imp,imp:assignment,3,0.0,0.0,0.0,0.0,0.0,100.0,0.0,0.0,0.0,210.0,10.69
local,Qwen/Qwen3.5-4B-Base,constrained_mixed,imp,imp:boolean,2,0.0,0.0,0.0,0.0,0.0,50.0,50.0,0.0,0.0,184.0,9.2
local,Qwen/Qwen3.5-4B-Base,constrained_mixed,imp,imp:branching,6,0.0,0.0,0.0,0.0,0.0,66.67,33.33,0.0,0.0,235.33,13.34
local,Qwen/Qwen3.5-4B-Base,constrained_mixed,imp,imp:loops,4,0.0,0.0,0.0,0.0,0.0,50.0,50.0,0.0,0.0,254.75,13.64
local,Qwen/Qwen3.5-4B-Base,constrained_mixed,imp,imp:mixed_control,2,0.0,0.0,0.0,0.0,0.0,100.0,0.0,0.0,0.0,133.5,9.8
local,Qwen/Qwen3.5-4B-Base,constrained_mixed,imp,imp:nested_branching,3,0.0,0.0,0.0,0.0,0.0,66.67,33.33,0.0,0.0,208.0,11.11
local,Qwen/Qwen3.5-4B-Base,constrained_mixed,imp,imp:sequence,3,0.0,33.33,33.33,0.0,0.0,33.33,33.33,0.0,0.0,178.67,9.02
local,Qwen/Qwen3.5-4B-Base,constrained_mixed,imp,imp:while_loop,3,0.0,33.33,33.33,0.0,0.0,0.0,66.67,0.0,0.0,156.67,7.82
local,Qwen/Qwen3.5-4B-Base,constrained_mixed,stlc,stlc:logic_application,2,0.0,0.0,0.0,0.0,0.0,100.0,0.0,0.0,0.0,187.0,11.23
local,Qwen/Qwen3.5-4B-Base,constrained_mixed,stlc,stlc:logic_argument_order,1,0.0,0.0,0.0,0.0,0.0,100.0,0.0,0.0,0.0,163.0,8.09
local,Qwen/Qwen3.5-4B-Base,constrained_mixed,stlc,stlc:logic_choice,2,0.0,0.0,0.0,0.0,0.0,100.0,0.0,0.0,0.0,162.5,7.98
local,Qwen/Qwen3.5-4B-Base,constrained_mixed,stlc,stlc:logic_composition,6,0.0,16.67,16.67,0.0,0.0,83.33,0.0,0.0,0.0,199.83,10.89
local,Qwen/Qwen3.5-4B-Base,constrained_mixed,stlc,stlc:logic_continuation,1,0.0,0.0,0.0,0.0,0.0,100.0,0.0,0.0,0.0,224.0,12.24
local,Qwen/Qwen3.5-4B-Base,constrained_mixed,stlc,stlc:logic_contraction,2,0.0,50.0,50.0,0.0,0.0,50.0,0.0,0.0,0.0,153.0,8.1
local,Qwen/Qwen3.5-4B-Base,constrained_mixed,stlc,stlc:logic_elimination,1,0.0,0.0,0.0,0.0,0.0,100.0,0.0,0.0,0.0,157.0,9.57
local,Qwen/Qwen3.5-4B-Base,constrained_mixed,stlc,stlc:logic_eta,1,0.0,0.0,0.0,0.0,0.0,100.0,0.0,0.0,0.0,160.0,8.4
local,Qwen/Qwen3.5-4B-Base,constrained_mixed,stlc,stlc:logic_function_result,1,0.0,0.0,0.0,0.0,0.0,100.0,0.0,0.0,0.0,139.0,7.08
local,Qwen/Qwen3.5-4B-Base,constrained_mixed,stlc,stlc:logic_higher_order,3,0.0,33.33,33.33,0.0,0.0,66.67,0.0,0.0,0.0,143.67,7.0
local,Qwen/Qwen3.5-4B-Base,constrained_mixed,stlc,stlc:logic_identity,2,0.0,0.0,0.0,0.0,0.0,100.0,0.0,0.0,0.0,153.5,8.97
local,Qwen/Qwen3.5-4B-Base,constrained_mixed,stlc,stlc:logic_modus_ponens,2,0.0,100.0,100.0,0.0,0.0,0.0,0.0,0.0,0.0,135.5,6.6
local,Qwen/Qwen3.5-4B-Base,constrained_mixed,stlc,stlc:logic_pipeline,1,0.0,0.0,0.0,0.0,0.0,100.0,0.0,0.0,0.0,155.0,11.67
local,Qwen/Qwen3.5-4B-Base,constrained_mixed,stlc,stlc:logic_projection,1,0.0,100.0,100.0,0.0,0.0,0.0,0.0,0.0,0.0,130.0,6.37
local,Qwen/Qwen3.5-4B-Base,constrained_mixed,stlc,stlc:logic_repetition,2,0.0,50.0,50.0,0.0,0.0,50.0,0.0,0.0,0.0,145.0,7.09
local,Qwen/Qwen3.5-4B-Base,constrained_mixed,stlc,stlc:logic_substitution,2,0.0,0.0,0.0,0.0,0.0,100.0,0.0,0.0,0.0,196.5,12.08
local,Qwen/Qwen3.5-4B-Base,constrained_mixed,stlc,stlc:logic_weakening,3,0.0,66.67,66.67,0.0,0.0,33.33,0.0,0.0,0.0,141.0,6.96
local,Qwen/Qwen3.5-4B-Base,unconstrained,fun,fun:boolean,2,0.0,0.0,0.0,0.0,50.0,0.0,50.0,0.0,0.0,10.0,0.68
local,Qwen/Qwen3.5-4B-Base,unconstrained,fun,fun:function,4,0.0,0.0,0.0,0.0,75.0,0.0,25.0,0.0,0.0,45.25,2.28
local,Qwen/Qwen3.5-4B-Base,unconstrained,fun,fun:function_application,4,0.0,0.0,0.0,0.0,50.0,0.0,50.0,0.0,0.0,24.25,1.33
local,Qwen/Qwen3.5-4B-Base,unconstrained,fun,fun:function_arithmetic,12,0.0,8.33,8.33,0.0,58.33,0.0,33.33,0.0,0.0,34.92,1.83
local,Qwen/Qwen3.5-4B-Base,unconstrained,fun,fun:function_closure,2,0.0,0.0,0.0,0.0,50.0,0.0,50.0,0.0,0.0,208.0,9.62
local,Qwen/Qwen3.5-4B-Base,unconstrained,fun,fun:function_composition,2,0.0,0.0,0.0,0.0,0.0,0.0,100.0,0.0,0.0,208.0,9.72
local,Qwen/Qwen3.5-4B-Base,unconstrained,fun,fun:function_constant,1,0.0,0.0,0.0,0.0,100.0,0.0,0.0,0.0,0.0,7.0,0.57
local,Qwen/Qwen3.5-4B-Base,unconstrained,fun,fun:function_float,4,0.0,0.0,0.0,0.0,75.0,0.0,25.0,0.0,0.0,16.0,0.96
local,Qwen/Qwen3.5-4B-Base,unconstrained,fun,fun:function_higher_order,2,0.0,0.0,0.0,0.0,50.0,0.0,50.0,0.0,0.0,184.0,8.63
local,Qwen/Qwen3.5-4B-Base,unconstrained,imp,imp:arithmetic,2,0.0,0.0,0.0,0.0,50.0,0.0,50.0,0.0,0.0,14.5,0.88
local,Qwen/Qwen3.5-4B-Base,unconstrained,imp,imp:assignment,3,0.0,0.0,0.0,0.0,100.0,0.0,0.0,0.0,0.0,15.33,0.94
local,Qwen/Qwen3.5-4B-Base,unconstrained,imp,imp:boolean,2,0.0,0.0,0.0,0.0,100.0,0.0,0.0,0.0,0.0,17.0,1.02
local,Qwen/Qwen3.5-4B-Base,unconstrained,imp,imp:branching,6,0.0,0.0,0.0,0.0,100.0,0.0,0.0,0.0,0.0,36.33,1.98
local,Qwen/Qwen3.5-4B-Base,unconstrained,imp,imp:loops,4,0.0,0.0,0.0,0.0,100.0,0.0,0.0,0.0,0.0,47.0,2.54
local,Qwen/Qwen3.5-4B-Base,unconstrained,imp,imp:mixed_control,2,0.0,0.0,0.0,0.0,100.0,0.0,0.0,0.0,0.0,35.5,1.89
local,Qwen/Qwen3.5-4B-Base,unconstrained,imp,imp:nested_branching,3,0.0,0.0,0.0,0.0,66.67,0.0,33.33,0.0,0.0,39.0,2.12
local,Qwen/Qwen3.5-4B-Base,unconstrained,imp,imp:sequence,3,0.0,33.33,33.33,0.0,66.67,0.0,0.0,0.0,0.0,24.0,1.32
local,Qwen/Qwen3.5-4B-Base,unconstrained,imp,imp:while_loop,3,0.0,0.0,0.0,0.0,66.67,0.0,33.33,0.0,0.0,52.0,2.74
local,Qwen/Qwen3.5-4B-Base,unconstrained,stlc,stlc:logic_application,2,0.0,50.0,50.0,0.0,0.0,0.0,50.0,0.0,0.0,21.0,1.22
local,Qwen/Qwen3.5-4B-Base,unconstrained,stlc,stlc:logic_argument_order,1,0.0,100.0,100.0,0.0,0.0,0.0,0.0,0.0,0.0,11.0,0.72
local,Qwen/Qwen3.5-4B-Base,unconstrained,stlc,stlc:logic_choice,2,100.0,100.0,100.0,0.0,0.0,0.0,0.0,0.0,0.0,14.0,1.0
local,Qwen/Qwen3.5-4B-Base,unconstrained,stlc,stlc:logic_composition,6,0.0,16.67,16.67,0.0,50.0,0.0,33.33,0.0,0.0,49.33,2.71
local,Qwen/Qwen3.5-4B-Base,unconstrained,stlc,stlc:logic_continuation,1,0.0,100.0,100.0,0.0,0.0,0.0,0.0,0.0,0.0,16.0,0.95
local,Qwen/Qwen3.5-4B-Base,unconstrained,stlc,stlc:logic_contraction,2,0.0,50.0,50.0,0.0,0.0,0.0,50.0,0.0,0.0,58.5,2.86
local,Qwen/Qwen3.5-4B-Base,unconstrained,stlc,stlc:logic_elimination,1,0.0,100.0,100.0,0.0,0.0,0.0,0.0,0.0,0.0,9.0,0.65
local,Qwen/Qwen3.5-4B-Base,unconstrained,stlc,stlc:logic_eta,1,100.0,100.0,100.0,0.0,0.0,0.0,0.0,0.0,0.0,64.0,3.02
local,Qwen/Qwen3.5-4B-Base,unconstrained,stlc,stlc:logic_function_result,1,100.0,100.0,100.0,0.0,0.0,0.0,0.0,0.0,0.0,4.0,0.42
local,Qwen/Qwen3.5-4B-Base,unconstrained,stlc,stlc:logic_higher_order,3,66.67,66.67,66.67,0.0,0.0,0.0,33.33,0.0,0.0,48.0,2.32
local,Qwen/Qwen3.5-4B-Base,unconstrained,stlc,stlc:logic_identity,2,0.0,100.0,100.0,0.0,0.0,0.0,0.0,0.0,0.0,13.0,0.81
local,Qwen/Qwen3.5-4B-Base,unconstrained,stlc,stlc:logic_modus_ponens,2,50.0,100.0,100.0,0.0,0.0,0.0,0.0,0.0,0.0,7.5,0.64
local,Qwen/Qwen3.5-4B-Base,unconstrained,stlc,stlc:logic_pipeline,1,0.0,0.0,0.0,0.0,100.0,0.0,0.0,0.0,0.0,104.0,5.46
local,Qwen/Qwen3.5-4B-Base,unconstrained,stlc,stlc:logic_projection,1,0.0,100.0,100.0,0.0,0.0,0.0,0.0,0.0,0.0,9.0,0.65
local,Qwen/Qwen3.5-4B-Base,unconstrained,stlc,stlc:logic_repetition,2,100.0,100.0,100.0,0.0,0.0,0.0,0.0,0.0,0.0,10.5,0.78
local,Qwen/Qwen3.5-4B-Base,unconstrained,stlc,stlc:logic_substitution,2,0.0,50.0,50.0,0.0,50.0,0.0,0.0,0.0,0.0,20.5,1.15
local,Qwen/Qwen3.5-4B-Base,unconstrained,stlc,stlc:logic_weakening,3,33.33,100.0,100.0,0.0,0.0,0.0,0.0,0.0,0.0,4.67,0.44
local,Qwen/Qwen3.5-9B,constrained_direct,fun,fun:boolean,2,0.0,100.0,100.0,0.0,0.0,0.0,0.0,0.0,0.0,9.0,0.67
local,Qwen/Qwen3.5-9B,constrained_direct,fun,fun:function,4,0.0,0.0,0.0,0.0,0.0,50.0,50.0,0.0,0.0,19.5,1.25
local,Qwen/Qwen3.5-9B,constrained_direct,fun,fun:function_application,4,0.0,0.0,0.0,0.0,0.0,75.0,25.0,0.0,0.0,53.75,4.16
local,Qwen/Qwen3.5-9B,constrained_direct,fun,fun:function_arithmetic,12,0.0,0.0,0.0,0.0,0.0,91.67,8.33,0.0,0.0,101.08,17.61
local,Qwen/Qwen3.5-9B,constrained_direct,fun,fun:function_closure,2,0.0,0.0,0.0,0.0,0.0,100.0,0.0,0.0,0.0,115.5,6.79
local,Qwen/Qwen3.5-9B,constrained_direct,fun,fun:function_composition,2,0.0,0.0,0.0,0.0,0.0,100.0,0.0,0.0,0.0,7.5,0.81
local,Qwen/Qwen3.5-9B,constrained_direct,fun,fun:function_constant,1,0.0,0.0,0.0,0.0,0.0,100.0,0.0,0.0,0.0,96.0,8.37
local,Qwen/Qwen3.5-9B,constrained_direct,fun,fun:function_float,4,0.0,0.0,0.0,0.0,0.0,100.0,0.0,0.0,0.0,86.75,5.16
local,Qwen/Qwen3.5-9B,constrained_direct,fun,fun:function_higher_order,2,0.0,0.0,0.0,0.0,0.0,100.0,0.0,0.0,0.0,36.5,2.32
local,Qwen/Qwen3.5-9B,constrained_direct,imp,imp:arithmetic,2,0.0,0.0,0.0,0.0,0.0,50.0,50.0,0.0,0.0,43.0,2.45
local,Qwen/Qwen3.5-9B,constrained_direct,imp,imp:assignment,3,0.0,0.0,0.0,0.0,0.0,100.0,0.0,0.0,0.0,69.33,3.98
local,Qwen/Qwen3.5-9B,constrained_direct,imp,imp:boolean,2,0.0,0.0,0.0,0.0,0.0,100.0,0.0,0.0,0.0,62.0,3.49
local,Qwen/Qwen3.5-9B,constrained_direct,imp,imp:branching,6,0.0,0.0,0.0,0.0,0.0,66.67,33.33,0.0,0.0,128.0,7.83
local,Qwen/Qwen3.5-9B,constrained_direct,imp,imp:loops,4,0.0,0.0,0.0,0.0,0.0,100.0,0.0,0.0,0.0,69.75,4.16
local,Qwen/Qwen3.5-9B,constrained_direct,imp,imp:mixed_control,2,0.0,0.0,0.0,0.0,0.0,100.0,0.0,0.0,0.0,24.5,1.49
local,Qwen/Qwen3.5-9B,constrained_direct,imp,imp:nested_branching,3,0.0,0.0,0.0,0.0,0.0,66.67,33.33,0.0,0.0,48.67,2.74
local,Qwen/Qwen3.5-9B,constrained_direct,imp,imp:sequence,3,0.0,0.0,0.0,0.0,0.0,66.67,33.33,0.0,0.0,84.33,4.86
local,Qwen/Qwen3.5-9B,constrained_direct,imp,imp:while_loop,3,0.0,0.0,0.0,0.0,0.0,33.33,66.67,0.0,0.0,32.67,1.91
local,Qwen/Qwen3.5-9B,constrained_direct,stlc,stlc:logic_application,2,0.0,100.0,100.0,0.0,0.0,0.0,0.0,0.0,0.0,19.0,1.18
local,Qwen/Qwen3.5-9B,constrained_direct,stlc,stlc:logic_argument_order,1,0.0,100.0,100.0,0.0,0.0,0.0,0.0,0.0,0.0,12.0,0.81
local,Qwen/Qwen3.5-9B,constrained_direct,stlc,stlc:logic_choice,2,0.0,50.0,50.0,0.0,0.0,0.0,50.0,0.0,0.0,14.0,0.9
local,Qwen/Qwen3.5-9B,constrained_direct,stlc,stlc:logic_composition,6,0.0,66.67,66.67,0.0,0.0,16.67,16.67,0.0,0.0,26.33,1.76
local,Qwen/Qwen3.5-9B,constrained_direct,stlc,stlc:logic_continuation,1,0.0,100.0,100.0,0.0,0.0,0.0,0.0,0.0,0.0,16.0,1.0
local,Qwen/Qwen3.5-9B,constrained_direct,stlc,stlc:logic_contraction,2,0.0,100.0,100.0,0.0,0.0,0.0,0.0,0.0,0.0,15.0,0.96
local,Qwen/Qwen3.5-9B,constrained_direct,stlc,stlc:logic_elimination,1,0.0,100.0,100.0,0.0,0.0,0.0,0.0,0.0,0.0,10.0,0.7
local,Qwen/Qwen3.5-9B,constrained_direct,stlc,stlc:logic_eta,1,0.0,100.0,100.0,0.0,0.0,0.0,0.0,0.0,0.0,8.0,0.61
local,Qwen/Qwen3.5-9B,constrained_direct,stlc,stlc:logic_function_result,1,0.0,0.0,0.0,0.0,0.0,0.0,100.0,0.0,0.0,8.0,0.61
local,Qwen/Qwen3.5-9B,constrained_direct,stlc,stlc:logic_higher_order,3,0.0,100.0,100.0,0.0,0.0,0.0,0.0,0.0,0.0,2.0,0.33
local,Qwen/Qwen3.5-9B,constrained_direct,stlc,stlc:logic_identity,2,0.0,100.0,100.0,0.0,0.0,0.0,0.0,0.0,0.0,1.0,0.28
local,Qwen/Qwen3.5-9B,constrained_direct,stlc,stlc:logic_modus_ponens,2,0.0,100.0,100.0,0.0,0.0,0.0,0.0,0.0,0.0,7.5,0.59
local,Qwen/Qwen3.5-9B,constrained_direct,stlc,stlc:logic_pipeline,1,0.0,0.0,0.0,0.0,0.0,100.0,0.0,0.0,0.0,3.0,0.39
local,Qwen/Qwen3.5-9B,constrained_direct,stlc,stlc:logic_projection,1,0.0,0.0,0.0,0.0,0.0,0.0,100.0,0.0,0.0,7.0,0.56
local,Qwen/Qwen3.5-9B,constrained_direct,stlc,stlc:logic_repetition,2,0.0,100.0,100.0,0.0,0.0,0.0,0.0,0.0,0.0,10.5,0.73
local,Qwen/Qwen3.5-9B,constrained_direct,stlc,stlc:logic_substitution,2,0.0,50.0,50.0,0.0,0.0,50.0,0.0,0.0,0.0,17.5,1.14
local,Qwen/Qwen3.5-9B,constrained_direct,stlc,stlc:logic_weakening,3,0.0,100.0,100.0,0.0,0.0,0.0,0.0,0.0,0.0,6.0,0.51
local,Qwen/Qwen3.5-9B,constrained_mixed,fun,fun:boolean,2,0.0,50.0,50.0,0.0,0.0,0.0,50.0,0.0,0.0,11.0,1.29
local,Qwen/Qwen3.5-9B,constrained_mixed,fun,fun:function,4,0.0,0.0,0.0,0.0,0.0,100.0,0.0,0.0,0.0,44.5,8.6
local,Qwen/Qwen3.5-9B,constrained_mixed,fun,fun:function_application,4,0.0,0.0,0.0,0.0,0.0,50.0,50.0,0.0,0.0,49.75,4.04
local,Qwen/Qwen3.5-9B,constrained_mixed,fun,fun:function_arithmetic,12,0.0,33.33,33.33,0.0,0.0,41.67,25.0,0.0,0.0,29.58,2.88
local,Qwen/Qwen3.5-9B,constrained_mixed,fun,fun:function_closure,2,0.0,0.0,0.0,0.0,0.0,50.0,50.0,0.0,0.0,129.5,127.85
local,Qwen/Qwen3.5-9B,constrained_mixed,fun,fun:function_composition,2,0.0,0.0,0.0,0.0,0.0,100.0,0.0,0.0,0.0,65.0,13.03
local,Qwen/Qwen3.5-9B,constrained_mixed,fun,fun:function_constant,1,0.0,0.0,0.0,0.0,0.0,100.0,0.0,0.0,0.0,97.0,7.33
local,Qwen/Qwen3.5-9B,constrained_mixed,fun,fun:function_float,4,0.0,0.0,0.0,0.0,0.0,100.0,0.0,0.0,0.0,19.75,2.04
local,Qwen/Qwen3.5-9B,constrained_mixed,fun,fun:function_higher_order,2,0.0,0.0,0.0,0.0,0.0,100.0,0.0,0.0,0.0,118.0,41.13
local,Qwen/Qwen3.5-9B,constrained_mixed,imp,imp:arithmetic,2,0.0,50.0,50.0,0.0,0.0,0.0,50.0,0.0,0.0,14.0,1.49
local,Qwen/Qwen3.5-9B,constrained_mixed,imp,imp:assignment,3,0.0,0.0,0.0,0.0,0.0,66.67,33.33,0.0,0.0,79.0,4.95
local,Qwen/Qwen3.5-9B,constrained_mixed,imp,imp:boolean,2,0.0,0.0,0.0,0.0,0.0,100.0,0.0,0.0,0.0,81.0,4.98
local,Qwen/Qwen3.5-9B,constrained_mixed,imp,imp:branching,6,0.0,0.0,0.0,0.0,0.0,66.67,33.33,0.0,0.0,39.83,4.48
local,Qwen/Qwen3.5-9B,constrained_mixed,imp,imp:loops,4,0.0,0.0,0.0,0.0,0.0,25.0,75.0,0.0,0.0,81.25,5.12
local,Qwen/Qwen3.5-9B,constrained_mixed,imp,imp:mixed_control,2,0.0,0.0,0.0,0.0,0.0,50.0,50.0,0.0,0.0,64.0,4.16
local,Qwen/Qwen3.5-9B,constrained_mixed,imp,imp:nested_branching,3,0.0,0.0,0.0,0.0,0.0,0.0,100.0,0.0,0.0,57.67,3.65
local,Qwen/Qwen3.5-9B,constrained_mixed,imp,imp:sequence,3,0.0,66.67,66.67,0.0,0.0,0.0,33.33,0.0,0.0,26.33,2.07
local,Qwen/Qwen3.5-9B,constrained_mixed,imp,imp:while_loop,3,0.0,33.33,33.33,0.0,0.0,0.0,66.67,0.0,0.0,26.0,2.07
local,Qwen/Qwen3.5-9B,constrained_mixed,stlc,stlc:logic_application,2,0.0,50.0,50.0,0.0,0.0,50.0,0.0,0.0,0.0,55.5,4.08
local,Qwen/Qwen3.5-9B,constrained_mixed,stlc,stlc:logic_argument_order,1,0.0,0.0,0.0,0.0,0.0,100.0,0.0,0.0,0.0,58.0,3.83
local,Qwen/Qwen3.5-9B,constrained_mixed,stlc,stlc:logic_choice,2,0.0,100.0,100.0,0.0,0.0,0.0,0.0,0.0,0.0,15.0,1.33
local,Qwen/Qwen3.5-9B,constrained_mixed,stlc,stlc:logic_composition,6,0.0,33.33,33.33,0.0,0.0,66.67,0.0,0.0,0.0,78.33,5.73
local,Qwen/Qwen3.5-9B,constrained_mixed,stlc,stlc:logic_continuation,1,0.0,0.0,0.0,0.0,0.0,100.0,0.0,0.0,0.0,15.0,1.5
local,Qwen/Qwen3.5-9B,constrained_mixed,stlc,stlc:logic_contraction,2,0.0,50.0,50.0,0.0,0.0,50.0,0.0,0.0,0.0,17.5,1.5
local,Qwen/Qwen3.5-9B,constrained_mixed,stlc,stlc:logic_elimination,1,0.0,100.0,100.0,0.0,0.0,0.0,0.0,0.0,0.0,11.0,1.13
local,Qwen/Qwen3.5-9B,constrained_mixed,stlc,stlc:logic_eta,1,0.0,100.0,100.0,0.0,0.0,0.0,0.0,0.0,0.0,9.0,1.03
local,Qwen/Qwen3.5-9B,constrained_mixed,stlc,stlc:logic_function_result,1,0.0,0.0,0.0,0.0,0.0,100.0,0.0,0.0,0.0,18.0,1.52
local,Qwen/Qwen3.5-9B,constrained_mixed,stlc,stlc:logic_higher_order,3,0.0,0.0,0.0,0.0,0.0,66.67,33.33,0.0,0.0,116.33,6.04
local,Qwen/Qwen3.5-9B,constrained_mixed,stlc,stlc:logic_identity,2,0.0,50.0,50.0,0.0,0.0,0.0,50.0,0.0,0.0,119.5,6.01
local,Qwen/Qwen3.5-9B,constrained_mixed,stlc,stlc:logic_modus_ponens,2,0.0,100.0,100.0,0.0,0.0,0.0,0.0,0.0,0.0,72.0,3.84
local,Qwen/Qwen3.5-9B,constrained_mixed,stlc,stlc:logic_pipeline,1,0.0,0.0,0.0,0.0,0.0,100.0,0.0,0.0,0.0,105.0,7.53
local,Qwen/Qwen3.5-9B,constrained_mixed,stlc,stlc:logic_projection,1,0.0,100.0,100.0,0.0,0.0,0.0,0.0,0.0,0.0,137.0,6.76
local,Qwen/Qwen3.5-9B,constrained_mixed,stlc,stlc:logic_repetition,2,0.0,50.0,50.0,0.0,0.0,0.0,50.0,0.0,0.0,12.5,1.2
local,Qwen/Qwen3.5-9B,constrained_mixed,stlc,stlc:logic_substitution,2,0.0,50.0,50.0,0.0,0.0,0.0,50.0,0.0,0.0,24.5,1.83
local,Qwen/Qwen3.5-9B,constrained_mixed,stlc,stlc:logic_weakening,3,0.0,100.0,100.0,0.0,0.0,0.0,0.0,0.0,0.0,132.67,6.54
local,Qwen/Qwen3.5-9B,unconstrained,fun,fun:boolean,2,0.0,0.0,0.0,0.0,100.0,0.0,0.0,0.0,0.0,7.5,0.58
local,Qwen/Qwen3.5-9B,unconstrained,fun,fun:function,4,0.0,0.0,0.0,0.0,50.0,0.0,50.0,0.0,0.0,93.75,4.46
local,Qwen/Qwen3.5-9B,unconstrained,fun,fun:function_application,4,0.0,25.0,25.0,0.0,0.0,0.0,75.0,0.0,0.0,132.0,6.3
local,Qwen/Qwen3.5-9B,unconstrained,fun,fun:function_arithmetic,12,0.0,0.0,0.0,0.0,41.67,0.0,58.33,0.0,0.0,86.75,4.14
local,Qwen/Qwen3.5-9B,unconstrained,fun,fun:function_closure,2,0.0,0.0,0.0,0.0,50.0,0.0,50.0,0.0,0.0,118.0,5.56
local,Qwen/Qwen3.5-9B,unconstrained,fun,fun:function_composition,2,0.0,0.0,0.0,0.0,50.0,0.0,50.0,0.0,0.0,122.0,5.76
local,Qwen/Qwen3.5-9B,unconstrained,fun,fun:function_constant,1,0.0,100.0,100.0,0.0,0.0,0.0,0.0,0.0,0.0,96.0,4.56
local,Qwen/Qwen3.5-9B,unconstrained,fun,fun:function_float,4,0.0,0.0,0.0,0.0,75.0,0.0,25.0,0.0,0.0,110.5,5.22
local,Qwen/Qwen3.5-9B,unconstrained,fun,fun:function_higher_order,2,0.0,0.0,0.0,0.0,50.0,0.0,50.0,0.0,0.0,158.5,7.4
local,Qwen/Qwen3.5-9B,unconstrained,imp,imp:arithmetic,2,0.0,50.0,50.0,0.0,0.0,0.0,50.0,0.0,0.0,21.0,1.18
local,Qwen/Qwen3.5-9B,unconstrained,imp,imp:assignment,3,0.0,0.0,0.0,0.0,66.67,0.0,33.33,0.0,0.0,20.0,1.14
local,Qwen/Qwen3.5-9B,unconstrained,imp,imp:boolean,2,0.0,50.0,50.0,0.0,50.0,0.0,0.0,0.0,0.0,80.0,3.81
local,Qwen/Qwen3.5-9B,unconstrained,imp,imp:branching,6,0.0,0.0,0.0,0.0,83.33,0.0,16.67,0.0,0.0,124.33,5.83
local,Qwen/Qwen3.5-9B,unconstrained,imp,imp:loops,4,0.0,0.0,0.0,0.0,100.0,0.0,0.0,0.0,0.0,142.75,6.66
local,Qwen/Qwen3.5-9B,unconstrained,imp,imp:mixed_control,2,0.0,0.0,0.0,0.0,100.0,0.0,0.0,0.0,0.0,90.5,4.35
local,Qwen/Qwen3.5-9B,unconstrained,imp,imp:nested_branching,3,0.0,0.0,0.0,0.0,100.0,0.0,0.0,0.0,0.0,176.0,8.17
local,Qwen/Qwen3.5-9B,unconstrained,imp,imp:sequence,3,0.0,66.67,66.67,0.0,33.33,0.0,0.0,0.0,0.0,52.33,2.59
local,Qwen/Qwen3.5-9B,unconstrained,imp,imp:while_loop,3,0.0,0.0,0.0,0.0,100.0,0.0,0.0,0.0,0.0,80.0,3.83
local,Qwen/Qwen3.5-9B,unconstrained,stlc,stlc:logic_application,2,0.0,100.0,100.0,0.0,0.0,0.0,0.0,0.0,0.0,101.0,4.87
local,Qwen/Qwen3.5-9B,unconstrained,stlc,stlc:logic_argument_order,1,0.0,100.0,100.0,0.0,0.0,0.0,0.0,0.0,0.0,96.0,4.54
local,Qwen/Qwen3.5-9B,unconstrained,stlc,stlc:logic_choice,2,50.0,100.0,100.0,0.0,0.0,0.0,0.0,0.0,0.0,47.5,2.36
local,Qwen/Qwen3.5-9B,unconstrained,stlc,stlc:logic_composition,6,0.0,50.0,50.0,0.0,16.67,0.0,33.33,0.0,0.0,103.67,4.9
local,Qwen/Qwen3.5-9B,unconstrained,stlc,stlc:logic_continuation,1,0.0,100.0,100.0,0.0,0.0,0.0,0.0,0.0,0.0,19.0,1.1
local,Qwen/Qwen3.5-9B,unconstrained,stlc,stlc:logic_contraction,2,0.0,100.0,100.0,0.0,0.0,0.0,0.0,0.0,0.0,15.5,0.93
local,Qwen/Qwen3.5-9B,unconstrained,stlc,stlc:logic_elimination,1,0.0,100.0,100.0,0.0,0.0,0.0,0.0,0.0,0.0,72.0,3.44
local,Qwen/Qwen3.5-9B,unconstrained,stlc,stlc:logic_eta,1,100.0,100.0,100.0,0.0,0.0,0.0,0.0,0.0,0.0,8.0,0.59
local,Qwen/Qwen3.5-9B,unconstrained,stlc,stlc:logic_function_result,1,0.0,0.0,0.0,0.0,0.0,0.0,100.0,0.0,0.0,56.0,2.72
local,Qwen/Qwen3.5-9B,unconstrained,stlc,stlc:logic_higher_order,3,100.0,100.0,100.0,0.0,0.0,0.0,0.0,0.0,0.0,45.33,2.25
local,Qwen/Qwen3.5-9B,unconstrained,stlc,stlc:logic_identity,2,0.0,100.0,100.0,0.0,0.0,0.0,0.0,0.0,0.0,1.0,0.28
local,Qwen/Qwen3.5-9B,unconstrained,stlc,stlc:logic_modus_ponens,2,50.0,100.0,100.0,0.0,0.0,0.0,0.0,0.0,0.0,36.0,1.85
local,Qwen/Qwen3.5-9B,unconstrained,stlc,stlc:logic_pipeline,1,100.0,100.0,100.0,0.0,0.0,0.0,0.0,0.0,0.0,104.0,4.91
local,Qwen/Qwen3.5-9B,unconstrained,stlc,stlc:logic_projection,1,100.0,100.0,100.0,0.0,0.0,0.0,0.0,0.0,0.0,72.0,3.44
local,Qwen/Qwen3.5-9B,unconstrained,stlc,stlc:logic_repetition,2,50.0,100.0,100.0,0.0,0.0,0.0,0.0,0.0,0.0,57.0,2.79
local,Qwen/Qwen3.5-9B,unconstrained,stlc,stlc:logic_substitution,2,0.0,50.0,50.0,0.0,0.0,0.0,50.0,0.0,0.0,72.0,3.48
local,Qwen/Qwen3.5-9B,unconstrained,stlc,stlc:logic_weakening,3,100.0,100.0,100.0,0.0,0.0,0.0,0.0,0.0,0.0,46.33,2.31
local,Qwen/Qwen3.5-9B-Base,constrained_direct,fun,fun:boolean,2,0.0,100.0,100.0,0.0,0.0,0.0,0.0,0.0,0.0,9.0,0.67
local,Qwen/Qwen3.5-9B-Base,constrained_direct,fun,fun:function,4,0.0,0.0,0.0,0.0,0.0,75.0,25.0,0.0,0.0,54.5,5.44
local,Qwen/Qwen3.5-9B-Base,constrained_direct,fun,fun:function_application,4,0.0,0.0,0.0,0.0,0.0,100.0,0.0,0.0,0.0,132.0,7.33
local,Qwen/Qwen3.5-9B-Base,constrained_direct,fun,fun:function_arithmetic,12,0.0,0.0,0.0,0.0,0.0,100.0,0.0,0.0,0.0,89.67,12.58
local,Qwen/Qwen3.5-9B-Base,constrained_direct,fun,fun:function_closure,2,0.0,0.0,0.0,0.0,0.0,100.0,0.0,0.0,0.0,136.5,50.97
local,Qwen/Qwen3.5-9B-Base,constrained_direct,fun,fun:function_composition,2,0.0,0.0,0.0,0.0,0.0,100.0,0.0,0.0,0.0,119.0,9.71
local,Qwen/Qwen3.5-9B-Base,constrained_direct,fun,fun:function_constant,1,0.0,0.0,0.0,0.0,0.0,100.0,0.0,0.0,0.0,20.0,3.0
local,Qwen/Qwen3.5-9B-Base,constrained_direct,fun,fun:function_float,4,0.0,0.0,0.0,0.0,0.0,100.0,0.0,0.0,0.0,74.5,4.54
local,Qwen/Qwen3.5-9B-Base,constrained_direct,fun,fun:function_higher_order,2,0.0,0.0,0.0,0.0,0.0,100.0,0.0,0.0,0.0,103.0,6.09
local,Qwen/Qwen3.5-9B-Base,constrained_direct,imp,imp:arithmetic,2,0.0,0.0,0.0,0.0,0.0,100.0,0.0,0.0,0.0,67.5,3.8
local,Qwen/Qwen3.5-9B-Base,constrained_direct,imp,imp:assignment,3,0.0,0.0,0.0,0.0,0.0,66.67,33.33,0.0,0.0,12.0,1.9
local,Qwen/Qwen3.5-9B-Base,constrained_direct,imp,imp:boolean,2,0.0,0.0,0.0,0.0,0.0,100.0,0.0,0.0,0.0,23.0,1.39
local,Qwen/Qwen3.5-9B-Base,constrained_direct,imp,imp:branching,6,0.0,0.0,0.0,0.0,0.0,66.67,33.33,0.0,0.0,63.0,3.78
local,Qwen/Qwen3.5-9B-Base,constrained_direct,imp,imp:loops,4,0.0,0.0,0.0,0.0,0.0,100.0,0.0,0.0,0.0,110.5,6.95
local,Qwen/Qwen3.5-9B-Base,constrained_direct,imp,imp:mixed_control,2,0.0,0.0,0.0,0.0,0.0,100.0,0.0,0.0,0.0,27.0,1.92
local,Qwen/Qwen3.5-9B-Base,constrained_direct,imp,imp:nested_branching,3,0.0,0.0,0.0,0.0,0.0,66.67,33.33,0.0,0.0,121.67,7.48
local,Qwen/Qwen3.5-9B-Base,constrained_direct,imp,imp:sequence,3,0.0,33.33,33.33,0.0,0.0,66.67,0.0,0.0,0.0,84.67,5.11
local,Qwen/Qwen3.5-9B-Base,constrained_direct,imp,imp:while_loop,3,0.0,0.0,0.0,0.0,0.0,33.33,66.67,0.0,0.0,56.0,3.23
local,Qwen/Qwen3.5-9B-Base,constrained_direct,stlc,stlc:logic_application,2,0.0,100.0,100.0,0.0,0.0,0.0,0.0,0.0,0.0,18.5,1.13
local,Qwen/Qwen3.5-9B-Base,constrained_direct,stlc,stlc:logic_argument_order,1,0.0,100.0,100.0,0.0,0.0,0.0,0.0,0.0,0.0,12.0,0.81
local,Qwen/Qwen3.5-9B-Base,constrained_direct,stlc,stlc:logic_choice,2,0.0,50.0,50.0,0.0,0.0,0.0,50.0,0.0,0.0,14.0,0.9
local,Qwen/Qwen3.5-9B-Base,constrained_direct,stlc,stlc:logic_composition,6,0.0,66.67,66.67,0.0,0.0,0.0,33.33,0.0,0.0,18.33,1.12
local,Qwen/Qwen3.5-9B-Base,constrained_direct,stlc,stlc:logic_continuation,1,0.0,100.0,100.0,0.0,0.0,0.0,0.0,0.0,0.0,15.0,0.96
local,Qwen/Qwen3.5-9B-Base,constrained_direct,stlc,stlc:logic_contraction,2,0.0,100.0,100.0,0.0,0.0,0.0,0.0,0.0,0.0,13.5,0.89
local,Qwen/Qwen3.5-9B-Base,constrained_direct,stlc,stlc:logic_elimination,1,0.0,100.0,100.0,0.0,0.0,0.0,0.0,0.0,0.0,7.0,0.56
local,Qwen/Qwen3.5-9B-Base,constrained_direct,stlc,stlc:logic_eta,1,0.0,100.0,100.0,0.0,0.0,0.0,0.0,0.0,0.0,8.0,0.61
local,Qwen/Qwen3.5-9B-Base,constrained_direct,stlc,stlc:logic_function_result,1,0.0,100.0,100.0,0.0,0.0,0.0,0.0,0.0,0.0,4.0,0.42
local,Qwen/Qwen3.5-9B-Base,constrained_direct,stlc,stlc:logic_higher_order,3,0.0,100.0,100.0,0.0,0.0,0.0,0.0,0.0,0.0,2.0,0.33
local,Qwen/Qwen3.5-9B-Base,constrained_direct,stlc,stlc:logic_identity,2,0.0,50.0,50.0,0.0,0.0,0.0,50.0,0.0,0.0,3.5,0.4
local,Qwen/Qwen3.5-9B-Base,constrained_direct,stlc,stlc:logic_modus_ponens,2,0.0,100.0,100.0,0.0,0.0,0.0,0.0,0.0,0.0,7.5,0.59
local,Qwen/Qwen3.5-9B-Base,constrained_direct,stlc,stlc:logic_pipeline,1,0.0,0.0,0.0,0.0,0.0,100.0,0.0,0.0,0.0,3.0,0.39
local,Qwen/Qwen3.5-9B-Base,constrained_direct,stlc,stlc:logic_projection,1,0.0,100.0,100.0,0.0,0.0,0.0,0.0,0.0,0.0,10.0,0.7
local,Qwen/Qwen3.5-9B-Base,constrained_direct,stlc,stlc:logic_repetition,2,0.0,100.0,100.0,0.0,0.0,0.0,0.0,0.0,0.0,10.5,0.73
local,Qwen/Qwen3.5-9B-Base,constrained_direct,stlc,stlc:logic_substitution,2,0.0,100.0,100.0,0.0,0.0,0.0,0.0,0.0,0.0,20.0,1.23
local,Qwen/Qwen3.5-9B-Base,constrained_direct,stlc,stlc:logic_weakening,3,0.0,100.0,100.0,0.0,0.0,0.0,0.0,0.0,0.0,6.0,0.51
local,Qwen/Qwen3.5-9B-Base,constrained_mixed,fun,fun:boolean,2,0.0,50.0,50.0,0.0,0.0,50.0,0.0,0.0,0.0,104.0,6.24
local,Qwen/Qwen3.5-9B-Base,constrained_mixed,fun,fun:function,4,0.0,50.0,50.0,0.0,0.0,50.0,0.0,0.0,0.0,145.75,7.67
local,Qwen/Qwen3.5-9B-Base,constrained_mixed,fun,fun:function_application,4,0.0,0.0,0.0,0.0,0.0,0.0,100.0,0.0,0.0,218.75,16.46
local,Qwen/Qwen3.5-9B-Base,constrained_mixed,fun,fun:function_arithmetic,12,0.0,41.67,41.67,0.0,0.0,41.67,16.67,0.0,0.0,179.08,65.04
local,Qwen/Qwen3.5-9B-Base,constrained_mixed,fun,fun:function_closure,2,0.0,0.0,0.0,0.0,0.0,50.0,50.0,0.0,0.0,261.0,20.37
local,Qwen/Qwen3.5-9B-Base,constrained_mixed,fun,fun:function_composition,2,0.0,0.0,0.0,0.0,0.0,50.0,50.0,0.0,0.0,156.5,13.56
local,Qwen/Qwen3.5-9B-Base,constrained_mixed,fun,fun:function_constant,1,0.0,0.0,0.0,0.0,0.0,100.0,0.0,0.0,0.0,224.0,12.28
local,Qwen/Qwen3.5-9B-Base,constrained_mixed,fun,fun:function_float,4,0.0,0.0,0.0,0.0,0.0,100.0,0.0,0.0,0.0,142.5,7.73
local,Qwen/Qwen3.5-9B-Base,constrained_mixed,fun,fun:function_higher_order,2,0.0,0.0,0.0,0.0,0.0,0.0,100.0,0.0,0.0,164.5,8.55
local,Qwen/Qwen3.5-9B-Base,constrained_mixed,imp,imp:arithmetic,2,0.0,0.0,0.0,0.0,0.0,100.0,0.0,0.0,0.0,208.0,10.76
local,Qwen/Qwen3.5-9B-Base,constrained_mixed,imp,imp:assignment,3,0.0,0.0,0.0,0.0,0.0,0.0,100.0,0.0,0.0,146.33,7.49
local,Qwen/Qwen3.5-9B-Base,constrained_mixed,imp,imp:boolean,2,0.0,0.0,0.0,0.0,0.0,50.0,50.0,0.0,0.0,175.5,8.96
local,Qwen/Qwen3.5-9B-Base,constrained_mixed,imp,imp:branching,6,0.0,0.0,0.0,0.0,0.0,16.67,83.33,0.0,0.0,174.83,9.02
local,Qwen/Qwen3.5-9B-Base,constrained_mixed,imp,imp:loops,4,0.0,0.0,0.0,0.0,0.0,75.0,25.0,0.0,0.0,269.25,15.08
local,Qwen/Qwen3.5-9B-Base,constrained_mixed,imp,imp:mixed_control,2,0.0,0.0,0.0,0.0,0.0,100.0,0.0,0.0,0.0,226.0,12.53
local,Qwen/Qwen3.5-9B-Base,constrained_mixed,imp,imp:nested_branching,3,0.0,33.33,33.33,0.0,0.0,66.67,0.0,0.0,0.0,215.33,11.76
local,Qwen/Qwen3.5-9B-Base,constrained_mixed,imp,imp:sequence,3,0.0,66.67,66.67,0.0,0.0,0.0,33.33,0.0,0.0,147.67,7.56
local,Qwen/Qwen3.5-9B-Base,constrained_mixed,imp,imp:while_loop,3,0.0,33.33,33.33,0.0,0.0,0.0,66.67,0.0,0.0,150.0,7.63
local,Qwen/Qwen3.5-9B-Base,constrained_mixed,stlc,stlc:logic_application,2,0.0,50.0,50.0,0.0,0.0,50.0,0.0,0.0,0.0,151.0,7.92
local,Qwen/Qwen3.5-9B-Base,constrained_mixed,stlc,stlc:logic_argument_order,1,0.0,0.0,0.0,0.0,0.0,100.0,0.0,0.0,0.0,163.0,8.21
local,Qwen/Qwen3.5-9B-Base,constrained_mixed,stlc,stlc:logic_choice,2,0.0,50.0,50.0,0.0,0.0,50.0,0.0,0.0,0.0,151.0,7.56
local,Qwen/Qwen3.5-9B-Base,constrained_mixed,stlc,stlc:logic_composition,6,0.0,33.33,33.33,0.0,0.0,50.0,16.67,0.0,0.0,173.67,8.94
local,Qwen/Qwen3.5-9B-Base,constrained_mixed,stlc,stlc:logic_continuation,1,0.0,100.0,100.0,0.0,0.0,0.0,0.0,0.0,0.0,144.0,7.15
local,Qwen/Qwen3.5-9B-Base,constrained_mixed,stlc,stlc:logic_contraction,2,0.0,50.0,50.0,0.0,0.0,0.0,50.0,0.0,0.0,143.5,7.18
local,Qwen/Qwen3.5-9B-Base,constrained_mixed,stlc,stlc:logic_elimination,1,0.0,100.0,100.0,0.0,0.0,0.0,0.0,0.0,0.0,138.0,6.86
local,Qwen/Qwen3.5-9B-Base,constrained_mixed,stlc,stlc:logic_eta,1,0.0,100.0,100.0,0.0,0.0,0.0,0.0,0.0,0.0,136.0,6.76
local,Qwen/Qwen3.5-9B-Base,constrained_mixed,stlc,stlc:logic_function_result,1,0.0,100.0,100.0,0.0,0.0,0.0,0.0,0.0,0.0,132.0,6.57
local,Qwen/Qwen3.5-9B-Base,constrained_mixed,stlc,stlc:logic_higher_order,3,0.0,66.67,66.67,0.0,0.0,33.33,0.0,0.0,0.0,146.33,7.98
local,Qwen/Qwen3.5-9B-Base,constrained_mixed,stlc,stlc:logic_identity,2,0.0,0.0,0.0,0.0,0.0,50.0,50.0,0.0,0.0,117.0,6.02
local,Qwen/Qwen3.5-9B-Base,constrained_mixed,stlc,stlc:logic_modus_ponens,2,0.0,100.0,100.0,0.0,0.0,0.0,0.0,0.0,0.0,107.5,5.49
local,Qwen/Qwen3.5-9B-Base,constrained_mixed,stlc,stlc:logic_pipeline,1,0.0,0.0,0.0,0.0,0.0,0.0,100.0,0.0,0.0,146.0,7.29
local,Qwen/Qwen3.5-9B-Base,constrained_mixed,stlc,stlc:logic_projection,1,0.0,0.0,0.0,0.0,0.0,100.0,0.0,0.0,0.0,165.0,8.31
local,Qwen/Qwen3.5-9B-Base,constrained_mixed,stlc,stlc:logic_repetition,2,0.0,50.0,50.0,0.0,0.0,50.0,0.0,0.0,0.0,176.5,9.16
local,Qwen/Qwen3.5-9B-Base,constrained_mixed,stlc,stlc:logic_substitution,2,0.0,0.0,0.0,0.0,0.0,100.0,0.0,0.0,0.0,256.0,17.06
local,Qwen/Qwen3.5-9B-Base,constrained_mixed,stlc,stlc:logic_weakening,3,0.0,100.0,100.0,0.0,0.0,0.0,0.0,0.0,0.0,123.33,6.18
local,Qwen/Qwen3.5-9B-Base,unconstrained,fun,fun:boolean,2,0.0,50.0,50.0,0.0,50.0,0.0,0.0,0.0,0.0,8.5,0.62
local,Qwen/Qwen3.5-9B-Base,unconstrained,fun,fun:function,4,0.0,0.0,0.0,0.0,50.0,0.0,50.0,0.0,0.0,20.25,1.15
local,Qwen/Qwen3.5-9B-Base,unconstrained,fun,fun:function_application,4,0.0,0.0,0.0,0.0,25.0,0.0,75.0,0.0,0.0,27.5,1.48
local,Qwen/Qwen3.5-9B-Base,unconstrained,fun,fun:function_arithmetic,12,0.0,0.0,0.0,0.0,50.0,0.0,50.0,0.0,0.0,37.83,1.95
local,Qwen/Qwen3.5-9B-Base,unconstrained,fun,fun:function_closure,2,0.0,0.0,0.0,0.0,0.0,0.0,100.0,0.0,0.0,42.5,2.16
local,Qwen/Qwen3.5-9B-Base,unconstrained,fun,fun:function_composition,2,0.0,0.0,0.0,0.0,0.0,0.0,100.0,0.0,0.0,43.5,2.21
local,Qwen/Qwen3.5-9B-Base,unconstrained,fun,fun:function_constant,1,0.0,100.0,100.0,0.0,0.0,0.0,0.0,0.0,0.0,12.0,0.78
local,Qwen/Qwen3.5-9B-Base,unconstrained,fun,fun:function_float,4,0.0,0.0,0.0,0.0,75.0,0.0,25.0,0.0,0.0,49.25,2.46
local,Qwen/Qwen3.5-9B-Base,unconstrained,fun,fun:function_higher_order,2,0.0,0.0,0.0,0.0,100.0,0.0,0.0,0.0,0.0,25.5,1.39
local,Qwen/Qwen3.5-9B-Base,unconstrained,imp,imp:arithmetic,2,0.0,50.0,50.0,0.0,50.0,0.0,0.0,0.0,0.0,15.5,0.93
local,Qwen/Qwen3.5-9B-Base,unconstrained,imp,imp:assignment,3,33.33,33.33,33.33,0.0,66.67,0.0,0.0,0.0,0.0,16.67,0.99
local,Qwen/Qwen3.5-9B-Base,unconstrained,imp,imp:boolean,2,50.0,50.0,50.0,0.0,50.0,0.0,0.0,0.0,0.0,17.0,1.01
local,Qwen/Qwen3.5-9B-Base,unconstrained,imp,imp:branching,6,0.0,0.0,0.0,0.0,100.0,0.0,0.0,0.0,0.0,40.67,2.07
local,Qwen/Qwen3.5-9B-Base,unconstrained,imp,imp:loops,4,0.0,0.0,0.0,0.0,75.0,0.0,25.0,0.0,0.0,85.25,4.08
local,Qwen/Qwen3.5-9B-Base,unconstrained,imp,imp:mixed_control,2,0.0,0.0,0.0,0.0,50.0,50.0,0.0,0.0,0.0,43.0,2.18
local,Qwen/Qwen3.5-9B-Base,unconstrained,imp,imp:nested_branching,3,0.0,0.0,0.0,0.0,100.0,0.0,0.0,0.0,0.0,77.0,3.71
local,Qwen/Qwen3.5-9B-Base,unconstrained,imp,imp:sequence,3,0.0,0.0,0.0,0.0,66.67,0.0,33.33,0.0,0.0,25.67,1.4
local,Qwen/Qwen3.5-9B-Base,unconstrained,imp,imp:while_loop,3,0.0,0.0,0.0,0.0,100.0,0.0,0.0,0.0,0.0,23.67,1.3
local,Qwen/Qwen3.5-9B-Base,unconstrained,stlc,stlc:logic_application,2,0.0,100.0,100.0,0.0,0.0,0.0,0.0,0.0,0.0,18.5,1.08
local,Qwen/Qwen3.5-9B-Base,unconstrained,stlc,stlc:logic_argument_order,1,0.0,100.0,100.0,0.0,0.0,0.0,0.0,0.0,0.0,11.0,0.73
local,Qwen/Qwen3.5-9B-Base,unconstrained,stlc,stlc:logic_choice,2,100.0,100.0,100.0,0.0,0.0,0.0,0.0,0.0,0.0,14.0,0.86
local,Qwen/Qwen3.5-9B-Base,unconstrained,stlc,stlc:logic_composition,6,0.0,66.67,66.67,0.0,16.67,0.0,16.67,0.0,0.0,19.83,1.13
local,Qwen/Qwen3.5-9B-Base,unconstrained,stlc,stlc:logic_continuation,1,0.0,100.0,100.0,0.0,0.0,0.0,0.0,0.0,0.0,15.0,0.91
local,Qwen/Qwen3.5-9B-Base,unconstrained,stlc,stlc:logic_contraction,2,0.0,100.0,100.0,0.0,0.0,0.0,0.0,0.0,0.0,13.5,0.84
local,Qwen/Qwen3.5-9B-Base,unconstrained,stlc,stlc:logic_elimination,1,0.0,0.0,0.0,0.0,100.0,0.0,0.0,0.0,0.0,10.0,0.68
local,Qwen/Qwen3.5-9B-Base,unconstrained,stlc,stlc:logic_eta,1,0.0,100.0,100.0,0.0,0.0,0.0,0.0,0.0,0.0,8.0,0.59
local,Qwen/Qwen3.5-9B-Base,unconstrained,stlc,stlc:logic_function_result,1,0.0,0.0,0.0,0.0,0.0,0.0,100.0,0.0,0.0,9.0,0.64
local,Qwen/Qwen3.5-9B-Base,unconstrained,stlc,stlc:logic_higher_order,3,100.0,100.0,100.0,0.0,0.0,0.0,0.0,0.0,0.0,2.0,0.32
local,Qwen/Qwen3.5-9B-Base,unconstrained,stlc,stlc:logic_identity,2,0.0,50.0,50.0,0.0,0.0,0.0,50.0,0.0,0.0,2.5,0.35
local,Qwen/Qwen3.5-9B-Base,unconstrained,stlc,stlc:logic_modus_ponens,2,100.0,100.0,100.0,0.0,0.0,0.0,0.0,0.0,0.0,7.5,0.57
local,Qwen/Qwen3.5-9B-Base,unconstrained,stlc,stlc:logic_pipeline,1,100.0,100.0,100.0,0.0,0.0,0.0,0.0,0.0,0.0,19.0,1.09
local,Qwen/Qwen3.5-9B-Base,unconstrained,stlc,stlc:logic_projection,1,100.0,100.0,100.0,0.0,0.0,0.0,0.0,0.0,0.0,9.0,0.65
local,Qwen/Qwen3.5-9B-Base,unconstrained,stlc,stlc:logic_repetition,2,50.0,100.0,100.0,0.0,0.0,0.0,0.0,0.0,0.0,10.5,0.71
local,Qwen/Qwen3.5-9B-Base,unconstrained,stlc,stlc:logic_substitution,2,0.0,0.0,0.0,0.0,0.0,0.0,100.0,0.0,0.0,23.5,1.3
local,Qwen/Qwen3.5-9B-Base,unconstrained,stlc,stlc:logic_weakening,3,100.0,100.0,100.0,0.0,0.0,0.0,0.0,0.0,0.0,4.67,0.44
local,deepseek-ai/DeepSeek-R1-Distill-Qwen-7B,constrained_direct,fun,fun:boolean,2,0.0,0.0,0.0,0.0,0.0,100.0,0.0,0.0,0.0,12.0,21.99
local,deepseek-ai/DeepSeek-R1-Distill-Qwen-7B,constrained_direct,fun,fun:function,4,0.0,0.0,0.0,0.0,0.0,75.0,25.0,0.0,0.0,45.0,45.23
local,deepseek-ai/DeepSeek-R1-Distill-Qwen-7B,constrained_direct,fun,fun:function_application,4,0.0,0.0,0.0,0.0,0.0,100.0,0.0,0.0,0.0,76.75,24.0
local,deepseek-ai/DeepSeek-R1-Distill-Qwen-7B,constrained_direct,fun,fun:function_arithmetic,12,0.0,0.0,0.0,0.0,0.0,100.0,0.0,0.0,0.0,48.0,33.11
local,deepseek-ai/DeepSeek-R1-Distill-Qwen-7B,constrained_direct,fun,fun:function_closure,2,0.0,0.0,0.0,0.0,0.0,100.0,0.0,0.0,0.0,49.5,15.25
local,deepseek-ai/DeepSeek-R1-Distill-Qwen-7B,constrained_direct,fun,fun:function_composition,2,0.0,0.0,0.0,0.0,0.0,100.0,0.0,0.0,0.0,65.5,12.9
local,deepseek-ai/DeepSeek-R1-Distill-Qwen-7B,constrained_direct,fun,fun:function_constant,1,0.0,0.0,0.0,0.0,0.0,100.0,0.0,0.0,0.0,15.0,13.34
local,deepseek-ai/DeepSeek-R1-Distill-Qwen-7B,constrained_direct,fun,fun:function_float,4,0.0,0.0,0.0,0.0,0.0,100.0,0.0,0.0,0.0,82.75,6.05
local,deepseek-ai/DeepSeek-R1-Distill-Qwen-7B,constrained_direct,fun,fun:function_higher_order,2,0.0,0.0,0.0,0.0,0.0,100.0,0.0,0.0,0.0,184.0,74.64
local,deepseek-ai/DeepSeek-R1-Distill-Qwen-7B,constrained_direct,imp,imp:arithmetic,2,0.0,0.0,0.0,0.0,0.0,100.0,0.0,0.0,0.0,3.0,26.45
local,deepseek-ai/DeepSeek-R1-Distill-Qwen-7B,constrained_direct,imp,imp:assignment,3,0.0,0.0,0.0,0.0,0.0,66.67,33.33,0.0,0.0,6.33,1.76
local,deepseek-ai/DeepSeek-R1-Distill-Qwen-7B,constrained_direct,imp,imp:boolean,2,0.0,0.0,0.0,0.0,0.0,50.0,50.0,0.0,0.0,35.5,13.49
local,deepseek-ai/DeepSeek-R1-Distill-Qwen-7B,constrained_direct,imp,imp:branching,6,0.0,0.0,0.0,0.0,0.0,0.0,100.0,0.0,0.0,18.0,0.52
local,deepseek-ai/DeepSeek-R1-Distill-Qwen-7B,constrained_direct,imp,imp:loops,4,0.0,0.0,0.0,0.0,0.0,50.0,50.0,0.0,0.0,21.5,0.76
local,deepseek-ai/DeepSeek-R1-Distill-Qwen-7B,constrained_direct,imp,imp:mixed_control,2,0.0,0.0,0.0,0.0,0.0,50.0,50.0,0.0,0.0,28.5,3.75
local,deepseek-ai/DeepSeek-R1-Distill-Qwen-7B,constrained_direct,imp,imp:nested_branching,3,0.0,0.0,0.0,0.0,0.0,100.0,0.0,0.0,0.0,9.0,17.77
local,deepseek-ai/DeepSeek-R1-Distill-Qwen-7B,constrained_direct,imp,imp:sequence,3,0.0,33.33,33.33,0.0,0.0,66.67,0.0,0.0,0.0,23.67,7.93
local,deepseek-ai/DeepSeek-R1-Distill-Qwen-7B,constrained_direct,imp,imp:while_loop,3,0.0,33.33,33.33,0.0,0.0,33.33,33.33,0.0,0.0,9.33,1.07
local,deepseek-ai/DeepSeek-R1-Distill-Qwen-7B,constrained_direct,stlc,stlc:logic_application,2,0.0,0.0,0.0,0.0,0.0,100.0,0.0,0.0,0.0,2.0,4.21
local,deepseek-ai/DeepSeek-R1-Distill-Qwen-7B,constrained_direct,stlc,stlc:logic_argument_order,1,0.0,0.0,0.0,0.0,0.0,100.0,0.0,0.0,0.0,96.0,8.29
local,deepseek-ai/DeepSeek-R1-Distill-Qwen-7B,constrained_direct,stlc,stlc:logic_choice,2,0.0,0.0,0.0,0.0,0.0,100.0,0.0,0.0,0.0,2.0,3.32
local,deepseek-ai/DeepSeek-R1-Distill-Qwen-7B,constrained_direct,stlc,stlc:logic_composition,6,0.0,0.0,0.0,0.0,0.0,100.0,0.0,0.0,0.0,12.17,4.01
local,deepseek-ai/DeepSeek-R1-Distill-Qwen-7B,constrained_direct,stlc,stlc:logic_continuation,1,0.0,0.0,0.0,0.0,0.0,100.0,0.0,0.0,0.0,2.0,3.32
local,deepseek-ai/DeepSeek-R1-Distill-Qwen-7B,constrained_direct,stlc,stlc:logic_contraction,2,0.0,0.0,0.0,0.0,0.0,50.0,50.0,0.0,0.0,1.5,1.6
local,deepseek-ai/DeepSeek-R1-Distill-Qwen-7B,constrained_direct,stlc,stlc:logic_elimination,1,0.0,0.0,0.0,0.0,0.0,0.0,100.0,0.0,0.0,6.0,2.9
local,deepseek-ai/DeepSeek-R1-Distill-Qwen-7B,constrained_direct,stlc,stlc:logic_eta,1,0.0,0.0,0.0,0.0,0.0,0.0,100.0,0.0,0.0,3.0,0.87
local,deepseek-ai/DeepSeek-R1-Distill-Qwen-7B,constrained_direct,stlc,stlc:logic_function_result,1,0.0,0.0,0.0,0.0,0.0,0.0,100.0,0.0,0.0,4.0,19.62
local,deepseek-ai/DeepSeek-R1-Distill-Qwen-7B,constrained_direct,stlc,stlc:logic_higher_order,3,0.0,0.0,0.0,0.0,0.0,66.67,33.33,0.0,0.0,2.33,4.68
local,deepseek-ai/DeepSeek-R1-Distill-Qwen-7B,constrained_direct,stlc,stlc:logic_identity,2,0.0,0.0,0.0,0.0,0.0,50.0,50.0,0.0,0.0,3.0,12.1
local,deepseek-ai/DeepSeek-R1-Distill-Qwen-7B,constrained_direct,stlc,stlc:logic_modus_ponens,2,0.0,0.0,0.0,0.0,0.0,100.0,0.0,0.0,0.0,2.5,1.8
local,deepseek-ai/DeepSeek-R1-Distill-Qwen-7B,constrained_direct,stlc,stlc:logic_pipeline,1,0.0,0.0,0.0,0.0,0.0,0.0,100.0,0.0,0.0,1.0,39.8
local,deepseek-ai/DeepSeek-R1-Distill-Qwen-7B,constrained_direct,stlc,stlc:logic_projection,1,0.0,0.0,0.0,0.0,0.0,0.0,100.0,0.0,0.0,7.0,4.04
local,deepseek-ai/DeepSeek-R1-Distill-Qwen-7B,constrained_direct,stlc,stlc:logic_repetition,2,0.0,0.0,0.0,0.0,0.0,100.0,0.0,0.0,0.0,4.0,3.1
local,deepseek-ai/DeepSeek-R1-Distill-Qwen-7B,constrained_direct,stlc,stlc:logic_substitution,2,0.0,0.0,0.0,0.0,0.0,100.0,0.0,0.0,0.0,2.0,3.67
local,deepseek-ai/DeepSeek-R1-Distill-Qwen-7B,constrained_direct,stlc,stlc:logic_weakening,3,0.0,0.0,0.0,0.0,0.0,33.33,66.67,0.0,0.0,3.67,15.93
local,deepseek-ai/DeepSeek-R1-Distill-Qwen-7B,constrained_mixed,fun,fun:boolean,2,0.0,0.0,0.0,0.0,0.0,100.0,0.0,0.0,0.0,74.0,3.31
local,deepseek-ai/DeepSeek-R1-Distill-Qwen-7B,constrained_mixed,fun,fun:function,4,0.0,0.0,0.0,0.0,0.0,100.0,0.0,0.0,0.0,96.75,5.56
local,deepseek-ai/DeepSeek-R1-Distill-Qwen-7B,constrained_mixed,fun,fun:function_application,4,0.0,0.0,0.0,0.0,0.0,100.0,0.0,0.0,0.0,77.25,6.2
local,deepseek-ai/DeepSeek-R1-Distill-Qwen-7B,constrained_mixed,fun,fun:function_arithmetic,12,0.0,8.33,8.33,0.0,0.0,91.67,0.0,0.0,0.0,135.75,7.23
local,deepseek-ai/DeepSeek-R1-Distill-Qwen-7B,constrained_mixed,fun,fun:function_closure,2,0.0,0.0,0.0,0.0,0.0,100.0,0.0,0.0,0.0,81.5,2.36
local,deepseek-ai/DeepSeek-R1-Distill-Qwen-7B,constrained_mixed,fun,fun:function_composition,2,0.0,0.0,0.0,0.0,0.0,100.0,0.0,0.0,0.0,176.5,37.61
local,deepseek-ai/DeepSeek-R1-Distill-Qwen-7B,constrained_mixed,fun,fun:function_constant,1,0.0,0.0,0.0,0.0,0.0,100.0,0.0,0.0,0.0,224.0,72.76
local,deepseek-ai/DeepSeek-R1-Distill-Qwen-7B,constrained_mixed,fun,fun:function_float,4,0.0,0.0,0.0,0.0,0.0,100.0,0.0,0.0,0.0,86.25,3.43
local,deepseek-ai/DeepSeek-R1-Distill-Qwen-7B,constrained_mixed,fun,fun:function_higher_order,2,0.0,0.0,0.0,0.0,0.0,100.0,0.0,0.0,0.0,163.0,17.31
local,deepseek-ai/DeepSeek-R1-Distill-Qwen-7B,constrained_mixed,imp,imp:arithmetic,2,0.0,0.0,0.0,0.0,0.0,100.0,0.0,0.0,0.0,130.5,23.73
local,deepseek-ai/DeepSeek-R1-Distill-Qwen-7B,constrained_mixed,imp,imp:assignment,3,0.0,0.0,0.0,0.0,0.0,66.67,33.33,0.0,0.0,135.67,3.4
local,deepseek-ai/DeepSeek-R1-Distill-Qwen-7B,constrained_mixed,imp,imp:boolean,2,0.0,0.0,0.0,0.0,0.0,50.0,50.0,0.0,0.0,137.0,21.66
local,deepseek-ai/DeepSeek-R1-Distill-Qwen-7B,constrained_mixed,imp,imp:branching,6,0.0,0.0,0.0,0.0,0.0,83.33,16.67,0.0,0.0,151.17,3.79
local,deepseek-ai/DeepSeek-R1-Distill-Qwen-7B,constrained_mixed,imp,imp:loops,4,0.0,0.0,0.0,0.0,0.0,25.0,75.0,0.0,0.0,144.75,3.42
local,deepseek-ai/DeepSeek-R1-Distill-Qwen-7B,constrained_mixed,imp,imp:mixed_control,2,0.0,0.0,0.0,0.0,0.0,50.0,50.0,0.0,0.0,153.5,3.61
local,deepseek-ai/DeepSeek-R1-Distill-Qwen-7B,constrained_mixed,imp,imp:nested_branching,3,0.0,0.0,0.0,0.0,0.0,100.0,0.0,0.0,0.0,136.33,12.06
local,deepseek-ai/DeepSeek-R1-Distill-Qwen-7B,constrained_mixed,imp,imp:sequence,3,0.0,33.33,33.33,0.0,0.0,33.33,33.33,0.0,0.0,136.0,7.77
local,deepseek-ai/DeepSeek-R1-Distill-Qwen-7B,constrained_mixed,imp,imp:while_loop,3,0.0,33.33,33.33,0.0,0.0,66.67,0.0,0.0,0.0,138.67,3.22
local,deepseek-ai/DeepSeek-R1-Distill-Qwen-7B,constrained_mixed,stlc,stlc:logic_application,2,0.0,0.0,0.0,0.0,0.0,100.0,0.0,0.0,0.0,130.0,3.35
local,deepseek-ai/DeepSeek-R1-Distill-Qwen-7B,constrained_mixed,stlc,stlc:logic_argument_order,1,0.0,0.0,0.0,0.0,0.0,100.0,0.0,0.0,0.0,130.0,3.04
local,deepseek-ai/DeepSeek-R1-Distill-Qwen-7B,constrained_mixed,stlc,stlc:logic_choice,2,0.0,0.0,0.0,0.0,0.0,100.0,0.0,0.0,0.0,130.0,3.14
local,deepseek-ai/DeepSeek-R1-Distill-Qwen-7B,constrained_mixed,stlc,stlc:logic_composition,6,0.0,0.0,0.0,0.0,0.0,83.33,16.67,0.0,0.0,130.67,5.91
local,deepseek-ai/DeepSeek-R1-Distill-Qwen-7B,constrained_mixed,stlc,stlc:logic_continuation,1,0.0,0.0,0.0,0.0,0.0,100.0,0.0,0.0,0.0,130.0,3.53
local,deepseek-ai/DeepSeek-R1-Distill-Qwen-7B,constrained_mixed,stlc,stlc:logic_contraction,2,0.0,0.0,0.0,0.0,0.0,50.0,50.0,0.0,0.0,129.5,3.13
local,deepseek-ai/DeepSeek-R1-Distill-Qwen-7B,constrained_mixed,stlc,stlc:logic_elimination,1,0.0,0.0,0.0,0.0,0.0,100.0,0.0,0.0,0.0,131.0,3.43
local,deepseek-ai/DeepSeek-R1-Distill-Qwen-7B,constrained_mixed,stlc,stlc:logic_eta,1,0.0,0.0,0.0,0.0,0.0,100.0,0.0,0.0,0.0,130.0,3.1
local,deepseek-ai/DeepSeek-R1-Distill-Qwen-7B,constrained_mixed,stlc,stlc:logic_function_result,1,0.0,0.0,0.0,0.0,0.0,100.0,0.0,0.0,0.0,131.0,3.1
local,deepseek-ai/DeepSeek-R1-Distill-Qwen-7B,constrained_mixed,stlc,stlc:logic_higher_order,3,0.0,33.33,33.33,0.0,0.0,66.67,0.0,0.0,0.0,129.0,3.16
local,deepseek-ai/DeepSeek-R1-Distill-Qwen-7B,constrained_mixed,stlc,stlc:logic_identity,2,0.0,0.0,0.0,0.0,0.0,100.0,0.0,0.0,0.0,128.0,2.98
local,deepseek-ai/DeepSeek-R1-Distill-Qwen-7B,constrained_mixed,stlc,stlc:logic_modus_ponens,2,0.0,0.0,0.0,0.0,0.0,100.0,0.0,0.0,0.0,129.0,3.04
local,deepseek-ai/DeepSeek-R1-Distill-Qwen-7B,constrained_mixed,stlc,stlc:logic_pipeline,1,0.0,0.0,0.0,0.0,0.0,0.0,100.0,0.0,0.0,129.0,21.72
local,deepseek-ai/DeepSeek-R1-Distill-Qwen-7B,constrained_mixed,stlc,stlc:logic_projection,1,0.0,0.0,0.0,0.0,0.0,100.0,0.0,0.0,0.0,130.0,3.67
local,deepseek-ai/DeepSeek-R1-Distill-Qwen-7B,constrained_mixed,stlc,stlc:logic_repetition,2,0.0,0.0,0.0,0.0,0.0,100.0,0.0,0.0,0.0,131.5,3.2
local,deepseek-ai/DeepSeek-R1-Distill-Qwen-7B,constrained_mixed,stlc,stlc:logic_substitution,2,0.0,0.0,0.0,0.0,0.0,100.0,0.0,0.0,0.0,130.0,3.99
local,deepseek-ai/DeepSeek-R1-Distill-Qwen-7B,constrained_mixed,stlc,stlc:logic_weakening,3,0.0,0.0,0.0,0.0,0.0,100.0,0.0,0.0,0.0,131.0,4.79
local,deepseek-ai/DeepSeek-R1-Distill-Qwen-7B,unconstrained,fun,fun:boolean,2,0.0,0.0,0.0,0.0,100.0,0.0,0.0,0.0,0.0,9.0,0.23
local,deepseek-ai/DeepSeek-R1-Distill-Qwen-7B,unconstrained,fun,fun:function,4,0.0,0.0,0.0,0.0,100.0,0.0,0.0,0.0,0.0,65.5,1.49
local,deepseek-ai/DeepSeek-R1-Distill-Qwen-7B,unconstrained,fun,fun:function_application,4,0.0,0.0,0.0,0.0,100.0,0.0,0.0,0.0,0.0,46.75,1.09
local,deepseek-ai/DeepSeek-R1-Distill-Qwen-7B,unconstrained,fun,fun:function_arithmetic,12,0.0,0.0,0.0,0.0,100.0,0.0,0.0,0.0,0.0,112.42,2.54
local,deepseek-ai/DeepSeek-R1-Distill-Qwen-7B,unconstrained,fun,fun:function_closure,2,0.0,0.0,0.0,0.0,50.0,0.0,50.0,0.0,0.0,208.0,4.68
local,deepseek-ai/DeepSeek-R1-Distill-Qwen-7B,unconstrained,fun,fun:function_composition,2,0.0,0.0,0.0,0.0,100.0,0.0,0.0,0.0,0.0,57.0,1.32
local,deepseek-ai/DeepSeek-R1-Distill-Qwen-7B,unconstrained,fun,fun:function_constant,1,0.0,0.0,0.0,0.0,100.0,0.0,0.0,0.0,0.0,96.0,2.16
local,deepseek-ai/DeepSeek-R1-Distill-Qwen-7B,unconstrained,fun,fun:function_float,4,0.0,0.0,0.0,0.0,100.0,0.0,0.0,0.0,0.0,140.0,3.15
local,deepseek-ai/DeepSeek-R1-Distill-Qwen-7B,unconstrained,fun,fun:function_higher_order,2,0.0,0.0,0.0,0.0,100.0,0.0,0.0,0.0,0.0,136.5,3.09
local,deepseek-ai/DeepSeek-R1-Distill-Qwen-7B,unconstrained,imp,imp:arithmetic,2,0.0,0.0,0.0,0.0,100.0,0.0,0.0,0.0,0.0,57.0,1.3
local,deepseek-ai/DeepSeek-R1-Distill-Qwen-7B,unconstrained,imp,imp:assignment,3,0.0,0.0,0.0,0.0,100.0,0.0,0.0,0.0,0.0,66.33,1.51
local,deepseek-ai/DeepSeek-R1-Distill-Qwen-7B,unconstrained,imp,imp:boolean,2,0.0,0.0,0.0,0.0,100.0,0.0,0.0,0.0,0.0,80.0,1.81
local,deepseek-ai/DeepSeek-R1-Distill-Qwen-7B,unconstrained,imp,imp:branching,6,0.0,0.0,0.0,0.0,100.0,0.0,0.0,0.0,0.0,76.5,1.75
local,deepseek-ai/DeepSeek-R1-Distill-Qwen-7B,unconstrained,imp,imp:loops,4,0.0,0.0,0.0,0.0,100.0,0.0,0.0,0.0,0.0,104.0,2.35
local,deepseek-ai/DeepSeek-R1-Distill-Qwen-7B,unconstrained,imp,imp:mixed_control,2,0.0,0.0,0.0,0.0,100.0,0.0,0.0,0.0,0.0,153.0,3.46
local,deepseek-ai/DeepSeek-R1-Distill-Qwen-7B,unconstrained,imp,imp:nested_branching,3,0.0,0.0,0.0,0.0,100.0,0.0,0.0,0.0,0.0,106.33,2.42
local,deepseek-ai/DeepSeek-R1-Distill-Qwen-7B,unconstrained,imp,imp:sequence,3,0.0,0.0,0.0,0.0,100.0,0.0,0.0,0.0,0.0,58.33,1.34
local,deepseek-ai/DeepSeek-R1-Distill-Qwen-7B,unconstrained,imp,imp:while_loop,3,0.0,0.0,0.0,0.0,100.0,0.0,0.0,0.0,0.0,65.67,1.5
local,deepseek-ai/DeepSeek-R1-Distill-Qwen-7B,unconstrained,stlc,stlc:logic_application,2,0.0,0.0,0.0,0.0,100.0,0.0,0.0,0.0,0.0,116.0,2.61
local,deepseek-ai/DeepSeek-R1-Distill-Qwen-7B,unconstrained,stlc,stlc:logic_argument_order,1,0.0,0.0,0.0,0.0,100.0,0.0,0.0,0.0,0.0,96.0,2.16
local,deepseek-ai/DeepSeek-R1-Distill-Qwen-7B,unconstrained,stlc,stlc:logic_choice,2,0.0,0.0,0.0,0.0,100.0,0.0,0.0,0.0,0.0,42.0,0.96
local,deepseek-ai/DeepSeek-R1-Distill-Qwen-7B,unconstrained,stlc,stlc:logic_composition,6,0.0,0.0,0.0,0.0,100.0,0.0,0.0,0.0,0.0,94.67,2.14
local,deepseek-ai/DeepSeek-R1-Distill-Qwen-7B,unconstrained,stlc,stlc:logic_continuation,1,0.0,0.0,0.0,0.0,100.0,0.0,0.0,0.0,0.0,96.0,2.16
local,deepseek-ai/DeepSeek-R1-Distill-Qwen-7B,unconstrained,stlc,stlc:logic_contraction,2,0.0,0.0,0.0,0.0,100.0,0.0,0.0,0.0,0.0,94.5,2.14
local,deepseek-ai/DeepSeek-R1-Distill-Qwen-7B,unconstrained,stlc,stlc:logic_elimination,1,0.0,0.0,0.0,0.0,100.0,0.0,0.0,0.0,0.0,72.0,1.62
local,deepseek-ai/DeepSeek-R1-Distill-Qwen-7B,unconstrained,stlc,stlc:logic_eta,1,0.0,0.0,0.0,0.0,100.0,0.0,0.0,0.0,0.0,64.0,1.44
local,deepseek-ai/DeepSeek-R1-Distill-Qwen-7B,unconstrained,stlc,stlc:logic_function_result,1,0.0,0.0,0.0,0.0,100.0,0.0,0.0,0.0,0.0,56.0,1.26
local,deepseek-ai/DeepSeek-R1-Distill-Qwen-7B,unconstrained,stlc,stlc:logic_higher_order,3,0.0,0.0,0.0,0.0,100.0,0.0,0.0,0.0,0.0,48.0,1.09
local,deepseek-ai/DeepSeek-R1-Distill-Qwen-7B,unconstrained,stlc,stlc:logic_identity,2,0.0,0.0,0.0,0.0,100.0,0.0,0.0,0.0,0.0,32.0,0.73
local,deepseek-ai/DeepSeek-R1-Distill-Qwen-7B,unconstrained,stlc,stlc:logic_modus_ponens,2,0.0,0.0,0.0,0.0,100.0,0.0,0.0,0.0,0.0,35.0,0.81
local,deepseek-ai/DeepSeek-R1-Distill-Qwen-7B,unconstrained,stlc,stlc:logic_pipeline,1,0.0,0.0,0.0,0.0,100.0,0.0,0.0,0.0,0.0,104.0,2.34
local,deepseek-ai/DeepSeek-R1-Distill-Qwen-7B,unconstrained,stlc,stlc:logic_projection,1,0.0,0.0,0.0,0.0,100.0,0.0,0.0,0.0,0.0,72.0,1.62
local,deepseek-ai/DeepSeek-R1-Distill-Qwen-7B,unconstrained,stlc,stlc:logic_repetition,2,0.0,0.0,0.0,0.0,100.0,0.0,0.0,0.0,0.0,40.5,0.93
local,deepseek-ai/DeepSeek-R1-Distill-Qwen-7B,unconstrained,stlc,stlc:logic_substitution,2,0.0,0.0,0.0,0.0,100.0,0.0,0.0,0.0,0.0,128.0,2.89
local,deepseek-ai/DeepSeek-R1-Distill-Qwen-7B,unconstrained,stlc,stlc:logic_weakening,3,0.0,0.0,0.0,0.0,100.0,0.0,0.0,0.0,0.0,53.33,1.21
local,microsoft/Phi-4-mini-instruct,constrained_direct,fun,fun:boolean,2,0.0,100.0,100.0,0.0,0.0,0.0,0.0,0.0,0.0,9.0,0.31
local,microsoft/Phi-4-mini-instruct,constrained_direct,fun,fun:function,4,0.0,50.0,50.0,0.0,0.0,50.0,0.0,0.0,0.0,87.0,81.95
local,microsoft/Phi-4-mini-instruct,constrained_direct,fun,fun:function_application,4,0.0,0.0,0.0,0.0,0.0,50.0,50.0,0.0,0.0,55.25,5.42
local,microsoft/Phi-4-mini-instruct,constrained_direct,fun,fun:function_arithmetic,12,0.0,58.33,58.33,0.0,0.0,33.33,8.33,0.0,0.0,41.83,6.74
local,microsoft/Phi-4-mini-instruct,constrained_direct,fun,fun:function_closure,2,0.0,0.0,0.0,0.0,0.0,100.0,0.0,0.0,0.0,208.0,53.5
local,microsoft/Phi-4-mini-instruct,constrained_direct,fun,fun:function_composition,2,0.0,0.0,0.0,0.0,0.0,100.0,0.0,0.0,0.0,113.5,30.26
local,microsoft/Phi-4-mini-instruct,constrained_direct,fun,fun:function_constant,1,0.0,0.0,0.0,0.0,0.0,0.0,100.0,0.0,0.0,9.0,0.31
local,microsoft/Phi-4-mini-instruct,constrained_direct,fun,fun:function_float,4,0.0,0.0,0.0,0.0,0.0,100.0,0.0,0.0,0.0,17.0,2.42
local,microsoft/Phi-4-mini-instruct,constrained_direct,fun,fun:function_higher_order,2,0.0,0.0,0.0,0.0,0.0,100.0,0.0,0.0,0.0,95.5,15.24
local,microsoft/Phi-4-mini-instruct,constrained_direct,imp,imp:arithmetic,2,0.0,50.0,50.0,0.0,0.0,50.0,0.0,0.0,0.0,47.5,1.72
local,microsoft/Phi-4-mini-instruct,constrained_direct,imp,imp:assignment,3,0.0,33.33,33.33,0.0,0.0,66.67,0.0,0.0,0.0,61.67,2.34
local,microsoft/Phi-4-mini-instruct,constrained_direct,imp,imp:boolean,2,0.0,0.0,0.0,0.0,0.0,100.0,0.0,0.0,0.0,80.0,2.92
local,microsoft/Phi-4-mini-instruct,constrained_direct,imp,imp:branching,6,0.0,0.0,0.0,0.0,0.0,83.33,16.67,0.0,0.0,56.5,12.47
local,microsoft/Phi-4-mini-instruct,constrained_direct,imp,imp:loops,4,0.0,0.0,0.0,0.0,0.0,25.0,75.0,0.0,0.0,60.0,2.09
local,microsoft/Phi-4-mini-instruct,constrained_direct,imp,imp:mixed_control,2,0.0,0.0,0.0,0.0,0.0,100.0,0.0,0.0,0.0,29.0,5.19
local,microsoft/Phi-4-mini-instruct,constrained_direct,imp,imp:nested_branching,3,0.0,0.0,0.0,0.0,0.0,66.67,33.33,0.0,0.0,97.0,4.0
local,microsoft/Phi-4-mini-instruct,constrained_direct,imp,imp:sequence,3,0.0,66.67,66.67,0.0,0.0,33.33,0.0,0.0,0.0,22.33,1.89
local,microsoft/Phi-4-mini-instruct,constrained_direct,imp,imp:while_loop,3,0.0,33.33,33.33,0.0,0.0,66.67,0.0,0.0,0.0,58.33,2.17
local,microsoft/Phi-4-mini-instruct,constrained_direct,stlc,stlc:logic_application,2,0.0,0.0,0.0,0.0,0.0,100.0,0.0,0.0,0.0,59.0,2.15
local,microsoft/Phi-4-mini-instruct,constrained_direct,stlc,stlc:logic_argument_order,1,0.0,0.0,0.0,0.0,0.0,100.0,0.0,0.0,0.0,12.0,5.53
local,microsoft/Phi-4-mini-instruct,constrained_direct,stlc,stlc:logic_choice,2,0.0,0.0,0.0,0.0,0.0,100.0,0.0,0.0,0.0,18.5,0.72
local,microsoft/Phi-4-mini-instruct,constrained_direct,stlc,stlc:logic_composition,6,0.0,16.67,16.67,0.0,0.0,66.67,16.67,0.0,0.0,23.17,3.81
local,microsoft/Phi-4-mini-instruct,constrained_direct,stlc,stlc:logic_continuation,1,0.0,0.0,0.0,0.0,0.0,100.0,0.0,0.0,0.0,18.0,0.69
local,microsoft/Phi-4-mini-instruct,constrained_direct,stlc,stlc:logic_contraction,2,0.0,50.0,50.0,0.0,0.0,0.0,50.0,0.0,0.0,14.0,0.46
local,microsoft/Phi-4-mini-instruct,constrained_direct,stlc,stlc:logic_elimination,1,0.0,100.0,100.0,0.0,0.0,0.0,0.0,0.0,0.0,7.0,0.24
local,microsoft/Phi-4-mini-instruct,constrained_direct,stlc,stlc:logic_eta,1,0.0,0.0,0.0,0.0,0.0,0.0,100.0,0.0,0.0,8.0,0.28
local,microsoft/Phi-4-mini-instruct,constrained_direct,stlc,stlc:logic_function_result,1,0.0,0.0,0.0,0.0,0.0,0.0,100.0,0.0,0.0,9.0,0.29
local,microsoft/Phi-4-mini-instruct,constrained_direct,stlc,stlc:logic_higher_order,3,0.0,66.67,66.67,0.0,0.0,0.0,33.33,0.0,0.0,1.0,0.07
local,microsoft/Phi-4-mini-instruct,constrained_direct,stlc,stlc:logic_identity,2,0.0,100.0,100.0,0.0,0.0,0.0,0.0,0.0,0.0,1.0,0.06
local,microsoft/Phi-4-mini-instruct,constrained_direct,stlc,stlc:logic_modus_ponens,2,0.0,0.0,0.0,0.0,0.0,0.0,100.0,0.0,0.0,10.0,0.35
local,microsoft/Phi-4-mini-instruct,constrained_direct,stlc,stlc:logic_pipeline,1,0.0,0.0,0.0,0.0,0.0,0.0,100.0,0.0,0.0,1.0,5.43
local,microsoft/Phi-4-mini-instruct,constrained_direct,stlc,stlc:logic_projection,1,0.0,100.0,100.0,0.0,0.0,0.0,0.0,0.0,0.0,11.0,0.35
local,microsoft/Phi-4-mini-instruct,constrained_direct,stlc,stlc:logic_repetition,2,0.0,100.0,100.0,0.0,0.0,0.0,0.0,0.0,0.0,11.0,0.36
local,microsoft/Phi-4-mini-instruct,constrained_direct,stlc,stlc:logic_substitution,2,0.0,0.0,0.0,0.0,0.0,100.0,0.0,0.0,0.0,13.5,13.58
local,microsoft/Phi-4-mini-instruct,constrained_direct,stlc,stlc:logic_weakening,3,0.0,66.67,66.67,0.0,0.0,0.0,33.33,0.0,0.0,4.67,0.17
local,microsoft/Phi-4-mini-instruct,constrained_mixed,fun,fun:boolean,2,0.0,50.0,50.0,0.0,0.0,50.0,0.0,0.0,0.0,77.5,7.38
local,microsoft/Phi-4-mini-instruct,constrained_mixed,fun,fun:function,4,0.0,0.0,0.0,0.0,0.0,25.0,75.0,0.0,0.0,177.75,20.08
local,microsoft/Phi-4-mini-instruct,constrained_mixed,fun,fun:function_application,4,0.0,25.0,25.0,0.0,0.0,25.0,50.0,0.0,0.0,144.25,10.32
local,microsoft/Phi-4-mini-instruct,constrained_mixed,fun,fun:function_arithmetic,12,0.0,33.33,33.33,0.0,0.0,50.0,16.67,0.0,0.0,174.83,8.76
local,microsoft/Phi-4-mini-instruct,constrained_mixed,fun,fun:function_closure,2,0.0,0.0,0.0,0.0,0.0,100.0,0.0,0.0,0.0,312.0,43.01
local,microsoft/Phi-4-mini-instruct,constrained_mixed,fun,fun:function_composition,2,0.0,0.0,0.0,0.0,0.0,50.0,50.0,0.0,0.0,242.0,19.79
local,microsoft/Phi-4-mini-instruct,constrained_mixed,fun,fun:function_constant,1,0.0,0.0,0.0,0.0,0.0,0.0,100.0,0.0,0.0,67.0,2.19
local,microsoft/Phi-4-mini-instruct,constrained_mixed,fun,fun:function_float,4,0.0,0.0,0.0,0.0,0.0,100.0,0.0,0.0,0.0,149.25,9.61
local,microsoft/Phi-4-mini-instruct,constrained_mixed,fun,fun:function_higher_order,2,0.0,0.0,0.0,0.0,0.0,100.0,0.0,0.0,0.0,272.5,16.96
local,microsoft/Phi-4-mini-instruct,constrained_mixed,imp,imp:arithmetic,2,0.0,50.0,50.0,0.0,0.0,0.0,50.0,0.0,0.0,106.5,3.12
local,microsoft/Phi-4-mini-instruct,constrained_mixed,imp,imp:assignment,3,0.0,0.0,0.0,0.0,0.0,33.33,66.67,0.0,0.0,146.0,4.29
local,microsoft/Phi-4-mini-instruct,constrained_mixed,imp,imp:boolean,2,0.0,50.0,50.0,0.0,0.0,0.0,50.0,0.0,0.0,126.5,3.59
local,microsoft/Phi-4-mini-instruct,constrained_mixed,imp,imp:branching,6,0.0,0.0,0.0,0.0,0.0,0.0,100.0,0.0,0.0,163.5,4.75
local,microsoft/Phi-4-mini-instruct,constrained_mixed,imp,imp:loops,4,0.0,0.0,0.0,0.0,0.0,75.0,25.0,0.0,0.0,131.5,4.83
local,microsoft/Phi-4-mini-instruct,constrained_mixed,imp,imp:mixed_control,2,0.0,50.0,50.0,0.0,0.0,0.0,50.0,0.0,0.0,166.5,4.88
local,microsoft/Phi-4-mini-instruct,constrained_mixed,imp,imp:nested_branching,3,0.0,33.33,33.33,0.0,0.0,0.0,66.67,0.0,0.0,153.33,4.55
local,microsoft/Phi-4-mini-instruct,constrained_mixed,imp,imp:sequence,3,0.0,66.67,66.67,0.0,0.0,33.33,0.0,0.0,0.0,90.67,2.94
local,microsoft/Phi-4-mini-instruct,constrained_mixed,imp,imp:while_loop,3,0.0,66.67,66.67,0.0,0.0,33.33,0.0,0.0,0.0,138.33,4.74
local,microsoft/Phi-4-mini-instruct,constrained_mixed,stlc,stlc:logic_application,2,0.0,0.0,0.0,0.0,0.0,50.0,50.0,0.0,0.0,144.5,7.02
local,microsoft/Phi-4-mini-instruct,constrained_mixed,stlc,stlc:logic_argument_order,1,0.0,0.0,0.0,0.0,0.0,100.0,0.0,0.0,0.0,206.0,8.28
local,microsoft/Phi-4-mini-instruct,constrained_mixed,stlc,stlc:logic_choice,2,0.0,100.0,100.0,0.0,0.0,0.0,0.0,0.0,0.0,138.0,3.8
local,microsoft/Phi-4-mini-instruct,constrained_mixed,stlc,stlc:logic_composition,6,0.0,16.67,16.67,0.0,0.0,66.67,16.67,0.0,0.0,187.83,58.82
local,microsoft/Phi-4-mini-instruct,constrained_mixed,stlc,stlc:logic_continuation,1,0.0,100.0,100.0,0.0,0.0,0.0,0.0,0.0,0.0,144.0,3.95
local,microsoft/Phi-4-mini-instruct,constrained_mixed,stlc,stlc:logic_contraction,2,0.0,50.0,50.0,0.0,0.0,50.0,0.0,0.0,0.0,186.0,6.04
local,microsoft/Phi-4-mini-instruct,constrained_mixed,stlc,stlc:logic_elimination,1,0.0,100.0,100.0,0.0,0.0,0.0,0.0,0.0,0.0,72.0,2.05
local,microsoft/Phi-4-mini-instruct,constrained_mixed,stlc,stlc:logic_eta,1,0.0,0.0,0.0,0.0,0.0,100.0,0.0,0.0,0.0,147.0,5.74
local,microsoft/Phi-4-mini-instruct,constrained_mixed,stlc,stlc:logic_function_result,1,0.0,0.0,0.0,0.0,0.0,0.0,100.0,0.0,0.0,145.0,4.28
local,microsoft/Phi-4-mini-instruct,constrained_mixed,stlc,stlc:logic_higher_order,3,0.0,33.33,33.33,0.0,0.0,0.0,66.67,0.0,0.0,123.33,3.41
local,microsoft/Phi-4-mini-instruct,constrained_mixed,stlc,stlc:logic_identity,2,0.0,50.0,50.0,0.0,0.0,0.0,50.0,0.0,0.0,85.5,2.39
local,microsoft/Phi-4-mini-instruct,constrained_mixed,stlc,stlc:logic_modus_ponens,2,0.0,50.0,50.0,0.0,0.0,50.0,0.0,0.0,0.0,125.0,4.76
local,microsoft/Phi-4-mini-instruct,constrained_mixed,stlc,stlc:logic_pipeline,1,0.0,0.0,0.0,0.0,0.0,100.0,0.0,0.0,0.0,127.0,5.03
local,microsoft/Phi-4-mini-instruct,constrained_mixed,stlc,stlc:logic_projection,1,0.0,100.0,100.0,0.0,0.0,0.0,0.0,0.0,0.0,137.0,3.73
local,microsoft/Phi-4-mini-instruct,constrained_mixed,stlc,stlc:logic_repetition,2,0.0,50.0,50.0,0.0,0.0,50.0,0.0,0.0,0.0,176.5,5.46
local,microsoft/Phi-4-mini-instruct,constrained_mixed,stlc,stlc:logic_substitution,2,0.0,0.0,0.0,0.0,0.0,100.0,0.0,0.0,0.0,165.5,10.02
local,microsoft/Phi-4-mini-instruct,constrained_mixed,stlc,stlc:logic_weakening,3,0.0,33.33,33.33,0.0,0.0,66.67,0.0,0.0,0.0,153.33,14.93
local,microsoft/Phi-4-mini-instruct,unconstrained,fun,fun:boolean,2,0.0,0.0,0.0,0.0,100.0,0.0,0.0,0.0,0.0,6.0,0.19
local,microsoft/Phi-4-mini-instruct,unconstrained,fun,fun:function,4,25.0,75.0,75.0,0.0,25.0,0.0,0.0,0.0,0.0,14.0,0.41
local,microsoft/Phi-4-mini-instruct,unconstrained,fun,fun:function_application,4,25.0,25.0,25.0,0.0,0.0,0.0,75.0,0.0,0.0,27.25,0.77
local,microsoft/Phi-4-mini-instruct,unconstrained,fun,fun:function_arithmetic,12,25.0,50.0,50.0,0.0,33.33,0.0,16.67,0.0,0.0,15.67,0.45
local,microsoft/Phi-4-mini-instruct,unconstrained,fun,fun:function_closure,2,0.0,0.0,0.0,0.0,50.0,0.0,50.0,0.0,0.0,48.5,1.32
local,microsoft/Phi-4-mini-instruct,unconstrained,fun,fun:function_composition,2,0.0,0.0,0.0,0.0,50.0,0.0,50.0,0.0,0.0,17.5,0.51
local,microsoft/Phi-4-mini-instruct,unconstrained,fun,fun:function_constant,1,0.0,100.0,100.0,0.0,0.0,0.0,0.0,0.0,0.0,10.0,0.3
local,microsoft/Phi-4-mini-instruct,unconstrained,fun,fun:function_float,4,0.0,0.0,0.0,0.0,50.0,0.0,50.0,0.0,0.0,28.5,0.79
local,microsoft/Phi-4-mini-instruct,unconstrained,fun,fun:function_higher_order,2,0.0,0.0,0.0,0.0,0.0,0.0,100.0,0.0,0.0,22.0,0.62
local,microsoft/Phi-4-mini-instruct,unconstrained,imp,imp:arithmetic,2,0.0,0.0,0.0,0.0,100.0,0.0,0.0,0.0,0.0,16.5,0.47
local,microsoft/Phi-4-mini-instruct,unconstrained,imp,imp:assignment,3,66.67,66.67,66.67,0.0,33.33,0.0,0.0,0.0,0.0,15.67,0.45
local,microsoft/Phi-4-mini-instruct,unconstrained,imp,imp:boolean,2,0.0,50.0,50.0,0.0,0.0,0.0,50.0,0.0,0.0,15.0,0.43
local,microsoft/Phi-4-mini-instruct,unconstrained,imp,imp:branching,6,0.0,0.0,0.0,0.0,83.33,0.0,16.67,0.0,0.0,45.33,1.24
local,microsoft/Phi-4-mini-instruct,unconstrained,imp,imp:loops,4,0.0,0.0,0.0,0.0,100.0,0.0,0.0,0.0,0.0,46.75,1.28
local,microsoft/Phi-4-mini-instruct,unconstrained,imp,imp:mixed_control,2,0.0,0.0,0.0,0.0,100.0,0.0,0.0,0.0,0.0,77.5,2.1
local,microsoft/Phi-4-mini-instruct,unconstrained,imp,imp:nested_branching,3,0.0,0.0,0.0,0.0,66.67,0.0,33.33,0.0,0.0,76.67,2.08
local,microsoft/Phi-4-mini-instruct,unconstrained,imp,imp:sequence,3,0.0,66.67,66.67,0.0,33.33,0.0,0.0,0.0,0.0,25.0,0.7
local,microsoft/Phi-4-mini-instruct,unconstrained,imp,imp:while_loop,3,33.33,33.33,33.33,0.0,33.33,0.0,33.33,0.0,0.0,29.33,0.81
local,microsoft/Phi-4-mini-instruct,unconstrained,stlc,stlc:logic_application,2,0.0,0.0,0.0,0.0,50.0,0.0,50.0,0.0,0.0,13.0,0.38
local,microsoft/Phi-4-mini-instruct,unconstrained,stlc,stlc:logic_argument_order,1,0.0,0.0,0.0,0.0,100.0,0.0,0.0,0.0,0.0,11.0,0.32
local,microsoft/Phi-4-mini-instruct,unconstrained,stlc,stlc:logic_choice,2,0.0,0.0,0.0,0.0,100.0,0.0,0.0,0.0,0.0,16.5,0.47
local,microsoft/Phi-4-mini-instruct,unconstrained,stlc,stlc:logic_composition,6,0.0,16.67,16.67,0.0,50.0,0.0,33.33,0.0,0.0,17.33,0.49
local,microsoft/Phi-4-mini-instruct,unconstrained,stlc,stlc:logic_continuation,1,0.0,0.0,0.0,0.0,100.0,0.0,0.0,0.0,0.0,96.0,2.57
local,microsoft/Phi-4-mini-instruct,unconstrained,stlc,stlc:logic_contraction,2,0.0,50.0,50.0,0.0,50.0,0.0,0.0,0.0,0.0,13.5,0.39
local,microsoft/Phi-4-mini-instruct,unconstrained,stlc,stlc:logic_elimination,1,0.0,100.0,100.0,0.0,0.0,0.0,0.0,0.0,0.0,9.0,0.27
local,microsoft/Phi-4-mini-instruct,unconstrained,stlc,stlc:logic_eta,1,0.0,0.0,0.0,0.0,0.0,0.0,100.0,0.0,0.0,3.0,0.11
local,microsoft/Phi-4-mini-instruct,unconstrained,stlc,stlc:logic_function_result,1,0.0,100.0,100.0,0.0,0.0,0.0,0.0,0.0,0.0,6.0,0.19
local,microsoft/Phi-4-mini-instruct,unconstrained,stlc,stlc:logic_higher_order,3,66.67,66.67,66.67,0.0,0.0,0.0,33.33,0.0,0.0,14.67,0.41
local,microsoft/Phi-4-mini-instruct,unconstrained,stlc,stlc:logic_identity,2,0.0,100.0,100.0,0.0,0.0,0.0,0.0,0.0,0.0,1.5,0.07
local,microsoft/Phi-4-mini-instruct,unconstrained,stlc,stlc:logic_modus_ponens,2,0.0,0.0,0.0,0.0,0.0,0.0,100.0,0.0,0.0,33.5,0.91
local,microsoft/Phi-4-mini-instruct,unconstrained,stlc,stlc:logic_pipeline,1,0.0,0.0,0.0,0.0,100.0,0.0,0.0,0.0,0.0,104.0,2.77
local,microsoft/Phi-4-mini-instruct,unconstrained,stlc,stlc:logic_projection,1,0.0,100.0,100.0,0.0,0.0,0.0,0.0,0.0,0.0,11.0,0.32
local,microsoft/Phi-4-mini-instruct,unconstrained,stlc,stlc:logic_repetition,2,50.0,50.0,50.0,0.0,50.0,0.0,0.0,0.0,0.0,17.0,0.49
local,microsoft/Phi-4-mini-instruct,unconstrained,stlc,stlc:logic_substitution,2,0.0,0.0,0.0,0.0,100.0,0.0,0.0,0.0,0.0,10.5,0.31
local,microsoft/Phi-4-mini-instruct,unconstrained,stlc,stlc:logic_weakening,3,66.67,66.67,66.67,0.0,0.0,0.0,33.33,0.0,0.0,31.67,0.87
openrouter,anthropic/claude-4.5-haiku,unconstrained,fun,fun:boolean,2,0.0,0.0,0.0,100.0,0.0,0.0,0.0,0.0,0.0,0.0,7.44
openrouter,anthropic/claude-4.5-haiku,unconstrained,fun,fun:function,4,0.0,0.0,0.0,100.0,0.0,0.0,0.0,0.0,0.0,0.0,2.35
openrouter,anthropic/claude-4.5-haiku,unconstrained,fun,fun:function_application,4,0.0,0.0,0.0,100.0,0.0,0.0,0.0,0.0,0.0,0.0,5.88
openrouter,anthropic/claude-4.5-haiku,unconstrained,fun,fun:function_arithmetic,12,0.0,0.0,0.0,100.0,0.0,0.0,0.0,0.0,0.0,0.0,5.69
openrouter,anthropic/claude-4.5-haiku,unconstrained,fun,fun:function_closure,2,0.0,0.0,0.0,100.0,0.0,0.0,0.0,0.0,0.0,0.0,6.01
openrouter,anthropic/claude-4.5-haiku,unconstrained,fun,fun:function_composition,2,0.0,0.0,0.0,100.0,0.0,0.0,0.0,0.0,0.0,0.0,2.62
openrouter,anthropic/claude-4.5-haiku,unconstrained,fun,fun:function_constant,1,0.0,0.0,0.0,100.0,0.0,0.0,0.0,0.0,0.0,0.0,5.58
openrouter,anthropic/claude-4.5-haiku,unconstrained,fun,fun:function_float,4,0.0,0.0,0.0,100.0,0.0,0.0,0.0,0.0,0.0,0.0,5.61
openrouter,anthropic/claude-4.5-haiku,unconstrained,fun,fun:function_higher_order,2,0.0,0.0,0.0,100.0,0.0,0.0,0.0,0.0,0.0,0.0,3.81
openrouter,anthropic/claude-4.5-haiku,unconstrained,imp,imp:arithmetic,2,0.0,0.0,0.0,100.0,0.0,0.0,0.0,0.0,0.0,0.0,2.64
openrouter,anthropic/claude-4.5-haiku,unconstrained,imp,imp:assignment,3,0.0,0.0,0.0,100.0,0.0,0.0,0.0,0.0,0.0,0.0,2.29
openrouter,anthropic/claude-4.5-haiku,unconstrained,imp,imp:boolean,2,0.0,0.0,0.0,100.0,0.0,0.0,0.0,0.0,0.0,0.0,2.96
openrouter,anthropic/claude-4.5-haiku,unconstrained,imp,imp:branching,6,0.0,0.0,0.0,100.0,0.0,0.0,0.0,0.0,0.0,0.0,4.95
openrouter,anthropic/claude-4.5-haiku,unconstrained,imp,imp:loops,4,0.0,0.0,0.0,100.0,0.0,0.0,0.0,0.0,0.0,0.0,4.27
openrouter,anthropic/claude-4.5-haiku,unconstrained,imp,imp:mixed_control,2,0.0,0.0,0.0,100.0,0.0,0.0,0.0,0.0,0.0,0.0,2.78
openrouter,anthropic/claude-4.5-haiku,unconstrained,imp,imp:nested_branching,3,0.0,0.0,0.0,100.0,0.0,0.0,0.0,0.0,0.0,0.0,2.95
openrouter,anthropic/claude-4.5-haiku,unconstrained,imp,imp:sequence,3,0.0,0.0,0.0,100.0,0.0,0.0,0.0,0.0,0.0,0.0,2.04
openrouter,anthropic/claude-4.5-haiku,unconstrained,imp,imp:while_loop,3,0.0,0.0,0.0,100.0,0.0,0.0,0.0,0.0,0.0,0.0,3.54
openrouter,anthropic/claude-4.5-haiku,unconstrained,stlc,stlc:logic_application,2,0.0,0.0,0.0,100.0,0.0,0.0,0.0,0.0,0.0,0.0,3.43
openrouter,anthropic/claude-4.5-haiku,unconstrained,stlc,stlc:logic_argument_order,1,0.0,0.0,0.0,100.0,0.0,0.0,0.0,0.0,0.0,0.0,1.4
openrouter,anthropic/claude-4.5-haiku,unconstrained,stlc,stlc:logic_choice,2,0.0,0.0,0.0,100.0,0.0,0.0,0.0,0.0,0.0,0.0,6.09
openrouter,anthropic/claude-4.5-haiku,unconstrained,stlc,stlc:logic_composition,6,0.0,0.0,0.0,100.0,0.0,0.0,0.0,0.0,0.0,0.0,6.14
openrouter,anthropic/claude-4.5-haiku,unconstrained,stlc,stlc:logic_continuation,1,0.0,0.0,0.0,100.0,0.0,0.0,0.0,0.0,0.0,0.0,3.49
openrouter,anthropic/claude-4.5-haiku,unconstrained,stlc,stlc:logic_contraction,2,0.0,0.0,0.0,100.0,0.0,0.0,0.0,0.0,0.0,0.0,2.09
openrouter,anthropic/claude-4.5-haiku,unconstrained,stlc,stlc:logic_elimination,1,0.0,0.0,0.0,100.0,0.0,0.0,0.0,0.0,0.0,0.0,1.27
openrouter,anthropic/claude-4.5-haiku,unconstrained,stlc,stlc:logic_eta,1,0.0,0.0,0.0,100.0,0.0,0.0,0.0,0.0,0.0,0.0,6.12
openrouter,anthropic/claude-4.5-haiku,unconstrained,stlc,stlc:logic_function_result,1,0.0,0.0,0.0,100.0,0.0,0.0,0.0,0.0,0.0,0.0,6.86
openrouter,anthropic/claude-4.5-haiku,unconstrained,stlc,stlc:logic_higher_order,3,0.0,0.0,0.0,100.0,0.0,0.0,0.0,0.0,0.0,0.0,3.05
openrouter,anthropic/claude-4.5-haiku,unconstrained,stlc,stlc:logic_identity,2,0.0,0.0,0.0,100.0,0.0,0.0,0.0,0.0,0.0,0.0,1.28
openrouter,anthropic/claude-4.5-haiku,unconstrained,stlc,stlc:logic_modus_ponens,2,0.0,0.0,0.0,100.0,0.0,0.0,0.0,0.0,0.0,0.0,2.23
openrouter,anthropic/claude-4.5-haiku,unconstrained,stlc,stlc:logic_pipeline,1,0.0,0.0,0.0,100.0,0.0,0.0,0.0,0.0,0.0,0.0,2.32
openrouter,anthropic/claude-4.5-haiku,unconstrained,stlc,stlc:logic_projection,1,0.0,0.0,0.0,100.0,0.0,0.0,0.0,0.0,0.0,0.0,3.61
openrouter,anthropic/claude-4.5-haiku,unconstrained,stlc,stlc:logic_repetition,2,0.0,0.0,0.0,100.0,0.0,0.0,0.0,0.0,0.0,0.0,2.12
openrouter,anthropic/claude-4.5-haiku,unconstrained,stlc,stlc:logic_substitution,2,0.0,0.0,0.0,100.0,0.0,0.0,0.0,0.0,0.0,0.0,6.28
openrouter,anthropic/claude-4.5-haiku,unconstrained,stlc,stlc:logic_weakening,3,0.0,0.0,0.0,100.0,0.0,0.0,0.0,0.0,0.0,0.0,5.53
openrouter,google/gemini-3.0-flash-latest,unconstrained,fun,fun:boolean,2,0.0,0.0,0.0,100.0,0.0,0.0,0.0,0.0,0.0,0.0,1.81
openrouter,google/gemini-3.0-flash-latest,unconstrained,fun,fun:function,4,0.0,0.0,0.0,100.0,0.0,0.0,0.0,0.0,0.0,0.0,2.67
openrouter,google/gemini-3.0-flash-latest,unconstrained,fun,fun:function_application,4,0.0,0.0,0.0,100.0,0.0,0.0,0.0,0.0,0.0,0.0,5.75
openrouter,google/gemini-3.0-flash-latest,unconstrained,fun,fun:function_arithmetic,12,0.0,0.0,0.0,100.0,0.0,0.0,0.0,0.0,0.0,0.0,3.01
openrouter,google/gemini-3.0-flash-latest,unconstrained,fun,fun:function_closure,2,0.0,0.0,0.0,100.0,0.0,0.0,0.0,0.0,0.0,0.0,1.61
openrouter,google/gemini-3.0-flash-latest,unconstrained,fun,fun:function_composition,2,0.0,0.0,0.0,100.0,0.0,0.0,0.0,0.0,0.0,0.0,3.82
openrouter,google/gemini-3.0-flash-latest,unconstrained,fun,fun:function_constant,1,0.0,0.0,0.0,100.0,0.0,0.0,0.0,0.0,0.0,0.0,1.33
openrouter,google/gemini-3.0-flash-latest,unconstrained,fun,fun:function_float,4,0.0,0.0,0.0,100.0,0.0,0.0,0.0,0.0,0.0,0.0,1.45
openrouter,google/gemini-3.0-flash-latest,unconstrained,fun,fun:function_higher_order,2,0.0,0.0,0.0,100.0,0.0,0.0,0.0,0.0,0.0,0.0,1.57
openrouter,google/gemini-3.0-flash-latest,unconstrained,imp,imp:arithmetic,2,0.0,0.0,0.0,100.0,0.0,0.0,0.0,0.0,0.0,0.0,2.62
openrouter,google/gemini-3.0-flash-latest,unconstrained,imp,imp:assignment,3,0.0,0.0,0.0,100.0,0.0,0.0,0.0,0.0,0.0,0.0,2.92
openrouter,google/gemini-3.0-flash-latest,unconstrained,imp,imp:boolean,2,0.0,0.0,0.0,100.0,0.0,0.0,0.0,0.0,0.0,0.0,3.6
openrouter,google/gemini-3.0-flash-latest,unconstrained,imp,imp:branching,6,0.0,0.0,0.0,100.0,0.0,0.0,0.0,0.0,0.0,0.0,1.35
openrouter,google/gemini-3.0-flash-latest,unconstrained,imp,imp:loops,4,0.0,0.0,0.0,100.0,0.0,0.0,0.0,0.0,0.0,0.0,1.23
openrouter,google/gemini-3.0-flash-latest,unconstrained,imp,imp:mixed_control,2,0.0,0.0,0.0,100.0,0.0,0.0,0.0,0.0,0.0,0.0,1.24
openrouter,google/gemini-3.0-flash-latest,unconstrained,imp,imp:nested_branching,3,0.0,0.0,0.0,100.0,0.0,0.0,0.0,0.0,0.0,0.0,1.3
openrouter,google/gemini-3.0-flash-latest,unconstrained,imp,imp:sequence,3,0.0,0.0,0.0,100.0,0.0,0.0,0.0,0.0,0.0,0.0,1.68
openrouter,google/gemini-3.0-flash-latest,unconstrained,imp,imp:while_loop,3,0.0,0.0,0.0,100.0,0.0,0.0,0.0,0.0,0.0,0.0,1.26
openrouter,google/gemini-3.0-flash-latest,unconstrained,stlc,stlc:logic_application,2,0.0,0.0,0.0,100.0,0.0,0.0,0.0,0.0,0.0,0.0,1.78
openrouter,google/gemini-3.0-flash-latest,unconstrained,stlc,stlc:logic_argument_order,1,0.0,0.0,0.0,100.0,0.0,0.0,0.0,0.0,0.0,0.0,1.24
openrouter,google/gemini-3.0-flash-latest,unconstrained,stlc,stlc:logic_choice,2,0.0,0.0,0.0,100.0,0.0,0.0,0.0,0.0,0.0,0.0,3.42
openrouter,google/gemini-3.0-flash-latest,unconstrained,stlc,stlc:logic_composition,6,0.0,0.0,0.0,100.0,0.0,0.0,0.0,0.0,0.0,0.0,1.23
openrouter,google/gemini-3.0-flash-latest,unconstrained,stlc,stlc:logic_continuation,1,0.0,0.0,0.0,100.0,0.0,0.0,0.0,0.0,0.0,0.0,1.24
openrouter,google/gemini-3.0-flash-latest,unconstrained,stlc,stlc:logic_contraction,2,0.0,0.0,0.0,100.0,0.0,0.0,0.0,0.0,0.0,0.0,1.21
openrouter,google/gemini-3.0-flash-latest,unconstrained,stlc,stlc:logic_elimination,1,0.0,0.0,0.0,100.0,0.0,0.0,0.0,0.0,0.0,0.0,1.22
openrouter,google/gemini-3.0-flash-latest,unconstrained,stlc,stlc:logic_eta,1,0.0,0.0,0.0,100.0,0.0,0.0,0.0,0.0,0.0,0.0,2.28
openrouter,google/gemini-3.0-flash-latest,unconstrained,stlc,stlc:logic_function_result,1,0.0,0.0,0.0,100.0,0.0,0.0,0.0,0.0,0.0,0.0,1.25
openrouter,google/gemini-3.0-flash-latest,unconstrained,stlc,stlc:logic_higher_order,3,0.0,0.0,0.0,100.0,0.0,0.0,0.0,0.0,0.0,0.0,2.68
openrouter,google/gemini-3.0-flash-latest,unconstrained,stlc,stlc:logic_identity,2,0.0,0.0,0.0,100.0,0.0,0.0,0.0,0.0,0.0,0.0,1.5
openrouter,google/gemini-3.0-flash-latest,unconstrained,stlc,stlc:logic_modus_ponens,2,0.0,0.0,0.0,100.0,0.0,0.0,0.0,0.0,0.0,0.0,1.24
openrouter,google/gemini-3.0-flash-latest,unconstrained,stlc,stlc:logic_pipeline,1,0.0,0.0,0.0,100.0,0.0,0.0,0.0,0.0,0.0,0.0,1.19
openrouter,google/gemini-3.0-flash-latest,unconstrained,stlc,stlc:logic_projection,1,0.0,0.0,0.0,100.0,0.0,0.0,0.0,0.0,0.0,0.0,1.2
openrouter,google/gemini-3.0-flash-latest,unconstrained,stlc,stlc:logic_repetition,2,0.0,0.0,0.0,100.0,0.0,0.0,0.0,0.0,0.0,0.0,1.37
openrouter,google/gemini-3.0-flash-latest,unconstrained,stlc,stlc:logic_substitution,2,0.0,0.0,0.0,100.0,0.0,0.0,0.0,0.0,0.0,0.0,3.68
openrouter,google/gemini-3.0-flash-latest,unconstrained,stlc,stlc:logic_weakening,3,0.0,0.0,0.0,100.0,0.0,0.0,0.0,0.0,0.0,0.0,1.25
openrouter,google/gemma-4-31b-it,unconstrained,fun,fun:boolean,2,0.0,100.0,100.0,0.0,0.0,0.0,0.0,0.0,0.0,14.5,2.06
openrouter,google/gemma-4-31b-it,unconstrained,fun,fun:function,4,25.0,100.0,100.0,0.0,0.0,0.0,0.0,0.0,0.0,26.5,5.39
openrouter,google/gemma-4-31b-it,unconstrained,fun,fun:function_application,4,25.0,50.0,50.0,0.0,0.0,0.0,50.0,0.0,0.0,36.75,7.96
openrouter,google/gemma-4-31b-it,unconstrained,fun,fun:function_arithmetic,12,66.67,100.0,100.0,0.0,0.0,0.0,0.0,0.0,0.0,28.08,6.7
openrouter,google/gemma-4-31b-it,unconstrained,fun,fun:function_closure,2,0.0,50.0,50.0,0.0,0.0,0.0,50.0,0.0,0.0,62.5,2.88
openrouter,google/gemma-4-31b-it,unconstrained,fun,fun:function_composition,2,100.0,100.0,100.0,0.0,0.0,0.0,0.0,0.0,0.0,58.0,2.87
openrouter,google/gemma-4-31b-it,unconstrained,fun,fun:function_constant,1,0.0,100.0,100.0,0.0,0.0,0.0,0.0,0.0,0.0,19.0,12.08
openrouter,google/gemma-4-31b-it,unconstrained,fun,fun:function_float,4,0.0,0.0,0.0,0.0,0.0,0.0,100.0,0.0,0.0,32.5,4.2
openrouter,google/gemma-4-31b-it,unconstrained,fun,fun:function_higher_order,2,50.0,50.0,50.0,0.0,0.0,0.0,50.0,0.0,0.0,43.0,9.36
openrouter,google/gemma-4-31b-it,unconstrained,imp,imp:arithmetic,2,0.0,50.0,50.0,0.0,0.0,0.0,50.0,0.0,0.0,21.0,3.96
openrouter,google/gemma-4-31b-it,unconstrained,imp,imp:assignment,3,33.33,66.67,66.67,0.0,0.0,0.0,33.33,0.0,0.0,19.67,2.46
openrouter,google/gemma-4-31b-it,unconstrained,imp,imp:boolean,2,0.0,100.0,100.0,0.0,0.0,0.0,0.0,0.0,0.0,23.5,2.65
openrouter,google/gemma-4-31b-it,unconstrained,imp,imp:branching,6,0.0,0.0,0.0,0.0,16.67,0.0,83.33,0.0,0.0,65.5,6.56
openrouter,google/gemma-4-31b-it,unconstrained,imp,imp:loops,4,0.0,0.0,0.0,0.0,100.0,0.0,0.0,0.0,0.0,58.75,5.49
openrouter,google/gemma-4-31b-it,unconstrained,imp,imp:mixed_control,2,0.0,0.0,0.0,0.0,100.0,0.0,0.0,0.0,0.0,56.5,6.31
openrouter,google/gemma-4-31b-it,unconstrained,imp,imp:nested_branching,3,33.33,66.67,66.67,0.0,0.0,0.0,33.33,0.0,0.0,75.0,5.62
openrouter,google/gemma-4-31b-it,unconstrained,imp,imp:sequence,3,0.0,33.33,33.33,0.0,0.0,0.0,66.67,0.0,0.0,37.33,6.0
openrouter,google/gemma-4-31b-it,unconstrained,imp,imp:while_loop,3,66.67,100.0,100.0,0.0,0.0,0.0,0.0,0.0,0.0,30.67,6.39
openrouter,google/gemma-4-31b-it,unconstrained,stlc,stlc:logic_application,2,0.0,100.0,100.0,0.0,0.0,0.0,0.0,0.0,0.0,29.5,6.47
openrouter,google/gemma-4-31b-it,unconstrained,stlc,stlc:logic_argument_order,1,0.0,100.0,100.0,0.0,0.0,0.0,0.0,0.0,0.0,24.0,4.73
openrouter,google/gemma-4-31b-it,unconstrained,stlc,stlc:logic_choice,2,100.0,100.0,100.0,0.0,0.0,0.0,0.0,0.0,0.0,23.0,4.83
openrouter,google/gemma-4-31b-it,unconstrained,stlc,stlc:logic_composition,6,33.33,100.0,100.0,0.0,0.0,0.0,0.0,0.0,0.0,29.33,4.86
openrouter,google/gemma-4-31b-it,unconstrained,stlc,stlc:logic_continuation,1,0.0,100.0,100.0,0.0,0.0,0.0,0.0,0.0,0.0,25.0,3.23
openrouter,google/gemma-4-31b-it,unconstrained,stlc,stlc:logic_contraction,2,0.0,100.0,100.0,0.0,0.0,0.0,0.0,0.0,0.0,25.0,8.6
openrouter,google/gemma-4-31b-it,unconstrained,stlc,stlc:logic_elimination,1,0.0,100.0,100.0,0.0,0.0,0.0,0.0,0.0,0.0,16.0,3.06
openrouter,google/gemma-4-31b-it,unconstrained,stlc,stlc:logic_eta,1,0.0,100.0,100.0,0.0,0.0,0.0,0.0,0.0,0.0,16.0,12.75
openrouter,google/gemma-4-31b-it,unconstrained,stlc,stlc:logic_function_result,1,100.0,100.0,100.0,0.0,0.0,0.0,0.0,0.0,0.0,12.0,3.08
openrouter,google/gemma-4-31b-it,unconstrained,stlc,stlc:logic_higher_order,3,100.0,100.0,100.0,0.0,0.0,0.0,0.0,0.0,0.0,10.67,5.67
openrouter,google/gemma-4-31b-it,unconstrained,stlc,stlc:logic_identity,2,100.0,100.0,100.0,0.0,0.0,0.0,0.0,0.0,0.0,7.0,7.35
openrouter,google/gemma-4-31b-it,unconstrained,stlc,stlc:logic_modus_ponens,2,50.0,100.0,100.0,0.0,0.0,0.0,0.0,0.0,0.0,16.0,2.57
openrouter,google/gemma-4-31b-it,unconstrained,stlc,stlc:logic_pipeline,1,0.0,100.0,100.0,0.0,0.0,0.0,0.0,0.0,0.0,27.0,5.07
openrouter,google/gemma-4-31b-it,unconstrained,stlc,stlc:logic_projection,1,0.0,100.0,100.0,0.0,0.0,0.0,0.0,0.0,0.0,17.0,5.2
openrouter,google/gemma-4-31b-it,unconstrained,stlc,stlc:logic_repetition,2,50.0,100.0,100.0,0.0,0.0,0.0,0.0,0.0,0.0,19.0,7.94
openrouter,google/gemma-4-31b-it,unconstrained,stlc,stlc:logic_substitution,2,0.0,50.0,50.0,50.0,0.0,0.0,0.0,0.0,0.0,14.0,11.54
openrouter,google/gemma-4-31b-it,unconstrained,stlc,stlc:logic_weakening,3,33.33,100.0,100.0,0.0,0.0,0.0,0.0,0.0,0.0,12.67,10.86
openrouter,openai/gpt-5.3-codex,unconstrained,fun,fun:boolean,2,0.0,50.0,50.0,0.0,50.0,0.0,0.0,0.0,0.0,94.0,3.81
openrouter,openai/gpt-5.3-codex,unconstrained,fun,fun:function,4,0.0,0.0,0.0,0.0,0.0,100.0,0.0,0.0,0.0,132.0,5.27
openrouter,openai/gpt-5.3-codex,unconstrained,fun,fun:function_application,4,25.0,25.0,25.0,25.0,50.0,0.0,0.0,0.0,0.0,95.5,78.71
openrouter,openai/gpt-5.3-codex,unconstrained,fun,fun:function_arithmetic,12,8.33,8.33,8.33,8.33,50.0,25.0,8.33,0.0,0.0,117.17,6.09
openrouter,openai/gpt-5.3-codex,unconstrained,fun,fun:function_closure,2,0.0,0.0,0.0,0.0,100.0,0.0,0.0,0.0,0.0,208.0,5.1
openrouter,openai/gpt-5.3-codex,unconstrained,fun,fun:function_composition,2,0.0,0.0,0.0,100.0,0.0,0.0,0.0,0.0,0.0,0.0,20.02
openrouter,openai/gpt-5.3-codex,unconstrained,fun,fun:function_constant,1,0.0,0.0,0.0,0.0,100.0,0.0,0.0,0.0,0.0,96.0,14.92
openrouter,openai/gpt-5.3-codex,unconstrained,fun,fun:function_float,4,0.0,0.0,0.0,25.0,50.0,25.0,0.0,0.0,0.0,108.0,79.05
openrouter,openai/gpt-5.3-codex,unconstrained,fun,fun:function_higher_order,2,0.0,0.0,0.0,0.0,100.0,0.0,0.0,0.0,0.0,184.0,11.09
openrouter,openai/gpt-5.3-codex,unconstrained,imp,imp:arithmetic,2,0.0,0.0,0.0,0.0,100.0,0.0,0.0,0.0,0.0,80.0,4.07
openrouter,openai/gpt-5.3-codex,unconstrained,imp,imp:assignment,3,0.0,0.0,0.0,0.0,100.0,0.0,0.0,0.0,0.0,82.67,3.95
openrouter,openai/gpt-5.3-codex,unconstrained,imp,imp:boolean,2,0.0,0.0,0.0,0.0,100.0,0.0,0.0,0.0,0.0,80.0,3.6
openrouter,openai/gpt-5.3-codex,unconstrained,imp,imp:branching,6,0.0,0.0,0.0,0.0,100.0,0.0,0.0,0.0,0.0,165.33,7.35
openrouter,openai/gpt-5.3-codex,unconstrained,imp,imp:loops,4,0.0,0.0,0.0,0.0,100.0,0.0,0.0,0.0,0.0,172.0,5.64
openrouter,openai/gpt-5.3-codex,unconstrained,imp,imp:mixed_control,2,0.0,0.0,0.0,0.0,100.0,0.0,0.0,0.0,0.0,192.0,5.82
openrouter,openai/gpt-5.3-codex,unconstrained,imp,imp:nested_branching,3,0.0,0.0,0.0,0.0,100.0,0.0,0.0,0.0,0.0,176.0,28.95
openrouter,openai/gpt-5.3-codex,unconstrained,imp,imp:sequence,3,0.0,0.0,0.0,0.0,100.0,0.0,0.0,0.0,0.0,109.33,5.0
openrouter,openai/gpt-5.3-codex,unconstrained,imp,imp:while_loop,3,0.0,0.0,0.0,0.0,100.0,0.0,0.0,0.0,0.0,106.67,5.36
openrouter,openai/gpt-5.3-codex,unconstrained,stlc,stlc:logic_application,2,0.0,0.0,0.0,0.0,0.0,100.0,0.0,0.0,0.0,116.0,5.96
openrouter,openai/gpt-5.3-codex,unconstrained,stlc,stlc:logic_argument_order,1,0.0,0.0,0.0,0.0,100.0,0.0,0.0,0.0,0.0,96.0,7.21
openrouter,openai/gpt-5.3-codex,unconstrained,stlc,stlc:logic_choice,2,0.0,0.0,0.0,0.0,0.0,100.0,0.0,0.0,0.0,80.0,13.64
openrouter,openai/gpt-5.3-codex,unconstrained,stlc,stlc:logic_composition,6,0.0,0.0,0.0,0.0,83.33,16.67,0.0,0.0,0.0,109.33,7.57
openrouter,openai/gpt-5.3-codex,unconstrained,stlc,stlc:logic_continuation,1,0.0,0.0,0.0,0.0,100.0,0.0,0.0,0.0,0.0,96.0,11.73
openrouter,openai/gpt-5.3-codex,unconstrained,stlc,stlc:logic_contraction,2,50.0,50.0,50.0,0.0,50.0,0.0,0.0,0.0,0.0,112.0,9.15
openrouter,openai/gpt-5.3-codex,unconstrained,stlc,stlc:logic_elimination,1,0.0,0.0,0.0,0.0,100.0,0.0,0.0,0.0,0.0,72.0,10.97
openrouter,openai/gpt-5.3-codex,unconstrained,stlc,stlc:logic_eta,1,0.0,0.0,0.0,0.0,0.0,100.0,0.0,0.0,0.0,64.0,3.86
openrouter,openai/gpt-5.3-codex,unconstrained,stlc,stlc:logic_function_result,1,0.0,0.0,0.0,0.0,100.0,0.0,0.0,0.0,0.0,56.0,6.32
openrouter,openai/gpt-5.3-codex,unconstrained,stlc,stlc:logic_higher_order,3,33.33,33.33,33.33,0.0,33.33,33.33,0.0,0.0,0.0,48.0,5.93
openrouter,openai/gpt-5.3-codex,unconstrained,stlc,stlc:logic_identity,2,0.0,0.0,0.0,0.0,100.0,0.0,0.0,0.0,0.0,32.0,5.22
openrouter,openai/gpt-5.3-codex,unconstrained,stlc,stlc:logic_modus_ponens,2,50.0,50.0,50.0,0.0,50.0,0.0,0.0,0.0,0.0,56.5,5.81
openrouter,openai/gpt-5.3-codex,unconstrained,stlc,stlc:logic_pipeline,1,0.0,0.0,0.0,0.0,100.0,0.0,0.0,0.0,0.0,104.0,4.95
openrouter,openai/gpt-5.3-codex,unconstrained,stlc,stlc:logic_projection,1,0.0,100.0,100.0,0.0,0.0,0.0,0.0,0.0,0.0,69.0,10.65
openrouter,openai/gpt-5.3-codex,unconstrained,stlc,stlc:logic_repetition,2,0.0,0.0,0.0,0.0,0.0,100.0,0.0,0.0,0.0,80.0,5.65
openrouter,openai/gpt-5.3-codex,unconstrained,stlc,stlc:logic_substitution,2,0.0,0.0,0.0,0.0,100.0,0.0,0.0,0.0,0.0,128.0,8.88
openrouter,openai/gpt-5.3-codex,unconstrained,stlc,stlc:logic_weakening,3,33.33,33.33,33.33,0.0,66.67,0.0,0.0,0.0,0.0,53.33,8.99
openrouter,openai/gpt-5.4-mini,unconstrained,fun,fun:boolean,2,0.0,100.0,100.0,0.0,0.0,0.0,0.0,0.0,0.0,21.0,3.12
openrouter,openai/gpt-5.4-mini,unconstrained,fun,fun:function,4,25.0,75.0,75.0,25.0,0.0,0.0,0.0,0.0,0.0,25.25,8.91
openrouter,openai/gpt-5.4-mini,unconstrained,fun,fun:function_application,4,0.0,25.0,25.0,50.0,0.0,0.0,25.0,0.0,0.0,17.5,10.88
openrouter,openai/gpt-5.4-mini,unconstrained,fun,fun:function_arithmetic,12,50.0,75.0,75.0,25.0,0.0,0.0,0.0,0.0,0.0,24.83,31.49
openrouter,openai/gpt-5.4-mini,unconstrained,fun,fun:function_closure,2,0.0,100.0,100.0,0.0,0.0,0.0,0.0,0.0,0.0,58.0,2.83
openrouter,openai/gpt-5.4-mini,unconstrained,fun,fun:function_composition,2,0.0,0.0,0.0,100.0,0.0,0.0,0.0,0.0,0.0,0.0,20.02
openrouter,openai/gpt-5.4-mini,unconstrained,fun,fun:function_constant,1,0.0,0.0,0.0,100.0,0.0,0.0,0.0,0.0,0.0,0.0,20.02
openrouter,openai/gpt-5.4-mini,unconstrained,fun,fun:function_float,4,0.0,50.0,50.0,25.0,0.0,0.0,25.0,0.0,0.0,28.75,6.72
openrouter,openai/gpt-5.4-mini,unconstrained,fun,fun:function_higher_order,2,100.0,100.0,100.0,0.0,0.0,0.0,0.0,0.0,0.0,42.5,2.01
openrouter,openai/gpt-5.4-mini,unconstrained,imp,imp:arithmetic,2,0.0,0.0,0.0,50.0,50.0,0.0,0.0,0.0,0.0,12.0,10.77
openrouter,openai/gpt-5.4-mini,unconstrained,imp,imp:assignment,3,0.0,0.0,0.0,33.33,66.67,0.0,0.0,0.0,0.0,17.0,7.85
openrouter,openai/gpt-5.4-mini,unconstrained,imp,imp:boolean,2,0.0,0.0,0.0,100.0,0.0,0.0,0.0,0.0,0.0,0.0,42.63
openrouter,openai/gpt-5.4-mini,unconstrained,imp,imp:branching,6,0.0,0.0,0.0,16.67,83.33,0.0,0.0,0.0,0.0,50.17,7.28
openrouter,openai/gpt-5.4-mini,unconstrained,imp,imp:loops,4,0.0,0.0,0.0,25.0,75.0,0.0,0.0,0.0,0.0,43.25,9.45
openrouter,openai/gpt-5.4-mini,unconstrained,imp,imp:mixed_control,2,0.0,0.0,0.0,100.0,0.0,0.0,0.0,0.0,0.0,0.0,20.02
openrouter,openai/gpt-5.4-mini,unconstrained,imp,imp:nested_branching,3,0.0,33.33,33.33,0.0,66.67,0.0,0.0,0.0,0.0,67.67,1.9
openrouter,openai/gpt-5.4-mini,unconstrained,imp,imp:sequence,3,0.0,0.0,0.0,0.0,66.67,0.0,33.33,0.0,0.0,35.67,2.11
openrouter,openai/gpt-5.4-mini,unconstrained,imp,imp:while_loop,3,0.0,0.0,0.0,33.33,66.67,0.0,0.0,0.0,0.0,24.67,90.02
openrouter,openai/gpt-5.4-mini,unconstrained,stlc,stlc:logic_application,2,0.0,50.0,50.0,50.0,0.0,0.0,0.0,0.0,0.0,17.5,10.97
openrouter,openai/gpt-5.4-mini,unconstrained,stlc,stlc:logic_argument_order,1,100.0,100.0,100.0,0.0,0.0,0.0,0.0,0.0,0.0,28.0,1.74
openrouter,openai/gpt-5.4-mini,unconstrained,stlc,stlc:logic_choice,2,50.0,50.0,50.0,50.0,0.0,0.0,0.0,0.0,0.0,12.5,15.87
openrouter,openai/gpt-5.4-mini,unconstrained,stlc,stlc:logic_composition,6,50.0,83.33,83.33,16.67,0.0,0.0,0.0,0.0,0.0,26.83,53.81
openrouter,openai/gpt-5.4-mini,unconstrained,stlc,stlc:logic_continuation,1,0.0,100.0,100.0,0.0,0.0,0.0,0.0,0.0,0.0,27.0,1.54
openrouter,openai/gpt-5.4-mini,unconstrained,stlc,stlc:logic_contraction,2,0.0,50.0,50.0,50.0,0.0,0.0,0.0,0.0,0.0,16.5,151.04
openrouter,openai/gpt-5.4-mini,unconstrained,stlc,stlc:logic_elimination,1,0.0,100.0,100.0,0.0,0.0,0.0,0.0,0.0,0.0,19.0,1.77
openrouter,openai/gpt-5.4-mini,unconstrained,stlc,stlc:logic_eta,1,0.0,100.0,100.0,0.0,0.0,0.0,0.0,0.0,0.0,19.0,11.7
openrouter,openai/gpt-5.4-mini,unconstrained,stlc,stlc:logic_function_result,1,0.0,0.0,0.0,100.0,0.0,0.0,0.0,0.0,0.0,0.0,20.02
openrouter,openai/gpt-5.4-mini,unconstrained,stlc,stlc:logic_higher_order,3,100.0,100.0,100.0,0.0,0.0,0.0,0.0,0.0,0.0,13.0,1.72
openrouter,openai/gpt-5.4-mini,unconstrained,stlc,stlc:logic_identity,2,50.0,50.0,50.0,50.0,0.0,0.0,0.0,0.0,0.0,4.0,151.1
openrouter,openai/gpt-5.4-mini,unconstrained,stlc,stlc:logic_modus_ponens,2,50.0,50.0,50.0,50.0,0.0,0.0,0.0,0.0,0.0,9.5,10.78
openrouter,openai/gpt-5.4-mini,unconstrained,stlc,stlc:logic_pipeline,1,0.0,0.0,0.0,100.0,0.0,0.0,0.0,0.0,0.0,0.0,20.02
openrouter,openai/gpt-5.4-mini,unconstrained,stlc,stlc:logic_projection,1,0.0,100.0,100.0,0.0,0.0,0.0,0.0,0.0,0.0,17.0,1.5
openrouter,openai/gpt-5.4-mini,unconstrained,stlc,stlc:logic_repetition,2,0.0,0.0,0.0,100.0,0.0,0.0,0.0,0.0,0.0,0.0,20.02
openrouter,openai/gpt-5.4-mini,unconstrained,stlc,stlc:logic_substitution,2,50.0,100.0,100.0,0.0,0.0,0.0,0.0,0.0,0.0,36.0,1.8
openrouter,openai/gpt-5.4-mini,unconstrained,stlc,stlc:logic_weakening,3,33.33,100.0,100.0,0.0,0.0,0.0,0.0,0.0,0.0,15.67,1.63
openrouter,qwen/qwen3.5-35b-a3b,unconstrained,fun,fun:boolean,2,0.0,50.0,50.0,0.0,50.0,0.0,0.0,0.0,0.0,1884.5,23.86
openrouter,qwen/qwen3.5-35b-a3b,unconstrained,fun,fun:function,4,25.0,25.0,25.0,0.0,75.0,0.0,0.0,0.0,0.0,759.0,9.6
openrouter,qwen/qwen3.5-35b-a3b,unconstrained,fun,fun:function_application,4,0.0,0.0,0.0,0.0,100.0,0.0,0.0,0.0,0.0,132.0,4.21
openrouter,qwen/qwen3.5-35b-a3b,unconstrained,fun,fun:function_arithmetic,12,25.0,58.33,58.33,0.0,41.67,0.0,0.0,0.0,0.0,2344.58,20.98
openrouter,qwen/qwen3.5-35b-a3b,unconstrained,fun,fun:function_closure,2,0.0,0.0,0.0,0.0,100.0,0.0,0.0,0.0,0.0,208.0,2.85
openrouter,qwen/qwen3.5-35b-a3b,unconstrained,fun,fun:function_composition,2,0.0,0.0,0.0,0.0,100.0,0.0,0.0,0.0,0.0,208.0,8.35
openrouter,qwen/qwen3.5-35b-a3b,unconstrained,fun,fun:function_constant,1,0.0,100.0,100.0,0.0,0.0,0.0,0.0,0.0,0.0,1225.0,11.59
openrouter,qwen/qwen3.5-35b-a3b,unconstrained,fun,fun:function_float,4,25.0,50.0,50.0,0.0,50.0,0.0,0.0,0.0,0.0,2346.5,22.35
openrouter,qwen/qwen3.5-35b-a3b,unconstrained,fun,fun:function_higher_order,2,50.0,50.0,50.0,0.0,50.0,0.0,0.0,0.0,0.0,4305.0,35.59
openrouter,qwen/qwen3.5-35b-a3b,unconstrained,imp,imp:arithmetic,2,0.0,0.0,0.0,0.0,50.0,0.0,50.0,0.0,0.0,2714.0,24.71
openrouter,qwen/qwen3.5-35b-a3b,unconstrained,imp,imp:assignment,3,33.33,33.33,33.33,0.0,66.67,0.0,0.0,0.0,0.0,5396.67,48.36
openrouter,qwen/qwen3.5-35b-a3b,unconstrained,imp,imp:boolean,2,0.0,0.0,0.0,0.0,100.0,0.0,0.0,0.0,0.0,5902.5,53.24
openrouter,qwen/qwen3.5-35b-a3b,unconstrained,imp,imp:branching,6,0.0,0.0,0.0,0.0,83.33,0.0,16.67,0.0,0.0,2447.67,24.26
openrouter,qwen/qwen3.5-35b-a3b,unconstrained,imp,imp:loops,4,0.0,0.0,0.0,0.0,100.0,0.0,0.0,0.0,0.0,1648.5,19.99
openrouter,qwen/qwen3.5-35b-a3b,unconstrained,imp,imp:mixed_control,2,0.0,0.0,0.0,0.0,100.0,0.0,0.0,0.0,0.0,3355.0,33.22
openrouter,qwen/qwen3.5-35b-a3b,unconstrained,imp,imp:nested_branching,3,0.0,0.0,0.0,0.0,100.0,0.0,0.0,0.0,0.0,4728.33,43.86
openrouter,qwen/qwen3.5-35b-a3b,unconstrained,imp,imp:sequence,3,0.0,33.33,33.33,0.0,66.67,0.0,0.0,0.0,0.0,3441.0,30.4
openrouter,qwen/qwen3.5-35b-a3b,unconstrained,imp,imp:while_loop,3,0.0,0.0,0.0,0.0,100.0,0.0,0.0,0.0,0.0,1998.67,20.88
openrouter,qwen/qwen3.5-35b-a3b,unconstrained,stlc,stlc:logic_application,2,0.0,50.0,50.0,0.0,50.0,0.0,0.0,0.0,0.0,2759.0,29.08
openrouter,qwen/qwen3.5-35b-a3b,unconstrained,stlc,stlc:logic_argument_order,1,0.0,0.0,0.0,0.0,100.0,0.0,0.0,0.0,0.0,96.0,2.77
openrouter,qwen/qwen3.5-35b-a3b,unconstrained,stlc,stlc:logic_choice,2,50.0,50.0,50.0,0.0,50.0,0.0,0.0,0.0,0.0,2018.5,18.84
openrouter,qwen/qwen3.5-35b-a3b,unconstrained,stlc,stlc:logic_composition,6,16.67,33.33,33.33,0.0,66.67,0.0,0.0,0.0,0.0,2401.33,22.5
openrouter,qwen/qwen3.5-35b-a3b,unconstrained,stlc,stlc:logic_continuation,1,0.0,0.0,0.0,0.0,100.0,0.0,0.0,0.0,0.0,96.0,2.4
openrouter,qwen/qwen3.5-35b-a3b,unconstrained,stlc,stlc:logic_contraction,2,0.0,100.0,100.0,0.0,0.0,0.0,0.0,0.0,0.0,5415.5,47.38
openrouter,qwen/qwen3.5-35b-a3b,unconstrained,stlc,stlc:logic_elimination,1,0.0,0.0,0.0,0.0,100.0,0.0,0.0,0.0,0.0,72.0,2.99
openrouter,qwen/qwen3.5-35b-a3b,unconstrained,stlc,stlc:logic_eta,1,0.0,100.0,100.0,0.0,0.0,0.0,0.0,0.0,0.0,5054.0,42.54
openrouter,qwen/qwen3.5-35b-a3b,unconstrained,stlc,stlc:logic_function_result,1,0.0,0.0,0.0,0.0,100.0,0.0,0.0,0.0,0.0,56.0,2.46
openrouter,qwen/qwen3.5-35b-a3b,unconstrained,stlc,stlc:logic_higher_order,3,66.67,66.67,66.67,0.0,33.33,0.0,0.0,0.0,0.0,1649.67,16.0
openrouter,qwen/qwen3.5-35b-a3b,unconstrained,stlc,stlc:logic_identity,2,100.0,100.0,100.0,0.0,0.0,0.0,0.0,0.0,0.0,749.0,8.16
openrouter,qwen/qwen3.5-35b-a3b,unconstrained,stlc,stlc:logic_modus_ponens,2,50.0,50.0,50.0,0.0,50.0,0.0,0.0,0.0,0.0,2398.0,22.76
openrouter,qwen/qwen3.5-35b-a3b,unconstrained,stlc,stlc:logic_pipeline,1,0.0,0.0,0.0,0.0,100.0,0.0,0.0,0.0,0.0,104.0,2.75
openrouter,qwen/qwen3.5-35b-a3b,unconstrained,stlc,stlc:logic_projection,1,0.0,100.0,100.0,0.0,0.0,0.0,0.0,0.0,0.0,3390.0,28.81
openrouter,qwen/qwen3.5-35b-a3b,unconstrained,stlc,stlc:logic_repetition,2,50.0,50.0,50.0,0.0,50.0,0.0,0.0,0.0,0.0,3114.5,28.61
openrouter,qwen/qwen3.5-35b-a3b,unconstrained,stlc,stlc:logic_substitution,2,0.0,0.0,0.0,0.0,100.0,0.0,0.0,0.0,0.0,128.0,4.58
openrouter,qwen/qwen3.5-35b-a3b,unconstrained,stlc,stlc:logic_weakening,3,33.33,66.67,66.67,0.0,33.33,0.0,0.0,0.0,0.0,4464.67,41.82
