backend,model,mode,language,category,attempts,exact_rate,pass_rate,ok_rate,parse_error_rate,non_completable_rate,incomplete_rate,semantic_mismatch_rate,timeout_rate,other_error_rate,avg_tokens,avg_seconds
local,Qwen/Qwen3.5-0.8B,constrained_direct,fun,fun:boolean,2,0.0,0.0,0.0,0.0,0.0,100.0,0.0,0.0,0.0,0.0,0.55
local,Qwen/Qwen3.5-0.8B,constrained_direct,fun,fun:function,4,0.0,0.0,0.0,0.0,0.0,100.0,0.0,0.0,0.0,0.0,0.76
local,Qwen/Qwen3.5-0.8B,constrained_direct,fun,fun:function_application,4,0.0,0.0,0.0,0.0,0.0,75.0,25.0,0.0,0.0,2.75,0.87
local,Qwen/Qwen3.5-0.8B,constrained_direct,fun,fun:function_arithmetic,7,0.0,0.0,0.0,0.0,0.0,85.71,14.29,0.0,0.0,2.0,0.68
local,Qwen/Qwen3.5-0.8B,constrained_direct,fun,fun:function_closure,2,0.0,0.0,0.0,0.0,0.0,100.0,0.0,0.0,0.0,0.0,0.25
local,Qwen/Qwen3.5-0.8B,constrained_direct,fun,fun:function_composition,1,0.0,0.0,0.0,0.0,0.0,100.0,0.0,0.0,0.0,0.0,0.64
local,Qwen/Qwen3.5-0.8B,constrained_direct,fun,fun:function_constant,1,0.0,0.0,0.0,0.0,0.0,100.0,0.0,0.0,0.0,0.0,0.57
local,Qwen/Qwen3.5-0.8B,constrained_direct,fun,fun:function_float,2,0.0,0.0,0.0,0.0,0.0,100.0,0.0,0.0,0.0,0.0,0.91
local,Qwen/Qwen3.5-0.8B,constrained_direct,fun,fun:function_higher_order,2,0.0,0.0,0.0,0.0,0.0,100.0,0.0,0.0,0.0,0.0,0.66
local,Qwen/Qwen3.5-0.8B,constrained_direct,imp,imp:assignment,3,0.0,0.0,0.0,0.0,0.0,100.0,0.0,0.0,0.0,0.0,0.04
local,Qwen/Qwen3.5-0.8B,constrained_direct,imp,imp:boolean,1,0.0,0.0,0.0,0.0,0.0,100.0,0.0,0.0,0.0,0.0,0.04
local,Qwen/Qwen3.5-0.8B,constrained_direct,imp,imp:branching,4,0.0,0.0,0.0,0.0,0.0,100.0,0.0,0.0,0.0,0.0,0.09
local,Qwen/Qwen3.5-0.8B,constrained_direct,imp,imp:loops,3,0.0,0.0,0.0,0.0,0.0,100.0,0.0,0.0,0.0,0.0,0.02
local,Qwen/Qwen3.5-0.8B,constrained_direct,imp,imp:mixed_control,2,0.0,0.0,0.0,0.0,0.0,100.0,0.0,0.0,0.0,0.0,0.16
local,Qwen/Qwen3.5-0.8B,constrained_direct,imp,imp:nested_branching,2,0.0,0.0,0.0,0.0,0.0,100.0,0.0,0.0,0.0,0.0,0.11
local,Qwen/Qwen3.5-0.8B,constrained_direct,imp,imp:sequence,2,0.0,0.0,0.0,0.0,0.0,100.0,0.0,0.0,0.0,0.0,0.12
local,Qwen/Qwen3.5-0.8B,constrained_direct,imp,imp:while_loop,3,0.0,0.0,0.0,0.0,0.0,100.0,0.0,0.0,0.0,0.0,0.08
local,Qwen/Qwen3.5-0.8B,constrained_direct,stlc,stlc:logic_application,2,0.0,0.0,0.0,0.0,0.0,100.0,0.0,0.0,0.0,0.0,0.01
local,Qwen/Qwen3.5-0.8B,constrained_direct,stlc,stlc:logic_argument_order,1,0.0,0.0,0.0,0.0,0.0,100.0,0.0,0.0,0.0,0.0,0.01
local,Qwen/Qwen3.5-0.8B,constrained_direct,stlc,stlc:logic_choice,2,0.0,0.0,0.0,0.0,0.0,50.0,50.0,0.0,0.0,3.5,0.4
local,Qwen/Qwen3.5-0.8B,constrained_direct,stlc,stlc:logic_composition,3,0.0,0.0,0.0,0.0,0.0,100.0,0.0,0.0,0.0,0.0,0.08
local,Qwen/Qwen3.5-0.8B,constrained_direct,stlc,stlc:logic_continuation,1,0.0,0.0,0.0,0.0,0.0,100.0,0.0,0.0,0.0,0.0,0.09
local,Qwen/Qwen3.5-0.8B,constrained_direct,stlc,stlc:logic_contraction,2,0.0,0.0,0.0,0.0,0.0,100.0,0.0,0.0,0.0,0.0,0.01
local,Qwen/Qwen3.5-0.8B,constrained_direct,stlc,stlc:logic_eta,1,0.0,0.0,0.0,0.0,0.0,100.0,0.0,0.0,0.0,0.0,0.19
local,Qwen/Qwen3.5-0.8B,constrained_direct,stlc,stlc:logic_function_result,1,0.0,0.0,0.0,0.0,0.0,100.0,0.0,0.0,0.0,0.0,0.32
local,Qwen/Qwen3.5-0.8B,constrained_direct,stlc,stlc:logic_higher_order,2,0.0,0.0,0.0,0.0,0.0,100.0,0.0,0.0,0.0,0.0,0.1
local,Qwen/Qwen3.5-0.8B,constrained_direct,stlc,stlc:logic_identity,1,0.0,0.0,0.0,0.0,0.0,100.0,0.0,0.0,0.0,0.0,0.21
local,Qwen/Qwen3.5-0.8B,constrained_direct,stlc,stlc:logic_modus_ponens,1,0.0,0.0,0.0,0.0,0.0,100.0,0.0,0.0,0.0,0.0,0.04
local,Qwen/Qwen3.5-0.8B,constrained_direct,stlc,stlc:logic_projection,1,0.0,0.0,0.0,0.0,0.0,100.0,0.0,0.0,0.0,0.0,0.01
local,Qwen/Qwen3.5-0.8B,constrained_direct,stlc,stlc:logic_repetition,1,0.0,0.0,0.0,0.0,0.0,100.0,0.0,0.0,0.0,0.0,0.01
local,Qwen/Qwen3.5-0.8B,constrained_direct,stlc,stlc:logic_substitution,2,0.0,0.0,0.0,0.0,0.0,100.0,0.0,0.0,0.0,0.0,0.12
local,Qwen/Qwen3.5-0.8B,constrained_direct,stlc,stlc:logic_weakening,2,0.0,0.0,0.0,0.0,0.0,100.0,0.0,0.0,0.0,0.0,0.1
local,Qwen/Qwen3.5-0.8B,constrained_mixed,fun,fun:function,1,0.0,0.0,0.0,0.0,0.0,0.0,100.0,0.0,0.0,30.0,2.79
local,Qwen/Qwen3.5-0.8B,constrained_mixed,fun,fun:function_application,1,0.0,100.0,100.0,0.0,0.0,0.0,0.0,0.0,0.0,49.0,3.6
local,Qwen/Qwen3.5-0.8B,constrained_mixed,fun,fun:function_arithmetic,2,0.0,0.0,0.0,0.0,0.0,0.0,100.0,0.0,0.0,36.5,2.8
local,Qwen/Qwen3.5-0.8B,constrained_mixed,fun,fun:function_composition,1,0.0,0.0,0.0,0.0,0.0,100.0,0.0,0.0,0.0,75.0,339.95
local,Qwen/Qwen3.5-0.8B,constrained_mixed,fun,fun:function_constant,1,0.0,0.0,0.0,0.0,0.0,100.0,0.0,0.0,0.0,99.0,9.11
local,Qwen/Qwen3.5-0.8B,constrained_mixed,fun,fun:function_float,1,0.0,0.0,0.0,0.0,0.0,100.0,0.0,0.0,0.0,18.0,297.27
local,Qwen/Qwen3.5-0.8B,constrained_mixed,imp,imp:assignment,1,0.0,0.0,0.0,0.0,0.0,100.0,0.0,0.0,0.0,75.0,4.75
local,Qwen/Qwen3.5-0.8B,constrained_mixed,imp,imp:boolean,1,0.0,0.0,0.0,0.0,0.0,100.0,0.0,0.0,0.0,98.0,5.05
local,Qwen/Qwen3.5-0.8B,constrained_mixed,imp,imp:branching,2,0.0,0.0,0.0,0.0,0.0,100.0,0.0,0.0,0.0,257.5,15.11
local,Qwen/Qwen3.5-0.8B,constrained_mixed,imp,imp:loops,1,0.0,0.0,0.0,0.0,0.0,100.0,0.0,0.0,0.0,180.0,11.81
local,Qwen/Qwen3.5-0.8B,constrained_mixed,imp,imp:nested_branching,1,0.0,100.0,100.0,0.0,0.0,0.0,0.0,0.0,0.0,41.0,2.26
local,Qwen/Qwen3.5-0.8B,constrained_mixed,imp,imp:sequence,1,0.0,100.0,100.0,0.0,0.0,0.0,0.0,0.0,0.0,64.0,4.09
local,Qwen/Qwen3.5-0.8B,constrained_mixed,imp,imp:while_loop,1,0.0,100.0,100.0,0.0,0.0,0.0,0.0,0.0,0.0,49.0,2.3
local,Qwen/Qwen3.5-0.8B,constrained_mixed,stlc,stlc:logic_application,1,0.0,100.0,100.0,0.0,0.0,0.0,0.0,0.0,0.0,19.0,1.23
local,Qwen/Qwen3.5-0.8B,constrained_mixed,stlc,stlc:logic_argument_order,1,0.0,0.0,0.0,0.0,0.0,0.0,100.0,0.0,0.0,10.0,0.86
local,Qwen/Qwen3.5-0.8B,constrained_mixed,stlc,stlc:logic_choice,1,0.0,0.0,0.0,0.0,0.0,0.0,100.0,0.0,0.0,10.0,0.83
local,Qwen/Qwen3.5-0.8B,constrained_mixed,stlc,stlc:logic_composition,2,0.0,0.0,0.0,0.0,0.0,50.0,50.0,0.0,0.0,112.0,6.39
local,Qwen/Qwen3.5-0.8B,constrained_mixed,stlc,stlc:logic_contraction,1,0.0,0.0,0.0,0.0,0.0,0.0,100.0,0.0,0.0,10.0,0.84
local,Qwen/Qwen3.5-0.8B,constrained_mixed,stlc,stlc:logic_identity,1,0.0,0.0,0.0,0.0,0.0,0.0,100.0,0.0,0.0,10.0,0.9
local,Qwen/Qwen3.5-0.8B,constrained_mixed,stlc,stlc:logic_modus_ponens,1,0.0,100.0,100.0,0.0,0.0,0.0,0.0,0.0,0.0,10.0,0.86
local,Qwen/Qwen3.5-0.8B,constrained_mixed,stlc,stlc:logic_projection,1,0.0,0.0,0.0,0.0,0.0,0.0,100.0,0.0,0.0,10.0,0.82
local,Qwen/Qwen3.5-0.8B,constrained_mixed,stlc,stlc:logic_weakening,1,0.0,100.0,100.0,0.0,0.0,0.0,0.0,0.0,0.0,10.0,0.83
local,Qwen/Qwen3.5-0.8B,unconstrained,fun,fun:boolean,2,0.0,0.0,0.0,0.0,100.0,0.0,0.0,0.0,0.0,51.5,1.82
local,Qwen/Qwen3.5-0.8B,unconstrained,fun,fun:function,4,0.0,0.0,0.0,0.0,100.0,0.0,0.0,0.0,0.0,124.0,4.14
local,Qwen/Qwen3.5-0.8B,unconstrained,fun,fun:function_application,4,0.0,0.0,0.0,0.0,100.0,0.0,0.0,0.0,0.0,132.0,4.4
local,Qwen/Qwen3.5-0.8B,unconstrained,fun,fun:function_arithmetic,12,0.0,0.0,0.0,0.0,83.33,0.0,16.67,0.0,0.0,93.92,3.18
local,Qwen/Qwen3.5-0.8B,unconstrained,fun,fun:function_closure,2,0.0,0.0,0.0,0.0,50.0,0.0,50.0,0.0,0.0,208.0,6.85
local,Qwen/Qwen3.5-0.8B,unconstrained,fun,fun:function_composition,2,0.0,0.0,0.0,0.0,100.0,0.0,0.0,0.0,0.0,79.5,2.74
local,Qwen/Qwen3.5-0.8B,unconstrained,fun,fun:function_constant,1,0.0,0.0,0.0,0.0,100.0,0.0,0.0,0.0,0.0,37.0,1.36
local,Qwen/Qwen3.5-0.8B,unconstrained,fun,fun:function_float,4,0.0,0.0,0.0,0.0,75.0,0.0,25.0,0.0,0.0,109.25,3.67
local,Qwen/Qwen3.5-0.8B,unconstrained,fun,fun:function_higher_order,2,0.0,0.0,0.0,0.0,100.0,0.0,0.0,0.0,0.0,104.5,3.51
local,Qwen/Qwen3.5-0.8B,unconstrained,imp,imp:arithmetic,2,0.0,0.0,0.0,0.0,100.0,0.0,0.0,0.0,0.0,80.0,2.71
local,Qwen/Qwen3.5-0.8B,unconstrained,imp,imp:assignment,3,0.0,0.0,0.0,0.0,100.0,0.0,0.0,0.0,0.0,65.67,2.26
local,Qwen/Qwen3.5-0.8B,unconstrained,imp,imp:boolean,2,0.0,0.0,0.0,0.0,50.0,0.0,50.0,0.0,0.0,60.5,2.1
local,Qwen/Qwen3.5-0.8B,unconstrained,imp,imp:branching,6,0.0,0.0,0.0,0.0,83.33,0.0,16.67,0.0,0.0,117.83,3.94
local,Qwen/Qwen3.5-0.8B,unconstrained,imp,imp:loops,4,0.0,0.0,0.0,0.0,100.0,0.0,0.0,0.0,0.0,172.0,5.68
local,Qwen/Qwen3.5-0.8B,unconstrained,imp,imp:mixed_control,2,0.0,0.0,0.0,0.0,100.0,0.0,0.0,0.0,0.0,192.0,6.33
local,Qwen/Qwen3.5-0.8B,unconstrained,imp,imp:nested_branching,3,0.0,0.0,0.0,0.0,66.67,0.0,33.33,0.0,0.0,146.33,4.86
local,Qwen/Qwen3.5-0.8B,unconstrained,imp,imp:sequence,3,0.0,0.0,0.0,0.0,100.0,0.0,0.0,0.0,0.0,84.0,2.85
local,Qwen/Qwen3.5-0.8B,unconstrained,imp,imp:while_loop,3,0.0,0.0,0.0,0.0,66.67,0.0,33.33,0.0,0.0,81.67,2.78
local,Qwen/Qwen3.5-0.8B,unconstrained,stlc,stlc:logic_application,2,0.0,0.0,0.0,0.0,100.0,0.0,0.0,0.0,0.0,116.0,3.88
local,Qwen/Qwen3.5-0.8B,unconstrained,stlc,stlc:logic_argument_order,1,0.0,0.0,0.0,0.0,100.0,0.0,0.0,0.0,0.0,37.0,1.36
local,Qwen/Qwen3.5-0.8B,unconstrained,stlc,stlc:logic_choice,2,0.0,0.0,0.0,0.0,0.0,0.0,100.0,0.0,0.0,7.0,0.4
local,Qwen/Qwen3.5-0.8B,unconstrained,stlc,stlc:logic_composition,6,0.0,0.0,0.0,0.0,83.33,0.0,16.67,0.0,0.0,98.83,3.33
local,Qwen/Qwen3.5-0.8B,unconstrained,stlc,stlc:logic_continuation,1,0.0,0.0,0.0,0.0,100.0,0.0,0.0,0.0,0.0,96.0,3.24
local,Qwen/Qwen3.5-0.8B,unconstrained,stlc,stlc:logic_contraction,2,0.0,0.0,0.0,0.0,100.0,0.0,0.0,0.0,0.0,57.5,2.01
local,Qwen/Qwen3.5-0.8B,unconstrained,stlc,stlc:logic_elimination,1,0.0,0.0,0.0,0.0,100.0,0.0,0.0,0.0,0.0,72.0,2.46
local,Qwen/Qwen3.5-0.8B,unconstrained,stlc,stlc:logic_eta,1,0.0,0.0,0.0,0.0,100.0,0.0,0.0,0.0,0.0,64.0,2.2
local,Qwen/Qwen3.5-0.8B,unconstrained,stlc,stlc:logic_function_result,1,0.0,0.0,0.0,0.0,100.0,0.0,0.0,0.0,0.0,56.0,1.94
local,Qwen/Qwen3.5-0.8B,unconstrained,stlc,stlc:logic_higher_order,3,0.0,0.0,0.0,0.0,66.67,0.0,33.33,0.0,0.0,29.0,1.08
local,Qwen/Qwen3.5-0.8B,unconstrained,stlc,stlc:logic_identity,2,0.0,0.0,0.0,0.0,100.0,0.0,0.0,0.0,0.0,22.0,0.86
local,Qwen/Qwen3.5-0.8B,unconstrained,stlc,stlc:logic_modus_ponens,2,50.0,50.0,50.0,0.0,50.0,0.0,0.0,0.0,0.0,35.5,1.3
local,Qwen/Qwen3.5-0.8B,unconstrained,stlc,stlc:logic_pipeline,1,0.0,0.0,0.0,0.0,100.0,0.0,0.0,0.0,0.0,104.0,3.49
local,Qwen/Qwen3.5-0.8B,unconstrained,stlc,stlc:logic_projection,1,0.0,0.0,0.0,0.0,100.0,0.0,0.0,0.0,0.0,72.0,2.46
local,Qwen/Qwen3.5-0.8B,unconstrained,stlc,stlc:logic_repetition,2,0.0,0.0,0.0,0.0,100.0,0.0,0.0,0.0,0.0,80.0,2.72
local,Qwen/Qwen3.5-0.8B,unconstrained,stlc,stlc:logic_substitution,2,0.0,0.0,0.0,0.0,100.0,0.0,0.0,0.0,0.0,53.5,1.93
local,Qwen/Qwen3.5-0.8B,unconstrained,stlc,stlc:logic_weakening,3,0.0,0.0,0.0,0.0,33.33,0.0,66.67,0.0,0.0,31.33,1.17
local,Qwen/Qwen3.5-0.8B,unconstrained_raw,fun,fun:boolean,2,0.0,0.0,0.0,0.0,100.0,0.0,0.0,0.0,0.0,8.0,0.44
local,Qwen/Qwen3.5-0.8B,unconstrained_raw,fun,fun:function,4,0.0,0.0,0.0,0.0,100.0,0.0,0.0,0.0,0.0,27.25,1.06
local,Qwen/Qwen3.5-0.8B,unconstrained_raw,fun,fun:function_application,4,0.0,0.0,0.0,0.0,100.0,0.0,0.0,0.0,0.0,63.75,2.23
local,Qwen/Qwen3.5-0.8B,unconstrained_raw,fun,fun:function_arithmetic,12,0.0,0.0,0.0,0.0,83.33,16.67,0.0,0.0,0.0,37.17,1.38
local,Qwen/Qwen3.5-0.8B,unconstrained_raw,fun,fun:function_closure,2,0.0,0.0,0.0,0.0,100.0,0.0,0.0,0.0,0.0,117.5,3.96
local,Qwen/Qwen3.5-0.8B,unconstrained_raw,fun,fun:function_composition,2,0.0,0.0,0.0,0.0,100.0,0.0,0.0,0.0,0.0,136.0,4.54
local,Qwen/Qwen3.5-0.8B,unconstrained_raw,fun,fun:function_constant,1,0.0,0.0,0.0,0.0,100.0,0.0,0.0,0.0,0.0,41.0,1.51
local,Qwen/Qwen3.5-0.8B,unconstrained_raw,fun,fun:function_float,4,0.0,0.0,0.0,0.0,100.0,0.0,0.0,0.0,0.0,41.5,1.52
local,Qwen/Qwen3.5-0.8B,unconstrained_raw,fun,fun:function_higher_order,2,0.0,0.0,0.0,0.0,100.0,0.0,0.0,0.0,0.0,184.0,6.08
local,Qwen/Qwen3.5-0.8B,unconstrained_raw,imp,imp:arithmetic,2,0.0,0.0,0.0,0.0,100.0,0.0,0.0,0.0,0.0,20.0,0.82
local,Qwen/Qwen3.5-0.8B,unconstrained_raw,imp,imp:assignment,3,66.67,66.67,66.67,0.0,0.0,0.0,33.33,0.0,0.0,14.67,0.65
local,Qwen/Qwen3.5-0.8B,unconstrained_raw,imp,imp:boolean,2,0.0,50.0,50.0,0.0,50.0,0.0,0.0,0.0,0.0,20.0,0.83
local,Qwen/Qwen3.5-0.8B,unconstrained_raw,imp,imp:branching,6,0.0,0.0,0.0,0.0,66.67,0.0,33.33,0.0,0.0,39.83,1.46
local,Qwen/Qwen3.5-0.8B,unconstrained_raw,imp,imp:loops,4,0.0,0.0,0.0,0.0,75.0,0.0,25.0,0.0,0.0,45.25,1.63
local,Qwen/Qwen3.5-0.8B,unconstrained_raw,imp,imp:mixed_control,2,0.0,0.0,0.0,0.0,100.0,0.0,0.0,0.0,0.0,57.5,2.02
local,Qwen/Qwen3.5-0.8B,unconstrained_raw,imp,imp:nested_branching,3,0.0,0.0,0.0,0.0,100.0,0.0,0.0,0.0,0.0,34.67,1.29
local,Qwen/Qwen3.5-0.8B,unconstrained_raw,imp,imp:sequence,3,0.0,33.33,33.33,0.0,66.67,0.0,0.0,0.0,0.0,22.33,0.9
local,Qwen/Qwen3.5-0.8B,unconstrained_raw,imp,imp:while_loop,3,33.33,33.33,33.33,0.0,66.67,0.0,0.0,0.0,0.0,22.0,0.88
local,Qwen/Qwen3.5-0.8B,unconstrained_raw,stlc,stlc:logic_application,2,0.0,0.0,0.0,0.0,100.0,0.0,0.0,0.0,0.0,17.0,0.73
local,Qwen/Qwen3.5-0.8B,unconstrained_raw,stlc,stlc:logic_argument_order,1,0.0,0.0,0.0,0.0,100.0,0.0,0.0,0.0,0.0,23.0,0.92
local,Qwen/Qwen3.5-0.8B,unconstrained_raw,stlc,stlc:logic_choice,2,0.0,0.0,0.0,0.0,0.0,0.0,100.0,0.0,0.0,7.0,0.4
local,Qwen/Qwen3.5-0.8B,unconstrained_raw,stlc,stlc:logic_composition,6,0.0,0.0,0.0,0.0,83.33,0.0,16.67,0.0,0.0,33.67,1.26
local,Qwen/Qwen3.5-0.8B,unconstrained_raw,stlc,stlc:logic_continuation,1,0.0,0.0,0.0,0.0,100.0,0.0,0.0,0.0,0.0,8.0,0.44
local,Qwen/Qwen3.5-0.8B,unconstrained_raw,stlc,stlc:logic_contraction,2,0.0,0.0,0.0,0.0,50.0,0.0,50.0,0.0,0.0,14.0,0.63
local,Qwen/Qwen3.5-0.8B,unconstrained_raw,stlc,stlc:logic_elimination,1,0.0,100.0,100.0,0.0,0.0,0.0,0.0,0.0,0.0,11.0,0.53
local,Qwen/Qwen3.5-0.8B,unconstrained_raw,stlc,stlc:logic_eta,1,0.0,100.0,100.0,0.0,0.0,0.0,0.0,0.0,0.0,7.0,0.4
local,Qwen/Qwen3.5-0.8B,unconstrained_raw,stlc,stlc:logic_function_result,1,0.0,0.0,0.0,0.0,100.0,0.0,0.0,0.0,0.0,22.0,0.89
local,Qwen/Qwen3.5-0.8B,unconstrained_raw,stlc,stlc:logic_higher_order,3,0.0,0.0,0.0,0.0,66.67,0.0,33.33,0.0,0.0,6.33,0.38
local,Qwen/Qwen3.5-0.8B,unconstrained_raw,stlc,stlc:logic_identity,2,0.0,0.0,0.0,0.0,50.0,50.0,0.0,0.0,0.0,3.0,0.27
local,Qwen/Qwen3.5-0.8B,unconstrained_raw,stlc,stlc:logic_modus_ponens,2,50.0,50.0,50.0,0.0,50.0,0.0,0.0,0.0,0.0,7.0,0.4
local,Qwen/Qwen3.5-0.8B,unconstrained_raw,stlc,stlc:logic_pipeline,1,0.0,0.0,0.0,0.0,100.0,0.0,0.0,0.0,0.0,20.0,0.83
local,Qwen/Qwen3.5-0.8B,unconstrained_raw,stlc,stlc:logic_projection,1,0.0,0.0,0.0,0.0,100.0,0.0,0.0,0.0,0.0,12.0,0.57
local,Qwen/Qwen3.5-0.8B,unconstrained_raw,stlc,stlc:logic_repetition,2,0.0,0.0,0.0,0.0,50.0,0.0,50.0,0.0,0.0,12.0,0.57
local,Qwen/Qwen3.5-0.8B,unconstrained_raw,stlc,stlc:logic_substitution,2,0.0,0.0,0.0,0.0,100.0,0.0,0.0,0.0,0.0,18.0,0.76
local,Qwen/Qwen3.5-0.8B,unconstrained_raw,stlc,stlc:logic_weakening,3,0.0,0.0,0.0,0.0,66.67,0.0,33.33,0.0,0.0,7.0,0.4
local,Qwen/Qwen3.5-2B,constrained_direct,fun,fun:boolean,2,0.0,100.0,100.0,0.0,0.0,0.0,0.0,0.0,0.0,9.0,1.57
local,Qwen/Qwen3.5-2B,constrained_direct,fun,fun:function,4,0.0,50.0,50.0,0.0,0.0,25.0,25.0,0.0,0.0,60.25,95.3
local,Qwen/Qwen3.5-2B,constrained_direct,fun,fun:function_application,4,0.0,0.0,0.0,0.0,0.0,50.0,50.0,0.0,0.0,55.75,140.06
local,Qwen/Qwen3.5-2B,constrained_direct,fun,fun:function_arithmetic,12,0.0,50.0,50.0,0.0,0.0,0.0,50.0,0.0,0.0,18.08,1.34
local,Qwen/Qwen3.5-2B,constrained_direct,fun,fun:function_closure,2,0.0,0.0,0.0,0.0,0.0,50.0,50.0,0.0,0.0,120.5,8.97
local,Qwen/Qwen3.5-2B,constrained_direct,fun,fun:function_composition,2,0.0,0.0,0.0,0.0,0.0,100.0,0.0,0.0,0.0,208.0,46.76
local,Qwen/Qwen3.5-2B,constrained_direct,fun,fun:function_constant,1,0.0,0.0,0.0,0.0,0.0,0.0,100.0,0.0,0.0,16.0,2.28
local,Qwen/Qwen3.5-2B,constrained_direct,fun,fun:function_float,4,0.0,0.0,0.0,0.0,0.0,100.0,0.0,0.0,0.0,17.0,397.01
local,Qwen/Qwen3.5-2B,constrained_direct,fun,fun:function_higher_order,2,0.0,50.0,50.0,0.0,0.0,50.0,0.0,0.0,0.0,102.5,26.92
local,Qwen/Qwen3.5-2B,constrained_direct,imp,imp:arithmetic,2,0.0,50.0,50.0,0.0,0.0,0.0,50.0,0.0,0.0,13.0,0.78
local,Qwen/Qwen3.5-2B,constrained_direct,imp,imp:assignment,3,0.0,0.0,0.0,0.0,0.0,100.0,0.0,0.0,0.0,82.67,4.47
local,Qwen/Qwen3.5-2B,constrained_direct,imp,imp:boolean,2,0.0,0.0,0.0,0.0,0.0,50.0,50.0,0.0,0.0,55.0,2.91
local,Qwen/Qwen3.5-2B,constrained_direct,imp,imp:branching,6,0.0,0.0,0.0,0.0,0.0,16.67,83.33,0.0,0.0,40.0,45.26
local,Qwen/Qwen3.5-2B,constrained_direct,imp,imp:loops,4,0.0,25.0,25.0,0.0,0.0,50.0,25.0,0.0,0.0,103.5,6.33
local,Qwen/Qwen3.5-2B,constrained_direct,imp,imp:mixed_control,2,0.0,50.0,50.0,0.0,0.0,0.0,50.0,0.0,0.0,38.0,2.08
local,Qwen/Qwen3.5-2B,constrained_direct,imp,imp:nested_branching,3,0.0,0.0,0.0,0.0,0.0,100.0,0.0,0.0,0.0,66.67,129.66
local,Qwen/Qwen3.5-2B,constrained_direct,imp,imp:sequence,3,0.0,66.67,66.67,0.0,0.0,0.0,33.33,0.0,0.0,22.33,1.26
local,Qwen/Qwen3.5-2B,constrained_direct,imp,imp:while_loop,3,0.0,33.33,33.33,0.0,0.0,0.0,66.67,0.0,0.0,19.33,1.07
local,Qwen/Qwen3.5-2B,constrained_direct,stlc,stlc:logic_application,2,0.0,50.0,50.0,0.0,0.0,0.0,50.0,0.0,0.0,11.5,0.77
local,Qwen/Qwen3.5-2B,constrained_direct,stlc,stlc:logic_argument_order,1,0.0,0.0,0.0,0.0,0.0,0.0,100.0,0.0,0.0,7.0,0.51
local,Qwen/Qwen3.5-2B,constrained_direct,stlc,stlc:logic_choice,2,0.0,0.0,0.0,0.0,0.0,0.0,100.0,0.0,0.0,7.0,0.5
local,Qwen/Qwen3.5-2B,constrained_direct,stlc,stlc:logic_composition,6,0.0,16.67,16.67,0.0,0.0,66.67,16.67,0.0,0.0,36.0,106.34
local,Qwen/Qwen3.5-2B,constrained_direct,stlc,stlc:logic_continuation,1,0.0,0.0,0.0,0.0,0.0,0.0,100.0,0.0,0.0,15.0,0.95
local,Qwen/Qwen3.5-2B,constrained_direct,stlc,stlc:logic_contraction,2,0.0,0.0,0.0,0.0,0.0,0.0,100.0,0.0,0.0,12.5,0.77
local,Qwen/Qwen3.5-2B,constrained_direct,stlc,stlc:logic_elimination,1,0.0,0.0,0.0,0.0,0.0,0.0,100.0,0.0,0.0,10.0,0.63
local,Qwen/Qwen3.5-2B,constrained_direct,stlc,stlc:logic_eta,1,0.0,100.0,100.0,0.0,0.0,0.0,0.0,0.0,0.0,6.0,0.46
local,Qwen/Qwen3.5-2B,constrained_direct,stlc,stlc:logic_function_result,1,0.0,100.0,100.0,0.0,0.0,0.0,0.0,0.0,0.0,6.0,0.48
local,Qwen/Qwen3.5-2B,constrained_direct,stlc,stlc:logic_higher_order,3,0.0,0.0,0.0,0.0,0.0,33.33,66.67,0.0,0.0,18.0,1.02
local,Qwen/Qwen3.5-2B,constrained_direct,stlc,stlc:logic_identity,2,0.0,0.0,0.0,0.0,0.0,0.0,100.0,0.0,0.0,6.0,0.46
local,Qwen/Qwen3.5-2B,constrained_direct,stlc,stlc:logic_modus_ponens,2,0.0,50.0,50.0,0.0,0.0,50.0,0.0,0.0,0.0,7.0,76.23
local,Qwen/Qwen3.5-2B,constrained_direct,stlc,stlc:logic_pipeline,1,0.0,100.0,100.0,0.0,0.0,0.0,0.0,0.0,0.0,17.0,0.96
local,Qwen/Qwen3.5-2B,constrained_direct,stlc,stlc:logic_projection,1,0.0,100.0,100.0,0.0,0.0,0.0,0.0,0.0,0.0,11.0,0.67
local,Qwen/Qwen3.5-2B,constrained_direct,stlc,stlc:logic_repetition,2,0.0,50.0,50.0,0.0,0.0,50.0,0.0,0.0,0.0,48.5,2.67
local,Qwen/Qwen3.5-2B,constrained_direct,stlc,stlc:logic_substitution,2,0.0,0.0,0.0,0.0,0.0,0.0,100.0,0.0,0.0,8.0,0.56
local,Qwen/Qwen3.5-2B,constrained_direct,stlc,stlc:logic_weakening,3,0.0,66.67,66.67,0.0,0.0,0.0,33.33,0.0,0.0,6.33,0.49
local,Qwen/Qwen3.5-2B,constrained_mixed,fun,fun:boolean,1,0.0,0.0,0.0,0.0,0.0,100.0,0.0,0.0,0.0,3.0,2.18
local,Qwen/Qwen3.5-2B,constrained_mixed,fun,fun:function,2,0.0,100.0,100.0,0.0,0.0,0.0,0.0,0.0,0.0,17.0,2.59
local,Qwen/Qwen3.5-2B,constrained_mixed,fun,fun:function_application,3,0.0,0.0,0.0,0.0,0.0,66.67,33.33,0.0,0.0,54.67,8.98
local,Qwen/Qwen3.5-2B,constrained_mixed,fun,fun:function_arithmetic,7,0.0,57.14,57.14,0.0,0.0,14.29,28.57,0.0,0.0,36.0,4.61
local,Qwen/Qwen3.5-2B,constrained_mixed,fun,fun:function_closure,1,0.0,0.0,0.0,0.0,0.0,100.0,0.0,0.0,0.0,227.0,26.45
local,Qwen/Qwen3.5-2B,constrained_mixed,fun,fun:function_composition,1,0.0,0.0,0.0,0.0,0.0,0.0,100.0,0.0,0.0,40.0,5.1
local,Qwen/Qwen3.5-2B,constrained_mixed,fun,fun:function_constant,1,0.0,0.0,0.0,0.0,0.0,0.0,100.0,0.0,0.0,15.0,3.31
local,Qwen/Qwen3.5-2B,constrained_mixed,fun,fun:function_float,1,0.0,0.0,0.0,0.0,0.0,100.0,0.0,0.0,0.0,23.0,455.04
local,Qwen/Qwen3.5-2B,constrained_mixed,fun,fun:function_higher_order,1,0.0,100.0,100.0,0.0,0.0,0.0,0.0,0.0,0.0,31.0,5.24
local,Qwen/Qwen3.5-2B,constrained_mixed,imp,imp:arithmetic,2,0.0,0.0,0.0,0.0,0.0,100.0,0.0,0.0,0.0,94.0,6.73
local,Qwen/Qwen3.5-2B,constrained_mixed,imp,imp:assignment,2,0.0,0.0,0.0,0.0,0.0,100.0,0.0,0.0,0.0,98.5,9.36
local,Qwen/Qwen3.5-2B,constrained_mixed,imp,imp:boolean,2,0.0,0.0,0.0,0.0,0.0,50.0,50.0,0.0,0.0,50.5,6.17
local,Qwen/Qwen3.5-2B,constrained_mixed,imp,imp:branching,4,0.0,0.0,0.0,0.0,0.0,0.0,100.0,0.0,0.0,58.75,5.48
local,Qwen/Qwen3.5-2B,constrained_mixed,imp,imp:loops,4,0.0,0.0,0.0,0.0,0.0,50.0,50.0,0.0,0.0,136.75,10.45
local,Qwen/Qwen3.5-2B,constrained_mixed,imp,imp:mixed_control,2,0.0,0.0,0.0,0.0,0.0,50.0,50.0,0.0,0.0,157.0,11.1
local,Qwen/Qwen3.5-2B,constrained_mixed,imp,imp:nested_branching,3,0.0,0.0,0.0,0.0,0.0,33.33,66.67,0.0,0.0,104.0,7.96
local,Qwen/Qwen3.5-2B,constrained_mixed,imp,imp:sequence,3,0.0,33.33,33.33,0.0,0.0,33.33,33.33,0.0,0.0,77.33,7.3
local,Qwen/Qwen3.5-2B,constrained_mixed,imp,imp:while_loop,3,0.0,33.33,33.33,0.0,0.0,0.0,66.67,0.0,0.0,55.67,5.21
local,Qwen/Qwen3.5-2B,constrained_mixed,stlc,stlc:logic_application,2,0.0,50.0,50.0,0.0,0.0,50.0,0.0,0.0,0.0,21.0,171.18
local,Qwen/Qwen3.5-2B,constrained_mixed,stlc,stlc:logic_choice,2,0.0,0.0,0.0,0.0,0.0,50.0,50.0,0.0,0.0,14.0,114.84
local,Qwen/Qwen3.5-2B,constrained_mixed,stlc,stlc:logic_composition,5,0.0,20.0,20.0,0.0,0.0,80.0,0.0,0.0,0.0,44.8,161.52
local,Qwen/Qwen3.5-2B,constrained_mixed,stlc,stlc:logic_continuation,1,0.0,0.0,0.0,0.0,0.0,100.0,0.0,0.0,0.0,41.0,508.56
local,Qwen/Qwen3.5-2B,constrained_mixed,stlc,stlc:logic_contraction,2,0.0,0.0,0.0,0.0,0.0,0.0,100.0,0.0,0.0,15.0,1.08
local,Qwen/Qwen3.5-2B,constrained_mixed,stlc,stlc:logic_elimination,1,0.0,0.0,0.0,0.0,0.0,0.0,100.0,0.0,0.0,16.0,1.11
local,Qwen/Qwen3.5-2B,constrained_mixed,stlc,stlc:logic_eta,1,0.0,100.0,100.0,0.0,0.0,0.0,0.0,0.0,0.0,11.0,1.28
local,Qwen/Qwen3.5-2B,constrained_mixed,stlc,stlc:logic_function_result,1,0.0,100.0,100.0,0.0,0.0,0.0,0.0,0.0,0.0,9.0,1.43
local,Qwen/Qwen3.5-2B,constrained_mixed,stlc,stlc:logic_higher_order,3,0.0,33.33,33.33,0.0,0.0,0.0,66.67,0.0,0.0,10.33,1.07
local,Qwen/Qwen3.5-2B,constrained_mixed,stlc,stlc:logic_identity,2,0.0,0.0,0.0,0.0,0.0,0.0,100.0,0.0,0.0,7.5,0.75
local,Qwen/Qwen3.5-2B,constrained_mixed,stlc,stlc:logic_modus_ponens,2,0.0,100.0,100.0,0.0,0.0,0.0,0.0,0.0,0.0,10.5,1.38
local,Qwen/Qwen3.5-2B,constrained_mixed,stlc,stlc:logic_pipeline,1,0.0,0.0,0.0,0.0,0.0,100.0,0.0,0.0,0.0,107.0,7.38
local,Qwen/Qwen3.5-2B,constrained_mixed,stlc,stlc:logic_projection,1,0.0,100.0,100.0,0.0,0.0,0.0,0.0,0.0,0.0,14.0,1.02
local,Qwen/Qwen3.5-2B,constrained_mixed,stlc,stlc:logic_repetition,2,0.0,100.0,100.0,0.0,0.0,0.0,0.0,0.0,0.0,13.5,1.31
local,Qwen/Qwen3.5-2B,constrained_mixed,stlc,stlc:logic_substitution,1,0.0,0.0,0.0,0.0,0.0,0.0,100.0,0.0,0.0,10.0,0.87
local,Qwen/Qwen3.5-2B,constrained_mixed,stlc,stlc:logic_weakening,3,0.0,33.33,33.33,0.0,0.0,0.0,66.67,0.0,0.0,9.33,1.04
local,Qwen/Qwen3.5-2B,unconstrained,fun,fun:boolean,2,0.0,0.0,0.0,0.0,50.0,0.0,50.0,0.0,0.0,96.0,3.3
local,Qwen/Qwen3.5-2B,unconstrained,fun,fun:function,4,0.0,25.0,25.0,0.0,75.0,0.0,0.0,0.0,0.0,112.0,3.83
local,Qwen/Qwen3.5-2B,unconstrained,fun,fun:function_application,4,0.0,0.0,0.0,0.0,0.0,0.0,100.0,0.0,0.0,132.0,4.5
local,Qwen/Qwen3.5-2B,unconstrained,fun,fun:function_arithmetic,12,8.33,8.33,8.33,0.0,41.67,0.0,50.0,0.0,0.0,110.83,3.8
local,Qwen/Qwen3.5-2B,unconstrained,fun,fun:function_closure,2,0.0,0.0,0.0,0.0,100.0,0.0,0.0,0.0,0.0,44.5,1.66
local,Qwen/Qwen3.5-2B,unconstrained,fun,fun:function_composition,2,0.0,0.0,0.0,0.0,50.0,0.0,50.0,0.0,0.0,208.0,6.97
local,Qwen/Qwen3.5-2B,unconstrained,fun,fun:function_constant,1,0.0,0.0,0.0,0.0,100.0,0.0,0.0,0.0,0.0,96.0,3.29
local,Qwen/Qwen3.5-2B,unconstrained,fun,fun:function_float,4,0.0,0.0,0.0,0.0,0.0,25.0,75.0,0.0,0.0,140.0,4.74
local,Qwen/Qwen3.5-2B,unconstrained,fun,fun:function_higher_order,2,0.0,0.0,0.0,0.0,50.0,0.0,50.0,0.0,0.0,184.0,6.19
local,Qwen/Qwen3.5-2B,unconstrained,imp,imp:arithmetic,2,0.0,0.0,0.0,0.0,100.0,0.0,0.0,0.0,0.0,60.5,2.14
local,Qwen/Qwen3.5-2B,unconstrained,imp,imp:assignment,3,33.33,33.33,33.33,0.0,33.33,0.0,33.33,0.0,0.0,44.67,1.63
local,Qwen/Qwen3.5-2B,unconstrained,imp,imp:boolean,2,0.0,0.0,0.0,0.0,100.0,0.0,0.0,0.0,0.0,80.0,2.77
local,Qwen/Qwen3.5-2B,unconstrained,imp,imp:branching,6,0.0,0.0,0.0,0.0,66.67,0.0,33.33,0.0,0.0,165.33,5.57
local,Qwen/Qwen3.5-2B,unconstrained,imp,imp:loops,4,0.0,0.0,0.0,0.0,100.0,0.0,0.0,0.0,0.0,172.0,5.77
local,Qwen/Qwen3.5-2B,unconstrained,imp,imp:mixed_control,2,0.0,0.0,0.0,0.0,50.0,0.0,50.0,0.0,0.0,151.0,5.11
local,Qwen/Qwen3.5-2B,unconstrained,imp,imp:nested_branching,3,0.0,0.0,0.0,0.0,66.67,0.0,33.33,0.0,0.0,172.33,5.8
local,Qwen/Qwen3.5-2B,unconstrained,imp,imp:sequence,3,0.0,0.0,0.0,0.0,100.0,0.0,0.0,0.0,0.0,109.33,3.73
local,Qwen/Qwen3.5-2B,unconstrained,imp,imp:while_loop,3,0.0,0.0,0.0,0.0,100.0,0.0,0.0,0.0,0.0,85.0,2.94
local,Qwen/Qwen3.5-2B,unconstrained,stlc,stlc:logic_application,2,0.0,0.0,0.0,0.0,50.0,0.0,50.0,0.0,0.0,116.0,3.93
local,Qwen/Qwen3.5-2B,unconstrained,stlc,stlc:logic_argument_order,1,0.0,0.0,0.0,0.0,100.0,0.0,0.0,0.0,0.0,96.0,3.28
local,Qwen/Qwen3.5-2B,unconstrained,stlc,stlc:logic_choice,2,0.0,0.0,0.0,0.0,50.0,0.0,50.0,0.0,0.0,80.0,2.75
local,Qwen/Qwen3.5-2B,unconstrained,stlc,stlc:logic_composition,6,0.0,16.67,16.67,0.0,66.67,0.0,16.67,0.0,0.0,109.33,3.72
local,Qwen/Qwen3.5-2B,unconstrained,stlc,stlc:logic_continuation,1,0.0,0.0,0.0,0.0,100.0,0.0,0.0,0.0,0.0,96.0,3.28
local,Qwen/Qwen3.5-2B,unconstrained,stlc,stlc:logic_contraction,2,0.0,50.0,50.0,0.0,50.0,0.0,0.0,0.0,0.0,93.5,3.21
local,Qwen/Qwen3.5-2B,unconstrained,stlc,stlc:logic_elimination,1,0.0,0.0,0.0,0.0,100.0,0.0,0.0,0.0,0.0,72.0,2.49
local,Qwen/Qwen3.5-2B,unconstrained,stlc,stlc:logic_eta,1,0.0,0.0,0.0,0.0,100.0,0.0,0.0,0.0,0.0,64.0,2.23
local,Qwen/Qwen3.5-2B,unconstrained,stlc,stlc:logic_function_result,1,0.0,0.0,0.0,0.0,100.0,0.0,0.0,0.0,0.0,13.0,0.6
local,Qwen/Qwen3.5-2B,unconstrained,stlc,stlc:logic_higher_order,3,33.33,33.33,33.33,0.0,0.0,0.0,66.67,0.0,0.0,39.67,1.45
local,Qwen/Qwen3.5-2B,unconstrained,stlc,stlc:logic_identity,2,0.0,0.0,0.0,0.0,100.0,0.0,0.0,0.0,0.0,19.5,0.79
local,Qwen/Qwen3.5-2B,unconstrained,stlc,stlc:logic_modus_ponens,2,50.0,100.0,100.0,0.0,0.0,0.0,0.0,0.0,0.0,6.5,0.38
local,Qwen/Qwen3.5-2B,unconstrained,stlc,stlc:logic_pipeline,1,0.0,0.0,0.0,0.0,100.0,0.0,0.0,0.0,0.0,104.0,3.53
local,Qwen/Qwen3.5-2B,unconstrained,stlc,stlc:logic_projection,1,0.0,0.0,0.0,0.0,100.0,0.0,0.0,0.0,0.0,15.0,0.67
local,Qwen/Qwen3.5-2B,unconstrained,stlc,stlc:logic_repetition,2,0.0,0.0,0.0,0.0,100.0,0.0,0.0,0.0,0.0,80.0,2.75
local,Qwen/Qwen3.5-2B,unconstrained,stlc,stlc:logic_substitution,2,0.0,0.0,0.0,0.0,50.0,0.0,50.0,0.0,0.0,128.0,4.33
local,Qwen/Qwen3.5-2B,unconstrained,stlc,stlc:logic_weakening,3,0.0,0.0,0.0,0.0,0.0,0.0,100.0,0.0,0.0,45.0,1.62
local,Qwen/Qwen3.5-2B,unconstrained_raw,fun,fun:boolean,2,0.0,0.0,0.0,0.0,100.0,0.0,0.0,0.0,0.0,67.0,2.37
local,Qwen/Qwen3.5-2B,unconstrained_raw,fun,fun:function,4,0.0,25.0,25.0,0.0,75.0,0.0,0.0,0.0,0.0,21.0,0.88
local,Qwen/Qwen3.5-2B,unconstrained_raw,fun,fun:function_application,4,0.0,0.0,0.0,0.0,100.0,0.0,0.0,0.0,0.0,54.5,1.98
local,Qwen/Qwen3.5-2B,unconstrained_raw,fun,fun:function_arithmetic,12,0.0,8.33,8.33,0.0,91.67,0.0,0.0,0.0,0.0,32.75,1.26
local,Qwen/Qwen3.5-2B,unconstrained_raw,fun,fun:function_closure,2,0.0,0.0,0.0,0.0,100.0,0.0,0.0,0.0,0.0,113.0,3.88
local,Qwen/Qwen3.5-2B,unconstrained_raw,fun,fun:function_composition,2,0.0,0.0,0.0,0.0,100.0,0.0,0.0,0.0,0.0,26.5,1.05
local,Qwen/Qwen3.5-2B,unconstrained_raw,fun,fun:function_constant,1,0.0,0.0,0.0,0.0,100.0,0.0,0.0,0.0,0.0,4.0,0.32
local,Qwen/Qwen3.5-2B,unconstrained_raw,fun,fun:function_float,4,0.0,0.0,0.0,0.0,100.0,0.0,0.0,0.0,0.0,24.25,0.98
local,Qwen/Qwen3.5-2B,unconstrained_raw,fun,fun:function_higher_order,2,0.0,0.0,0.0,0.0,100.0,0.0,0.0,0.0,0.0,117.5,4.02
local,Qwen/Qwen3.5-2B,unconstrained_raw,imp,imp:arithmetic,2,0.0,0.0,0.0,0.0,100.0,0.0,0.0,0.0,0.0,16.5,0.72
local,Qwen/Qwen3.5-2B,unconstrained_raw,imp,imp:assignment,3,66.67,66.67,66.67,0.0,0.0,0.0,33.33,0.0,0.0,14.33,0.65
local,Qwen/Qwen3.5-2B,unconstrained_raw,imp,imp:boolean,2,0.0,0.0,0.0,0.0,50.0,50.0,0.0,0.0,0.0,25.5,1.02
local,Qwen/Qwen3.5-2B,unconstrained_raw,imp,imp:branching,6,0.0,0.0,0.0,0.0,66.67,0.0,33.33,0.0,0.0,37.67,1.41
local,Qwen/Qwen3.5-2B,unconstrained_raw,imp,imp:loops,4,0.0,25.0,25.0,0.0,50.0,0.0,25.0,0.0,0.0,38.5,1.44
local,Qwen/Qwen3.5-2B,unconstrained_raw,imp,imp:mixed_control,2,0.0,0.0,0.0,0.0,100.0,0.0,0.0,0.0,0.0,63.0,2.25
local,Qwen/Qwen3.5-2B,unconstrained_raw,imp,imp:nested_branching,3,0.0,0.0,0.0,0.0,66.67,0.0,33.33,0.0,0.0,37.0,1.39
local,Qwen/Qwen3.5-2B,unconstrained_raw,imp,imp:sequence,3,0.0,0.0,0.0,0.0,66.67,0.0,33.33,0.0,0.0,23.0,0.93
local,Qwen/Qwen3.5-2B,unconstrained_raw,imp,imp:while_loop,3,0.0,0.0,0.0,0.0,100.0,0.0,0.0,0.0,0.0,23.67,0.95
local,Qwen/Qwen3.5-2B,unconstrained_raw,stlc,stlc:logic_application,2,0.0,0.0,0.0,0.0,100.0,0.0,0.0,0.0,0.0,14.5,0.66
local,Qwen/Qwen3.5-2B,unconstrained_raw,stlc,stlc:logic_argument_order,1,0.0,0.0,0.0,0.0,100.0,0.0,0.0,0.0,0.0,14.0,0.64
local,Qwen/Qwen3.5-2B,unconstrained_raw,stlc,stlc:logic_choice,2,0.0,0.0,0.0,0.0,100.0,0.0,0.0,0.0,0.0,10.0,0.51
local,Qwen/Qwen3.5-2B,unconstrained_raw,stlc,stlc:logic_composition,6,0.0,16.67,16.67,0.0,83.33,0.0,0.0,0.0,0.0,14.5,0.66
local,Qwen/Qwen3.5-2B,unconstrained_raw,stlc,stlc:logic_continuation,1,0.0,0.0,0.0,0.0,100.0,0.0,0.0,0.0,0.0,16.0,0.71
local,Qwen/Qwen3.5-2B,unconstrained_raw,stlc,stlc:logic_contraction,2,0.0,0.0,0.0,0.0,50.0,0.0,50.0,0.0,0.0,7.0,0.42
local,Qwen/Qwen3.5-2B,unconstrained_raw,stlc,stlc:logic_elimination,1,0.0,100.0,100.0,0.0,0.0,0.0,0.0,0.0,0.0,9.0,0.47
local,Qwen/Qwen3.5-2B,unconstrained_raw,stlc,stlc:logic_eta,1,0.0,0.0,0.0,0.0,100.0,0.0,0.0,0.0,0.0,12.0,0.57
local,Qwen/Qwen3.5-2B,unconstrained_raw,stlc,stlc:logic_function_result,1,0.0,0.0,0.0,0.0,100.0,0.0,0.0,0.0,0.0,11.0,0.54
local,Qwen/Qwen3.5-2B,unconstrained_raw,stlc,stlc:logic_higher_order,3,0.0,0.0,0.0,0.0,33.33,0.0,66.67,0.0,0.0,7.33,0.42
local,Qwen/Qwen3.5-2B,unconstrained_raw,stlc,stlc:logic_identity,2,0.0,0.0,0.0,0.0,100.0,0.0,0.0,0.0,0.0,8.0,0.44
local,Qwen/Qwen3.5-2B,unconstrained_raw,stlc,stlc:logic_modus_ponens,2,50.0,50.0,50.0,0.0,50.0,0.0,0.0,0.0,0.0,5.0,0.34
local,Qwen/Qwen3.5-2B,unconstrained_raw,stlc,stlc:logic_pipeline,1,0.0,0.0,0.0,0.0,100.0,0.0,0.0,0.0,0.0,17.0,0.74
local,Qwen/Qwen3.5-2B,unconstrained_raw,stlc,stlc:logic_projection,1,0.0,0.0,0.0,0.0,100.0,0.0,0.0,0.0,0.0,15.0,0.67
local,Qwen/Qwen3.5-2B,unconstrained_raw,stlc,stlc:logic_repetition,2,50.0,50.0,50.0,0.0,50.0,0.0,0.0,0.0,0.0,12.0,0.57
local,Qwen/Qwen3.5-2B,unconstrained_raw,stlc,stlc:logic_substitution,2,0.0,0.0,0.0,0.0,100.0,0.0,0.0,0.0,0.0,20.0,0.84
local,Qwen/Qwen3.5-2B,unconstrained_raw,stlc,stlc:logic_weakening,3,0.0,0.0,0.0,0.0,33.33,0.0,66.67,0.0,0.0,8.33,0.45
local,Qwen/Qwen3.5-4B,constrained_direct,fun,fun:boolean,1,0.0,0.0,0.0,0.0,0.0,0.0,100.0,0.0,0.0,9.0,1.46
local,Qwen/Qwen3.5-4B,constrained_direct,fun,fun:function,4,0.0,100.0,100.0,0.0,0.0,0.0,0.0,0.0,0.0,17.0,1.28
local,Qwen/Qwen3.5-4B,constrained_direct,fun,fun:function_application,4,0.0,0.0,0.0,0.0,0.0,50.0,50.0,0.0,0.0,110.75,32.8
local,Qwen/Qwen3.5-4B,constrained_direct,fun,fun:function_arithmetic,10,0.0,60.0,60.0,0.0,0.0,30.0,10.0,0.0,0.0,46.1,51.81
local,Qwen/Qwen3.5-4B,constrained_direct,fun,fun:function_closure,2,0.0,0.0,0.0,0.0,0.0,50.0,50.0,0.0,0.0,126.0,109.47
local,Qwen/Qwen3.5-4B,constrained_direct,fun,fun:function_composition,2,0.0,50.0,50.0,0.0,0.0,0.0,50.0,0.0,0.0,31.5,2.77
local,Qwen/Qwen3.5-4B,constrained_direct,fun,fun:function_constant,1,0.0,0.0,0.0,0.0,0.0,0.0,100.0,0.0,0.0,9.0,0.78
local,Qwen/Qwen3.5-4B,constrained_direct,fun,fun:function_float,3,0.0,0.0,0.0,0.0,0.0,100.0,0.0,0.0,0.0,14.0,349.75
local,Qwen/Qwen3.5-4B,constrained_direct,fun,fun:function_higher_order,1,0.0,0.0,0.0,0.0,0.0,100.0,0.0,0.0,0.0,21.0,600.01
local,Qwen/Qwen3.5-4B,constrained_direct,imp,imp:arithmetic,1,0.0,100.0,100.0,0.0,0.0,0.0,0.0,0.0,0.0,13.0,1.01
local,Qwen/Qwen3.5-4B,constrained_direct,imp,imp:assignment,2,0.0,0.0,0.0,0.0,0.0,50.0,50.0,0.0,0.0,56.5,3.9
local,Qwen/Qwen3.5-4B,constrained_direct,imp,imp:boolean,2,0.0,0.0,0.0,0.0,0.0,50.0,50.0,0.0,0.0,47.0,3.11
local,Qwen/Qwen3.5-4B,constrained_direct,imp,imp:branching,5,0.0,0.0,0.0,0.0,0.0,0.0,100.0,0.0,0.0,44.8,2.88
local,Qwen/Qwen3.5-4B,constrained_direct,imp,imp:loops,4,0.0,50.0,50.0,0.0,0.0,0.0,50.0,0.0,0.0,43.75,2.83
local,Qwen/Qwen3.5-4B,constrained_direct,imp,imp:mixed_control,2,0.0,0.0,0.0,0.0,0.0,50.0,50.0,0.0,0.0,116.5,8.48
local,Qwen/Qwen3.5-4B,constrained_direct,imp,imp:nested_branching,3,0.0,33.33,33.33,0.0,0.0,0.0,66.67,0.0,0.0,39.0,2.52
local,Qwen/Qwen3.5-4B,constrained_direct,imp,imp:sequence,2,0.0,50.0,50.0,0.0,0.0,0.0,50.0,0.0,0.0,22.0,1.51
local,Qwen/Qwen3.5-4B,constrained_direct,imp,imp:while_loop,2,0.0,50.0,50.0,0.0,0.0,0.0,50.0,0.0,0.0,18.5,1.31
local,Qwen/Qwen3.5-4B,constrained_direct,stlc,stlc:logic_application,1,0.0,0.0,0.0,0.0,0.0,100.0,0.0,0.0,0.0,22.0,600.01
local,Qwen/Qwen3.5-4B,constrained_direct,stlc,stlc:logic_argument_order,1,0.0,0.0,0.0,0.0,0.0,100.0,0.0,0.0,0.0,96.0,7.41
local,Qwen/Qwen3.5-4B,constrained_direct,stlc,stlc:logic_choice,1,0.0,0.0,0.0,0.0,0.0,100.0,0.0,0.0,0.0,48.0,600.01
local,Qwen/Qwen3.5-4B,constrained_direct,stlc,stlc:logic_composition,6,0.0,16.67,16.67,0.0,0.0,83.33,0.0,0.0,0.0,86.17,66.29
local,Qwen/Qwen3.5-4B,constrained_direct,stlc,stlc:logic_continuation,1,0.0,0.0,0.0,0.0,0.0,100.0,0.0,0.0,0.0,96.0,7.68
local,Qwen/Qwen3.5-4B,constrained_direct,stlc,stlc:logic_elimination,1,0.0,0.0,0.0,0.0,0.0,100.0,0.0,0.0,0.0,72.0,5.22
local,Qwen/Qwen3.5-4B,constrained_direct,stlc,stlc:logic_eta,1,0.0,0.0,0.0,0.0,0.0,100.0,0.0,0.0,0.0,64.0,4.47
local,Qwen/Qwen3.5-4B,constrained_direct,stlc,stlc:logic_function_result,1,0.0,0.0,0.0,0.0,0.0,0.0,100.0,0.0,0.0,6.0,0.61
local,Qwen/Qwen3.5-4B,constrained_direct,stlc,stlc:logic_higher_order,2,0.0,0.0,0.0,0.0,0.0,50.0,50.0,0.0,0.0,8.5,98.59
local,Qwen/Qwen3.5-4B,constrained_direct,stlc,stlc:logic_identity,1,0.0,0.0,0.0,0.0,0.0,0.0,100.0,0.0,0.0,4.0,0.5
local,Qwen/Qwen3.5-4B,constrained_direct,stlc,stlc:logic_modus_ponens,2,0.0,0.0,0.0,0.0,0.0,100.0,0.0,0.0,0.0,28.5,553.7
local,Qwen/Qwen3.5-4B,constrained_direct,stlc,stlc:logic_pipeline,1,0.0,0.0,0.0,0.0,0.0,100.0,0.0,0.0,0.0,27.0,600.01
local,Qwen/Qwen3.5-4B,constrained_direct,stlc,stlc:logic_projection,1,0.0,0.0,0.0,0.0,0.0,0.0,100.0,0.0,0.0,18.0,1.35
local,Qwen/Qwen3.5-4B,constrained_direct,stlc,stlc:logic_repetition,2,0.0,0.0,0.0,0.0,0.0,100.0,0.0,0.0,0.0,62.5,303.23
local,Qwen/Qwen3.5-4B,constrained_direct,stlc,stlc:logic_substitution,2,0.0,0.0,0.0,0.0,0.0,100.0,0.0,0.0,0.0,23.5,477.51
local,Qwen/Qwen3.5-4B,constrained_direct,stlc,stlc:logic_weakening,3,0.0,0.0,0.0,0.0,0.0,100.0,0.0,0.0,0.0,53.33,3.58
local,Qwen/Qwen3.5-4B,constrained_mixed,fun,fun:boolean,2,0.0,100.0,100.0,0.0,0.0,0.0,0.0,0.0,0.0,1130.5,92.25
local,Qwen/Qwen3.5-4B,constrained_mixed,fun,fun:function,2,0.0,100.0,100.0,0.0,0.0,0.0,0.0,0.0,0.0,1410.5,71.83
local,Qwen/Qwen3.5-4B,constrained_mixed,fun,fun:function_application,2,0.0,0.0,0.0,0.0,0.0,100.0,0.0,0.0,0.0,2134.5,391.33
local,Qwen/Qwen3.5-4B,constrained_mixed,fun,fun:function_arithmetic,11,0.0,36.36,36.36,0.0,0.0,45.45,18.18,0.0,0.0,1604.73,97.18
local,Qwen/Qwen3.5-4B,constrained_mixed,fun,fun:function_closure,2,0.0,100.0,100.0,0.0,0.0,0.0,0.0,0.0,0.0,2087.0,147.42
local,Qwen/Qwen3.5-4B,constrained_mixed,fun,fun:function_composition,1,0.0,100.0,100.0,0.0,0.0,0.0,0.0,0.0,0.0,2075.0,168.98
local,Qwen/Qwen3.5-4B,constrained_mixed,fun,fun:function_constant,1,0.0,0.0,0.0,0.0,0.0,0.0,100.0,0.0,0.0,2060.0,153.14
local,Qwen/Qwen3.5-4B,constrained_mixed,fun,fun:function_float,4,0.0,0.0,0.0,0.0,0.0,100.0,0.0,0.0,0.0,1877.75,317.14
local,Qwen/Qwen3.5-4B,constrained_mixed,fun,fun:function_higher_order,2,0.0,50.0,50.0,0.0,0.0,0.0,50.0,0.0,0.0,2064.0,150.1
local,Qwen/Qwen3.5-4B,constrained_mixed,imp,imp:arithmetic,2,0.0,0.0,0.0,0.0,0.0,50.0,50.0,0.0,0.0,307.5,21.03
local,Qwen/Qwen3.5-4B,constrained_mixed,imp,imp:assignment,3,0.0,0.0,0.0,0.0,0.0,66.67,33.33,0.0,0.0,1034.67,69.25
local,Qwen/Qwen3.5-4B,constrained_mixed,imp,imp:boolean,1,0.0,0.0,0.0,0.0,0.0,0.0,100.0,0.0,0.0,517.0,26.33
local,Qwen/Qwen3.5-4B,constrained_mixed,imp,imp:branching,5,0.0,0.0,0.0,0.0,0.0,20.0,80.0,0.0,0.0,1583.8,106.02
local,Qwen/Qwen3.5-4B,constrained_mixed,imp,imp:loops,3,0.0,33.33,33.33,0.0,0.0,0.0,66.67,0.0,0.0,1056.67,71.91
local,Qwen/Qwen3.5-4B,constrained_mixed,imp,imp:mixed_control,2,0.0,0.0,0.0,0.0,0.0,50.0,50.0,0.0,0.0,2155.0,131.52
local,Qwen/Qwen3.5-4B,constrained_mixed,imp,imp:nested_branching,2,0.0,50.0,50.0,0.0,0.0,0.0,50.0,0.0,0.0,1878.0,120.89
local,Qwen/Qwen3.5-4B,constrained_mixed,imp,imp:sequence,2,0.0,100.0,100.0,0.0,0.0,0.0,0.0,0.0,0.0,570.5,39.6
local,Qwen/Qwen3.5-4B,constrained_mixed,imp,imp:while_loop,3,0.0,33.33,33.33,0.0,0.0,0.0,66.67,0.0,0.0,1366.67,79.19
local,Qwen/Qwen3.5-4B,constrained_mixed,stlc,stlc:logic_application,2,0.0,100.0,100.0,0.0,0.0,0.0,0.0,0.0,0.0,2025.5,116.6
local,Qwen/Qwen3.5-4B,constrained_mixed,stlc,stlc:logic_argument_order,1,0.0,100.0,100.0,0.0,0.0,0.0,0.0,0.0,0.0,2061.0,133.77
local,Qwen/Qwen3.5-4B,constrained_mixed,stlc,stlc:logic_choice,2,0.0,100.0,100.0,0.0,0.0,0.0,0.0,0.0,0.0,1011.5,64.03
local,Qwen/Qwen3.5-4B,constrained_mixed,stlc,stlc:logic_composition,3,0.0,66.67,66.67,0.0,0.0,0.0,33.33,0.0,0.0,1046.0,53.27
local,Qwen/Qwen3.5-4B,constrained_mixed,stlc,stlc:logic_continuation,1,0.0,100.0,100.0,0.0,0.0,0.0,0.0,0.0,0.0,1488.0,74.18
local,Qwen/Qwen3.5-4B,constrained_mixed,stlc,stlc:logic_contraction,2,0.0,100.0,100.0,0.0,0.0,0.0,0.0,0.0,0.0,1769.0,104.77
local,Qwen/Qwen3.5-4B,constrained_mixed,stlc,stlc:logic_elimination,1,0.0,100.0,100.0,0.0,0.0,0.0,0.0,0.0,0.0,154.0,7.72
local,Qwen/Qwen3.5-4B,constrained_mixed,stlc,stlc:logic_eta,1,0.0,100.0,100.0,0.0,0.0,0.0,0.0,0.0,0.0,1695.0,74.88
local,Qwen/Qwen3.5-4B,constrained_mixed,stlc,stlc:logic_function_result,1,0.0,100.0,100.0,0.0,0.0,0.0,0.0,0.0,0.0,942.0,60.32
local,Qwen/Qwen3.5-4B,constrained_mixed,stlc,stlc:logic_higher_order,2,0.0,100.0,100.0,0.0,0.0,0.0,0.0,0.0,0.0,464.5,24.53
local,Qwen/Qwen3.5-4B,constrained_mixed,stlc,stlc:logic_identity,2,0.0,0.0,0.0,0.0,0.0,50.0,50.0,0.0,0.0,232.5,12.34
local,Qwen/Qwen3.5-4B,constrained_mixed,stlc,stlc:logic_modus_ponens,2,0.0,100.0,100.0,0.0,0.0,0.0,0.0,0.0,0.0,655.0,42.03
local,Qwen/Qwen3.5-4B,constrained_mixed,stlc,stlc:logic_pipeline,1,0.0,100.0,100.0,0.0,0.0,0.0,0.0,0.0,0.0,2065.0,103.14
local,Qwen/Qwen3.5-4B,constrained_mixed,stlc,stlc:logic_projection,1,0.0,100.0,100.0,0.0,0.0,0.0,0.0,0.0,0.0,348.0,17.79
local,Qwen/Qwen3.5-4B,constrained_mixed,stlc,stlc:logic_repetition,2,0.0,100.0,100.0,0.0,0.0,0.0,0.0,0.0,0.0,362.5,21.79
local,Qwen/Qwen3.5-4B,constrained_mixed,stlc,stlc:logic_substitution,2,0.0,100.0,100.0,0.0,0.0,0.0,0.0,0.0,0.0,1803.5,96.01
local,Qwen/Qwen3.5-4B,constrained_mixed,stlc,stlc:logic_weakening,2,0.0,100.0,100.0,0.0,0.0,0.0,0.0,0.0,0.0,746.0,36.73
local,Qwen/Qwen3.5-4B,unconstrained,fun,fun:boolean,2,0.0,50.0,50.0,0.0,50.0,0.0,0.0,0.0,0.0,96.0,4.48
local,Qwen/Qwen3.5-4B,unconstrained,fun,fun:function,4,0.0,25.0,25.0,0.0,50.0,0.0,25.0,0.0,0.0,108.5,5.02
local,Qwen/Qwen3.5-4B,unconstrained,fun,fun:function_application,4,0.0,0.0,0.0,0.0,25.0,0.0,75.0,0.0,0.0,132.0,6.08
local,Qwen/Qwen3.5-4B,unconstrained,fun,fun:function_arithmetic,12,0.0,0.0,0.0,0.0,58.33,0.0,41.67,0.0,0.0,69.67,3.31
local,Qwen/Qwen3.5-4B,unconstrained,fun,fun:function_closure,2,0.0,0.0,0.0,0.0,0.0,0.0,100.0,0.0,0.0,130.5,6.09
local,Qwen/Qwen3.5-4B,unconstrained,fun,fun:function_composition,2,0.0,0.0,0.0,0.0,100.0,0.0,0.0,0.0,0.0,208.0,9.47
local,Qwen/Qwen3.5-4B,unconstrained,fun,fun:function_constant,1,0.0,100.0,100.0,0.0,0.0,0.0,0.0,0.0,0.0,63.0,3.11
local,Qwen/Qwen3.5-4B,unconstrained,fun,fun:function_float,4,0.0,0.0,0.0,0.0,50.0,0.0,50.0,0.0,0.0,112.5,5.2
local,Qwen/Qwen3.5-4B,unconstrained,fun,fun:function_higher_order,2,0.0,0.0,0.0,0.0,100.0,0.0,0.0,0.0,0.0,113.0,5.24
local,Qwen/Qwen3.5-4B,unconstrained,imp,imp:arithmetic,2,0.0,50.0,50.0,0.0,0.0,0.0,50.0,0.0,0.0,50.5,2.45
local,Qwen/Qwen3.5-4B,unconstrained,imp,imp:assignment,3,0.0,0.0,0.0,0.0,100.0,0.0,0.0,0.0,0.0,82.67,3.87
local,Qwen/Qwen3.5-4B,unconstrained,imp,imp:boolean,2,0.0,0.0,0.0,0.0,100.0,0.0,0.0,0.0,0.0,66.5,3.19
local,Qwen/Qwen3.5-4B,unconstrained,imp,imp:branching,6,0.0,0.0,0.0,0.0,100.0,0.0,0.0,0.0,0.0,127.17,5.85
local,Qwen/Qwen3.5-4B,unconstrained,imp,imp:loops,4,0.0,0.0,0.0,0.0,100.0,0.0,0.0,0.0,0.0,118.0,5.44
local,Qwen/Qwen3.5-4B,unconstrained,imp,imp:mixed_control,2,0.0,0.0,0.0,0.0,100.0,0.0,0.0,0.0,0.0,192.0,8.77
local,Qwen/Qwen3.5-4B,unconstrained,imp,imp:nested_branching,3,0.0,0.0,0.0,0.0,100.0,0.0,0.0,0.0,0.0,129.33,5.94
local,Qwen/Qwen3.5-4B,unconstrained,imp,imp:sequence,3,0.0,33.33,33.33,0.0,33.33,0.0,33.33,0.0,0.0,30.0,1.56
local,Qwen/Qwen3.5-4B,unconstrained,imp,imp:while_loop,3,0.0,0.0,0.0,0.0,100.0,0.0,0.0,0.0,0.0,77.67,3.65
local,Qwen/Qwen3.5-4B,unconstrained,stlc,stlc:logic_application,2,0.0,50.0,50.0,0.0,0.0,0.0,50.0,0.0,0.0,90.5,4.22
local,Qwen/Qwen3.5-4B,unconstrained,stlc,stlc:logic_argument_order,1,0.0,100.0,100.0,0.0,0.0,0.0,0.0,0.0,0.0,96.0,4.44
local,Qwen/Qwen3.5-4B,unconstrained,stlc,stlc:logic_choice,2,0.0,100.0,100.0,0.0,0.0,0.0,0.0,0.0,0.0,46.5,2.27
local,Qwen/Qwen3.5-4B,unconstrained,stlc,stlc:logic_composition,6,0.0,33.33,33.33,0.0,50.0,0.0,16.67,0.0,0.0,85.67,4.0
local,Qwen/Qwen3.5-4B,unconstrained,stlc,stlc:logic_continuation,1,0.0,100.0,100.0,0.0,0.0,0.0,0.0,0.0,0.0,96.0,4.44
local,Qwen/Qwen3.5-4B,unconstrained,stlc,stlc:logic_contraction,2,0.0,100.0,100.0,0.0,0.0,0.0,0.0,0.0,0.0,39.5,2.02
local,Qwen/Qwen3.5-4B,unconstrained,stlc,stlc:logic_elimination,1,0.0,100.0,100.0,0.0,0.0,0.0,0.0,0.0,0.0,72.0,3.39
local,Qwen/Qwen3.5-4B,unconstrained,stlc,stlc:logic_eta,1,0.0,100.0,100.0,0.0,0.0,0.0,0.0,0.0,0.0,6.0,0.5
local,Qwen/Qwen3.5-4B,unconstrained,stlc,stlc:logic_function_result,1,100.0,100.0,100.0,0.0,0.0,0.0,0.0,0.0,0.0,56.0,2.67
local,Qwen/Qwen3.5-4B,unconstrained,stlc,stlc:logic_higher_order,3,66.67,66.67,66.67,0.0,0.0,0.0,33.33,0.0,0.0,22.33,1.22
local,Qwen/Qwen3.5-4B,unconstrained,stlc,stlc:logic_identity,2,0.0,50.0,50.0,0.0,0.0,0.0,50.0,0.0,0.0,32.0,1.62
local,Qwen/Qwen3.5-4B,unconstrained,stlc,stlc:logic_modus_ponens,2,50.0,100.0,100.0,0.0,0.0,0.0,0.0,0.0,0.0,49.0,2.38
local,Qwen/Qwen3.5-4B,unconstrained,stlc,stlc:logic_pipeline,1,0.0,100.0,100.0,0.0,0.0,0.0,0.0,0.0,0.0,104.0,4.8
local,Qwen/Qwen3.5-4B,unconstrained,stlc,stlc:logic_projection,1,0.0,100.0,100.0,0.0,0.0,0.0,0.0,0.0,0.0,15.0,0.89
local,Qwen/Qwen3.5-4B,unconstrained,stlc,stlc:logic_repetition,2,50.0,50.0,50.0,0.0,50.0,0.0,0.0,0.0,0.0,80.0,3.74
local,Qwen/Qwen3.5-4B,unconstrained,stlc,stlc:logic_substitution,2,0.0,50.0,50.0,0.0,50.0,0.0,0.0,0.0,0.0,128.0,5.87
local,Qwen/Qwen3.5-4B,unconstrained,stlc,stlc:logic_weakening,3,33.33,66.67,66.67,0.0,33.33,0.0,0.0,0.0,0.0,19.33,1.07
local,Qwen/Qwen3.5-4B,unconstrained_raw,fun,fun:boolean,2,0.0,0.0,0.0,0.0,100.0,0.0,0.0,0.0,0.0,8.0,0.61
local,Qwen/Qwen3.5-4B,unconstrained_raw,fun,fun:function,4,0.0,0.0,0.0,0.0,50.0,50.0,0.0,0.0,0.0,50.75,2.5
local,Qwen/Qwen3.5-4B,unconstrained_raw,fun,fun:function_application,4,0.0,0.0,0.0,0.0,100.0,0.0,0.0,0.0,0.0,79.25,3.75
local,Qwen/Qwen3.5-4B,unconstrained_raw,fun,fun:function_arithmetic,12,0.0,0.0,0.0,0.0,75.0,25.0,0.0,0.0,0.0,40.83,2.05
local,Qwen/Qwen3.5-4B,unconstrained_raw,fun,fun:function_closure,2,0.0,0.0,0.0,0.0,100.0,0.0,0.0,0.0,0.0,20.5,1.18
local,Qwen/Qwen3.5-4B,unconstrained_raw,fun,fun:function_composition,2,0.0,0.0,0.0,0.0,100.0,0.0,0.0,0.0,0.0,33.0,1.72
local,Qwen/Qwen3.5-4B,unconstrained_raw,fun,fun:function_constant,1,0.0,100.0,100.0,0.0,0.0,0.0,0.0,0.0,0.0,12.0,0.78
local,Qwen/Qwen3.5-4B,unconstrained_raw,fun,fun:function_float,4,0.0,0.0,0.0,0.0,100.0,0.0,0.0,0.0,0.0,26.0,1.41
local,Qwen/Qwen3.5-4B,unconstrained_raw,fun,fun:function_higher_order,2,0.0,0.0,0.0,0.0,100.0,0.0,0.0,0.0,0.0,18.0,1.08
local,Qwen/Qwen3.5-4B,unconstrained_raw,imp,imp:arithmetic,2,0.0,0.0,0.0,0.0,0.0,50.0,50.0,0.0,0.0,14.0,0.87
local,Qwen/Qwen3.5-4B,unconstrained_raw,imp,imp:assignment,3,66.67,66.67,66.67,0.0,0.0,0.0,33.33,0.0,0.0,15.33,0.92
local,Qwen/Qwen3.5-4B,unconstrained_raw,imp,imp:boolean,2,0.0,100.0,100.0,0.0,0.0,0.0,0.0,0.0,0.0,17.5,1.02
local,Qwen/Qwen3.5-4B,unconstrained_raw,imp,imp:branching,6,0.0,0.0,0.0,0.0,100.0,0.0,0.0,0.0,0.0,90.33,4.27
local,Qwen/Qwen3.5-4B,unconstrained_raw,imp,imp:loops,4,0.0,25.0,25.0,0.0,75.0,0.0,0.0,0.0,0.0,73.75,3.52
local,Qwen/Qwen3.5-4B,unconstrained_raw,imp,imp:mixed_control,2,0.0,50.0,50.0,0.0,50.0,0.0,0.0,0.0,0.0,36.0,1.84
local,Qwen/Qwen3.5-4B,unconstrained_raw,imp,imp:nested_branching,3,0.0,0.0,0.0,0.0,100.0,0.0,0.0,0.0,0.0,56.33,2.75
local,Qwen/Qwen3.5-4B,unconstrained_raw,imp,imp:sequence,3,0.0,66.67,66.67,0.0,0.0,0.0,33.33,0.0,0.0,25.0,1.35
local,Qwen/Qwen3.5-4B,unconstrained_raw,imp,imp:while_loop,3,33.33,33.33,33.33,0.0,66.67,0.0,0.0,0.0,0.0,30.33,1.6
local,Qwen/Qwen3.5-4B,unconstrained_raw,stlc,stlc:logic_application,2,0.0,0.0,0.0,0.0,100.0,0.0,0.0,0.0,0.0,116.0,5.34
local,Qwen/Qwen3.5-4B,unconstrained_raw,stlc,stlc:logic_argument_order,1,0.0,0.0,0.0,0.0,100.0,0.0,0.0,0.0,0.0,96.0,4.47
local,Qwen/Qwen3.5-4B,unconstrained_raw,stlc,stlc:logic_choice,2,0.0,0.0,0.0,0.0,100.0,0.0,0.0,0.0,0.0,80.0,3.75
local,Qwen/Qwen3.5-4B,unconstrained_raw,stlc,stlc:logic_composition,6,0.0,16.67,16.67,0.0,66.67,0.0,16.67,0.0,0.0,78.83,3.72
local,Qwen/Qwen3.5-4B,unconstrained_raw,stlc,stlc:logic_continuation,1,0.0,100.0,100.0,0.0,0.0,0.0,0.0,0.0,0.0,17.0,1.01
local,Qwen/Qwen3.5-4B,unconstrained_raw,stlc,stlc:logic_contraction,2,0.0,50.0,50.0,0.0,0.0,50.0,0.0,0.0,0.0,13.0,0.82
local,Qwen/Qwen3.5-4B,unconstrained_raw,stlc,stlc:logic_elimination,1,0.0,0.0,0.0,0.0,0.0,100.0,0.0,0.0,0.0,1.0,0.29
local,Qwen/Qwen3.5-4B,unconstrained_raw,stlc,stlc:logic_eta,1,0.0,0.0,0.0,0.0,0.0,100.0,0.0,0.0,0.0,1.0,0.28
local,Qwen/Qwen3.5-4B,unconstrained_raw,stlc,stlc:logic_function_result,1,0.0,0.0,0.0,0.0,0.0,100.0,0.0,0.0,0.0,1.0,0.29
local,Qwen/Qwen3.5-4B,unconstrained_raw,stlc,stlc:logic_higher_order,3,0.0,0.0,0.0,0.0,33.33,66.67,0.0,0.0,0.0,14.0,0.85
local,Qwen/Qwen3.5-4B,unconstrained_raw,stlc,stlc:logic_identity,2,0.0,0.0,0.0,0.0,0.0,100.0,0.0,0.0,0.0,1.0,0.28
local,Qwen/Qwen3.5-4B,unconstrained_raw,stlc,stlc:logic_modus_ponens,2,0.0,0.0,0.0,0.0,50.0,50.0,0.0,0.0,0.0,32.5,1.66
local,Qwen/Qwen3.5-4B,unconstrained_raw,stlc,stlc:logic_pipeline,1,0.0,0.0,0.0,0.0,0.0,0.0,100.0,0.0,0.0,22.0,1.22
local,Qwen/Qwen3.5-4B,unconstrained_raw,stlc,stlc:logic_projection,1,0.0,0.0,0.0,0.0,100.0,0.0,0.0,0.0,0.0,72.0,3.39
local,Qwen/Qwen3.5-4B,unconstrained_raw,stlc,stlc:logic_repetition,2,0.0,50.0,50.0,0.0,0.0,50.0,0.0,0.0,0.0,6.5,0.53
local,Qwen/Qwen3.5-4B,unconstrained_raw,stlc,stlc:logic_substitution,2,0.0,0.0,0.0,0.0,100.0,0.0,0.0,0.0,0.0,83.5,3.93
local,Qwen/Qwen3.5-4B,unconstrained_raw,stlc,stlc:logic_weakening,3,0.0,0.0,0.0,0.0,66.67,33.33,0.0,0.0,0.0,32.33,1.65
local,Qwen/Qwen3.5-4B-Base,constrained_direct,fun,fun:boolean,2,0.0,100.0,100.0,0.0,0.0,0.0,0.0,0.0,0.0,9.0,1.4
local,Qwen/Qwen3.5-4B-Base,constrained_direct,fun,fun:function,4,0.0,75.0,75.0,0.0,0.0,25.0,0.0,0.0,0.0,57.75,96.28
local,Qwen/Qwen3.5-4B-Base,constrained_direct,fun,fun:function_application,2,0.0,0.0,0.0,0.0,0.0,0.0,100.0,0.0,0.0,11.0,1.23
local,Qwen/Qwen3.5-4B-Base,constrained_direct,fun,fun:function_arithmetic,10,0.0,80.0,80.0,0.0,0.0,0.0,20.0,0.0,0.0,18.0,1.35
local,Qwen/Qwen3.5-4B-Base,constrained_direct,fun,fun:function_closure,2,0.0,50.0,50.0,0.0,0.0,0.0,50.0,0.0,0.0,31.0,2.65
local,Qwen/Qwen3.5-4B-Base,constrained_direct,fun,fun:function_composition,2,0.0,0.0,0.0,0.0,0.0,50.0,50.0,0.0,0.0,30.0,301.36
local,Qwen/Qwen3.5-4B-Base,constrained_direct,fun,fun:function_constant,1,0.0,0.0,0.0,0.0,0.0,100.0,0.0,0.0,0.0,96.0,8.74
local,Qwen/Qwen3.5-4B-Base,constrained_direct,fun,fun:function_float,3,0.0,0.0,0.0,0.0,0.0,100.0,0.0,0.0,0.0,14.0,348.64
local,Qwen/Qwen3.5-4B-Base,constrained_direct,fun,fun:function_higher_order,2,0.0,100.0,100.0,0.0,0.0,0.0,0.0,0.0,0.0,23.5,1.87
local,Qwen/Qwen3.5-4B-Base,constrained_direct,imp,imp:arithmetic,2,0.0,50.0,50.0,0.0,0.0,50.0,0.0,0.0,0.0,46.0,3.13
local,Qwen/Qwen3.5-4B-Base,constrained_direct,imp,imp:assignment,3,0.0,0.0,0.0,0.0,0.0,33.33,66.67,0.0,0.0,38.67,2.76
local,Qwen/Qwen3.5-4B-Base,constrained_direct,imp,imp:boolean,2,0.0,0.0,0.0,0.0,0.0,50.0,50.0,0.0,0.0,46.0,3.13
local,Qwen/Qwen3.5-4B-Base,constrained_direct,imp,imp:branching,6,0.0,16.67,16.67,0.0,0.0,33.33,50.0,0.0,0.0,78.67,5.48
local,Qwen/Qwen3.5-4B-Base,constrained_direct,imp,imp:loops,2,0.0,0.0,0.0,0.0,0.0,0.0,100.0,0.0,0.0,42.0,2.7
local,Qwen/Qwen3.5-4B-Base,constrained_direct,imp,imp:mixed_control,1,0.0,0.0,0.0,0.0,0.0,100.0,0.0,0.0,0.0,176.0,13.45
local,Qwen/Qwen3.5-4B-Base,constrained_direct,imp,imp:nested_branching,3,0.0,0.0,0.0,0.0,0.0,0.0,100.0,0.0,0.0,29.67,1.95
local,Qwen/Qwen3.5-4B-Base,constrained_direct,imp,imp:sequence,2,0.0,50.0,50.0,0.0,0.0,0.0,50.0,0.0,0.0,21.5,1.48
local,Qwen/Qwen3.5-4B-Base,constrained_direct,imp,imp:while_loop,2,0.0,50.0,50.0,0.0,0.0,0.0,50.0,0.0,0.0,17.5,1.25
local,Qwen/Qwen3.5-4B-Base,constrained_direct,stlc,stlc:logic_application,2,0.0,0.0,0.0,0.0,0.0,0.0,100.0,0.0,0.0,18.5,1.34
local,Qwen/Qwen3.5-4B-Base,constrained_direct,stlc,stlc:logic_argument_order,1,0.0,100.0,100.0,0.0,0.0,0.0,0.0,0.0,0.0,15.0,1.12
local,Qwen/Qwen3.5-4B-Base,constrained_direct,stlc,stlc:logic_choice,2,0.0,100.0,100.0,0.0,0.0,0.0,0.0,0.0,0.0,14.0,1.05
local,Qwen/Qwen3.5-4B-Base,constrained_direct,stlc,stlc:logic_composition,5,0.0,0.0,0.0,0.0,0.0,20.0,80.0,0.0,0.0,41.0,2.97
local,Qwen/Qwen3.5-4B-Base,constrained_direct,stlc,stlc:logic_continuation,1,0.0,0.0,0.0,0.0,0.0,0.0,100.0,0.0,0.0,16.0,1.17
local,Qwen/Qwen3.5-4B-Base,constrained_direct,stlc,stlc:logic_contraction,2,0.0,50.0,50.0,0.0,0.0,50.0,0.0,0.0,0.0,69.0,5.1
local,Qwen/Qwen3.5-4B-Base,constrained_direct,stlc,stlc:logic_elimination,1,0.0,100.0,100.0,0.0,0.0,0.0,0.0,0.0,0.0,9.0,0.76
local,Qwen/Qwen3.5-4B-Base,constrained_direct,stlc,stlc:logic_function_result,1,0.0,0.0,0.0,0.0,0.0,0.0,100.0,0.0,0.0,4.0,0.49
local,Qwen/Qwen3.5-4B-Base,constrained_direct,stlc,stlc:logic_higher_order,3,0.0,33.33,33.33,0.0,0.0,0.0,66.67,0.0,0.0,3.67,0.47
local,Qwen/Qwen3.5-4B-Base,constrained_direct,stlc,stlc:logic_identity,2,0.0,0.0,0.0,0.0,0.0,0.0,100.0,0.0,0.0,4.5,0.5
local,Qwen/Qwen3.5-4B-Base,constrained_direct,stlc,stlc:logic_modus_ponens,2,0.0,100.0,100.0,0.0,0.0,0.0,0.0,0.0,0.0,7.5,0.7
local,Qwen/Qwen3.5-4B-Base,constrained_direct,stlc,stlc:logic_pipeline,1,0.0,0.0,0.0,0.0,0.0,100.0,0.0,0.0,0.0,104.0,7.07
local,Qwen/Qwen3.5-4B-Base,constrained_direct,stlc,stlc:logic_projection,1,0.0,100.0,100.0,0.0,0.0,0.0,0.0,0.0,0.0,9.0,0.77
local,Qwen/Qwen3.5-4B-Base,constrained_direct,stlc,stlc:logic_repetition,1,0.0,100.0,100.0,0.0,0.0,0.0,0.0,0.0,0.0,10.0,0.83
local,Qwen/Qwen3.5-4B-Base,constrained_direct,stlc,stlc:logic_substitution,1,0.0,0.0,0.0,0.0,0.0,100.0,0.0,0.0,0.0,30.0,386.24
local,Qwen/Qwen3.5-4B-Base,constrained_direct,stlc,stlc:logic_weakening,2,0.0,100.0,100.0,0.0,0.0,0.0,0.0,0.0,0.0,5.0,0.53
local,Qwen/Qwen3.5-4B-Base,constrained_mixed,fun,fun:boolean,2,0.0,50.0,50.0,0.0,0.0,0.0,50.0,0.0,0.0,1352.0,107.75
local,Qwen/Qwen3.5-4B-Base,constrained_mixed,fun,fun:function,4,0.0,0.0,0.0,0.0,0.0,100.0,0.0,0.0,0.0,1266.5,74.0
local,Qwen/Qwen3.5-4B-Base,constrained_mixed,fun,fun:function_application,2,0.0,50.0,50.0,0.0,0.0,0.0,50.0,0.0,0.0,873.0,49.68
local,Qwen/Qwen3.5-4B-Base,constrained_mixed,fun,fun:function_arithmetic,10,0.0,10.0,10.0,0.0,0.0,50.0,40.0,0.0,0.0,971.9,61.19
local,Qwen/Qwen3.5-4B-Base,constrained_mixed,fun,fun:function_closure,2,0.0,0.0,0.0,0.0,0.0,50.0,50.0,0.0,0.0,1165.0,259.14
local,Qwen/Qwen3.5-4B-Base,constrained_mixed,fun,fun:function_composition,2,0.0,0.0,0.0,0.0,0.0,50.0,50.0,0.0,0.0,2162.0,178.09
local,Qwen/Qwen3.5-4B-Base,constrained_mixed,fun,fun:function_constant,1,0.0,0.0,0.0,0.0,0.0,100.0,0.0,0.0,0.0,611.0,54.29
local,Qwen/Qwen3.5-4B-Base,constrained_mixed,fun,fun:function_float,3,0.0,0.0,0.0,0.0,0.0,100.0,0.0,0.0,0.0,978.33,256.92
local,Qwen/Qwen3.5-4B-Base,constrained_mixed,fun,fun:function_higher_order,2,0.0,0.0,0.0,0.0,0.0,0.0,100.0,0.0,0.0,1595.0,121.53
local,Qwen/Qwen3.5-4B-Base,constrained_mixed,imp,imp:arithmetic,2,0.0,50.0,50.0,0.0,0.0,0.0,50.0,0.0,0.0,428.5,34.92
local,Qwen/Qwen3.5-4B-Base,constrained_mixed,imp,imp:assignment,3,0.0,0.0,0.0,0.0,0.0,0.0,100.0,0.0,0.0,600.0,32.89
local,Qwen/Qwen3.5-4B-Base,constrained_mixed,imp,imp:boolean,2,0.0,0.0,0.0,0.0,0.0,0.0,100.0,0.0,0.0,515.0,32.15
local,Qwen/Qwen3.5-4B-Base,constrained_mixed,imp,imp:branching,6,0.0,0.0,0.0,0.0,0.0,0.0,100.0,0.0,0.0,725.5,51.38
local,Qwen/Qwen3.5-4B-Base,constrained_mixed,imp,imp:loops,2,0.0,50.0,50.0,0.0,0.0,0.0,50.0,0.0,0.0,1713.5,124.82
local,Qwen/Qwen3.5-4B-Base,constrained_mixed,imp,imp:mixed_control,1,0.0,0.0,0.0,0.0,0.0,100.0,0.0,0.0,0.0,678.0,127.29
local,Qwen/Qwen3.5-4B-Base,constrained_mixed,imp,imp:nested_branching,3,0.0,33.33,33.33,0.0,0.0,0.0,66.67,0.0,0.0,1482.0,90.39
local,Qwen/Qwen3.5-4B-Base,constrained_mixed,imp,imp:sequence,2,0.0,50.0,50.0,0.0,0.0,0.0,50.0,0.0,0.0,696.5,49.44
local,Qwen/Qwen3.5-4B-Base,constrained_mixed,imp,imp:while_loop,2,0.0,50.0,50.0,0.0,0.0,0.0,50.0,0.0,0.0,1329.0,79.37
local,Qwen/Qwen3.5-4B-Base,constrained_mixed,stlc,stlc:logic_application,2,0.0,50.0,50.0,0.0,0.0,50.0,0.0,0.0,0.0,614.0,309.71
local,Qwen/Qwen3.5-4B-Base,constrained_mixed,stlc,stlc:logic_argument_order,1,0.0,0.0,0.0,0.0,0.0,100.0,0.0,0.0,0.0,654.0,45.62
local,Qwen/Qwen3.5-4B-Base,constrained_mixed,stlc,stlc:logic_choice,2,0.0,100.0,100.0,0.0,0.0,0.0,0.0,0.0,0.0,254.5,15.96
local,Qwen/Qwen3.5-4B-Base,constrained_mixed,stlc,stlc:logic_composition,5,0.0,100.0,100.0,0.0,0.0,0.0,0.0,0.0,0.0,441.6,25.47
local,Qwen/Qwen3.5-4B-Base,constrained_mixed,stlc,stlc:logic_continuation,1,0.0,100.0,100.0,0.0,0.0,0.0,0.0,0.0,0.0,300.0,14.05
local,Qwen/Qwen3.5-4B-Base,constrained_mixed,stlc,stlc:logic_contraction,2,0.0,50.0,50.0,0.0,0.0,50.0,0.0,0.0,0.0,610.0,309.43
local,Qwen/Qwen3.5-4B-Base,constrained_mixed,stlc,stlc:logic_elimination,1,0.0,100.0,100.0,0.0,0.0,0.0,0.0,0.0,0.0,1081.0,48.88
local,Qwen/Qwen3.5-4B-Base,constrained_mixed,stlc,stlc:logic_function_result,1,0.0,0.0,0.0,0.0,0.0,100.0,0.0,0.0,0.0,376.0,18.54
local,Qwen/Qwen3.5-4B-Base,constrained_mixed,stlc,stlc:logic_higher_order,3,0.0,33.33,33.33,0.0,0.0,66.67,0.0,0.0,0.0,340.67,250.56
local,Qwen/Qwen3.5-4B-Base,constrained_mixed,stlc,stlc:logic_identity,2,0.0,0.0,0.0,0.0,0.0,50.0,50.0,0.0,0.0,138.0,120.06
local,Qwen/Qwen3.5-4B-Base,constrained_mixed,stlc,stlc:logic_modus_ponens,2,0.0,100.0,100.0,0.0,0.0,0.0,0.0,0.0,0.0,198.0,9.57
local,Qwen/Qwen3.5-4B-Base,constrained_mixed,stlc,stlc:logic_pipeline,1,0.0,0.0,0.0,0.0,0.0,100.0,0.0,0.0,0.0,799.0,255.91
local,Qwen/Qwen3.5-4B-Base,constrained_mixed,stlc,stlc:logic_projection,1,0.0,0.0,0.0,0.0,0.0,100.0,0.0,0.0,0.0,2120.0,99.1
local,Qwen/Qwen3.5-4B-Base,constrained_mixed,stlc,stlc:logic_repetition,1,0.0,100.0,100.0,0.0,0.0,0.0,0.0,0.0,0.0,260.0,17.61
local,Qwen/Qwen3.5-4B-Base,constrained_mixed,stlc,stlc:logic_substitution,1,0.0,100.0,100.0,0.0,0.0,0.0,0.0,0.0,0.0,725.0,47.57
local,Qwen/Qwen3.5-4B-Base,constrained_mixed,stlc,stlc:logic_weakening,2,0.0,100.0,100.0,0.0,0.0,0.0,0.0,0.0,0.0,341.0,17.35
local,Qwen/Qwen3.5-4B-Base,unconstrained,fun,fun:boolean,2,0.0,0.0,0.0,0.0,50.0,0.0,50.0,0.0,0.0,10.0,0.68
local,Qwen/Qwen3.5-4B-Base,unconstrained,fun,fun:function,4,0.0,0.0,0.0,0.0,75.0,0.0,25.0,0.0,0.0,45.25,2.28
local,Qwen/Qwen3.5-4B-Base,unconstrained,fun,fun:function_application,4,0.0,0.0,0.0,0.0,50.0,0.0,50.0,0.0,0.0,24.25,1.33
local,Qwen/Qwen3.5-4B-Base,unconstrained,fun,fun:function_arithmetic,12,0.0,8.33,8.33,0.0,58.33,0.0,33.33,0.0,0.0,34.92,1.83
local,Qwen/Qwen3.5-4B-Base,unconstrained,fun,fun:function_closure,2,0.0,0.0,0.0,0.0,50.0,0.0,50.0,0.0,0.0,208.0,9.62
local,Qwen/Qwen3.5-4B-Base,unconstrained,fun,fun:function_composition,2,0.0,0.0,0.0,0.0,0.0,0.0,100.0,0.0,0.0,208.0,9.72
local,Qwen/Qwen3.5-4B-Base,unconstrained,fun,fun:function_constant,1,0.0,0.0,0.0,0.0,100.0,0.0,0.0,0.0,0.0,7.0,0.57
local,Qwen/Qwen3.5-4B-Base,unconstrained,fun,fun:function_float,4,0.0,0.0,0.0,0.0,75.0,0.0,25.0,0.0,0.0,16.0,0.96
local,Qwen/Qwen3.5-4B-Base,unconstrained,fun,fun:function_higher_order,2,0.0,0.0,0.0,0.0,50.0,0.0,50.0,0.0,0.0,184.0,8.63
local,Qwen/Qwen3.5-4B-Base,unconstrained,imp,imp:arithmetic,2,0.0,0.0,0.0,0.0,50.0,0.0,50.0,0.0,0.0,14.5,0.88
local,Qwen/Qwen3.5-4B-Base,unconstrained,imp,imp:assignment,3,0.0,0.0,0.0,0.0,100.0,0.0,0.0,0.0,0.0,15.33,0.94
local,Qwen/Qwen3.5-4B-Base,unconstrained,imp,imp:boolean,2,0.0,0.0,0.0,0.0,100.0,0.0,0.0,0.0,0.0,17.0,1.02
local,Qwen/Qwen3.5-4B-Base,unconstrained,imp,imp:branching,6,0.0,0.0,0.0,0.0,100.0,0.0,0.0,0.0,0.0,36.33,1.98
local,Qwen/Qwen3.5-4B-Base,unconstrained,imp,imp:loops,4,0.0,0.0,0.0,0.0,100.0,0.0,0.0,0.0,0.0,47.0,2.54
local,Qwen/Qwen3.5-4B-Base,unconstrained,imp,imp:mixed_control,2,0.0,0.0,0.0,0.0,100.0,0.0,0.0,0.0,0.0,35.5,1.89
local,Qwen/Qwen3.5-4B-Base,unconstrained,imp,imp:nested_branching,3,0.0,0.0,0.0,0.0,66.67,0.0,33.33,0.0,0.0,39.0,2.12
local,Qwen/Qwen3.5-4B-Base,unconstrained,imp,imp:sequence,3,0.0,33.33,33.33,0.0,66.67,0.0,0.0,0.0,0.0,24.0,1.32
local,Qwen/Qwen3.5-4B-Base,unconstrained,imp,imp:while_loop,3,0.0,0.0,0.0,0.0,66.67,0.0,33.33,0.0,0.0,52.0,2.74
local,Qwen/Qwen3.5-4B-Base,unconstrained,stlc,stlc:logic_application,2,0.0,50.0,50.0,0.0,0.0,0.0,50.0,0.0,0.0,21.0,1.22
local,Qwen/Qwen3.5-4B-Base,unconstrained,stlc,stlc:logic_argument_order,1,0.0,100.0,100.0,0.0,0.0,0.0,0.0,0.0,0.0,11.0,0.72
local,Qwen/Qwen3.5-4B-Base,unconstrained,stlc,stlc:logic_choice,2,100.0,100.0,100.0,0.0,0.0,0.0,0.0,0.0,0.0,14.0,1.0
local,Qwen/Qwen3.5-4B-Base,unconstrained,stlc,stlc:logic_composition,6,0.0,16.67,16.67,0.0,50.0,0.0,33.33,0.0,0.0,49.33,2.71
local,Qwen/Qwen3.5-4B-Base,unconstrained,stlc,stlc:logic_continuation,1,0.0,100.0,100.0,0.0,0.0,0.0,0.0,0.0,0.0,16.0,0.95
local,Qwen/Qwen3.5-4B-Base,unconstrained,stlc,stlc:logic_contraction,2,0.0,50.0,50.0,0.0,0.0,0.0,50.0,0.0,0.0,58.5,2.86
local,Qwen/Qwen3.5-4B-Base,unconstrained,stlc,stlc:logic_elimination,1,0.0,100.0,100.0,0.0,0.0,0.0,0.0,0.0,0.0,9.0,0.65
local,Qwen/Qwen3.5-4B-Base,unconstrained,stlc,stlc:logic_eta,1,100.0,100.0,100.0,0.0,0.0,0.0,0.0,0.0,0.0,64.0,3.02
local,Qwen/Qwen3.5-4B-Base,unconstrained,stlc,stlc:logic_function_result,1,100.0,100.0,100.0,0.0,0.0,0.0,0.0,0.0,0.0,4.0,0.42
local,Qwen/Qwen3.5-4B-Base,unconstrained,stlc,stlc:logic_higher_order,3,66.67,66.67,66.67,0.0,0.0,0.0,33.33,0.0,0.0,48.0,2.32
local,Qwen/Qwen3.5-4B-Base,unconstrained,stlc,stlc:logic_identity,2,0.0,100.0,100.0,0.0,0.0,0.0,0.0,0.0,0.0,13.0,0.81
local,Qwen/Qwen3.5-4B-Base,unconstrained,stlc,stlc:logic_modus_ponens,2,50.0,100.0,100.0,0.0,0.0,0.0,0.0,0.0,0.0,7.5,0.64
local,Qwen/Qwen3.5-4B-Base,unconstrained,stlc,stlc:logic_pipeline,1,0.0,0.0,0.0,0.0,100.0,0.0,0.0,0.0,0.0,104.0,5.46
local,Qwen/Qwen3.5-4B-Base,unconstrained,stlc,stlc:logic_projection,1,0.0,100.0,100.0,0.0,0.0,0.0,0.0,0.0,0.0,9.0,0.65
local,Qwen/Qwen3.5-4B-Base,unconstrained,stlc,stlc:logic_repetition,2,100.0,100.0,100.0,0.0,0.0,0.0,0.0,0.0,0.0,10.5,0.78
local,Qwen/Qwen3.5-4B-Base,unconstrained,stlc,stlc:logic_substitution,2,0.0,50.0,50.0,0.0,50.0,0.0,0.0,0.0,0.0,20.5,1.15
local,Qwen/Qwen3.5-4B-Base,unconstrained,stlc,stlc:logic_weakening,3,33.33,100.0,100.0,0.0,0.0,0.0,0.0,0.0,0.0,4.67,0.44
local,Qwen/Qwen3.5-4B-Base,unconstrained_raw,fun,fun:boolean,2,0.0,0.0,0.0,0.0,100.0,0.0,0.0,0.0,0.0,35.5,1.82
local,Qwen/Qwen3.5-4B-Base,unconstrained_raw,fun,fun:function,4,0.0,0.0,0.0,0.0,100.0,0.0,0.0,0.0,0.0,74.0,3.51
local,Qwen/Qwen3.5-4B-Base,unconstrained_raw,fun,fun:function_application,4,0.0,0.0,0.0,0.0,100.0,0.0,0.0,0.0,0.0,97.0,4.54
local,Qwen/Qwen3.5-4B-Base,unconstrained_raw,fun,fun:function_arithmetic,12,0.0,0.0,0.0,0.0,100.0,0.0,0.0,0.0,0.0,92.58,4.32
local,Qwen/Qwen3.5-4B-Base,unconstrained_raw,fun,fun:function_closure,2,0.0,0.0,0.0,0.0,100.0,0.0,0.0,0.0,0.0,31.0,1.64
local,Qwen/Qwen3.5-4B-Base,unconstrained_raw,fun,fun:function_composition,2,0.0,0.0,0.0,0.0,100.0,0.0,0.0,0.0,0.0,45.5,2.27
local,Qwen/Qwen3.5-4B-Base,unconstrained_raw,fun,fun:function_constant,1,0.0,0.0,0.0,0.0,100.0,0.0,0.0,0.0,0.0,96.0,4.46
local,Qwen/Qwen3.5-4B-Base,unconstrained_raw,fun,fun:function_float,4,0.0,0.0,0.0,0.0,100.0,0.0,0.0,0.0,0.0,82.25,3.87
local,Qwen/Qwen3.5-4B-Base,unconstrained_raw,fun,fun:function_higher_order,2,0.0,0.0,0.0,0.0,100.0,0.0,0.0,0.0,0.0,37.5,1.91
local,Qwen/Qwen3.5-4B-Base,unconstrained_raw,imp,imp:arithmetic,2,0.0,0.0,0.0,0.0,50.0,0.0,50.0,0.0,0.0,21.5,1.2
local,Qwen/Qwen3.5-4B-Base,unconstrained_raw,imp,imp:assignment,3,66.67,66.67,66.67,0.0,0.0,0.0,33.33,0.0,0.0,14.33,0.88
local,Qwen/Qwen3.5-4B-Base,unconstrained_raw,imp,imp:boolean,2,50.0,50.0,50.0,0.0,50.0,0.0,0.0,0.0,0.0,46.0,2.28
local,Qwen/Qwen3.5-4B-Base,unconstrained_raw,imp,imp:branching,6,0.0,0.0,0.0,0.0,100.0,0.0,0.0,0.0,0.0,68.0,3.25
local,Qwen/Qwen3.5-4B-Base,unconstrained_raw,imp,imp:loops,4,0.0,25.0,25.0,0.0,50.0,0.0,25.0,0.0,0.0,64.25,3.09
local,Qwen/Qwen3.5-4B-Base,unconstrained_raw,imp,imp:mixed_control,2,0.0,0.0,0.0,0.0,50.0,50.0,0.0,0.0,0.0,20.0,1.13
local,Qwen/Qwen3.5-4B-Base,unconstrained_raw,imp,imp:nested_branching,3,0.0,0.0,0.0,0.0,100.0,0.0,0.0,0.0,0.0,97.33,4.56
local,Qwen/Qwen3.5-4B-Base,unconstrained_raw,imp,imp:sequence,3,0.0,66.67,66.67,0.0,0.0,0.0,33.33,0.0,0.0,23.67,1.29
local,Qwen/Qwen3.5-4B-Base,unconstrained_raw,imp,imp:while_loop,3,33.33,66.67,66.67,0.0,33.33,0.0,0.0,0.0,0.0,20.0,1.13
local,Qwen/Qwen3.5-4B-Base,unconstrained_raw,stlc,stlc:logic_application,2,0.0,0.0,0.0,0.0,100.0,0.0,0.0,0.0,0.0,116.0,5.35
local,Qwen/Qwen3.5-4B-Base,unconstrained_raw,stlc,stlc:logic_argument_order,1,0.0,0.0,0.0,0.0,100.0,0.0,0.0,0.0,0.0,48.0,2.37
local,Qwen/Qwen3.5-4B-Base,unconstrained_raw,stlc,stlc:logic_choice,2,50.0,50.0,50.0,0.0,0.0,0.0,50.0,0.0,0.0,10.5,0.71
local,Qwen/Qwen3.5-4B-Base,unconstrained_raw,stlc,stlc:logic_composition,6,0.0,0.0,0.0,0.0,83.33,0.0,16.67,0.0,0.0,58.83,2.84
local,Qwen/Qwen3.5-4B-Base,unconstrained_raw,stlc,stlc:logic_continuation,1,0.0,0.0,0.0,0.0,100.0,0.0,0.0,0.0,0.0,96.0,4.45
local,Qwen/Qwen3.5-4B-Base,unconstrained_raw,stlc,stlc:logic_contraction,2,0.0,0.0,0.0,0.0,100.0,0.0,0.0,0.0,0.0,63.0,3.02
local,Qwen/Qwen3.5-4B-Base,unconstrained_raw,stlc,stlc:logic_elimination,1,0.0,0.0,0.0,0.0,100.0,0.0,0.0,0.0,0.0,38.0,1.93
local,Qwen/Qwen3.5-4B-Base,unconstrained_raw,stlc,stlc:logic_eta,1,0.0,0.0,0.0,0.0,100.0,0.0,0.0,0.0,0.0,27.0,1.44
local,Qwen/Qwen3.5-4B-Base,unconstrained_raw,stlc,stlc:logic_function_result,1,0.0,0.0,0.0,0.0,100.0,0.0,0.0,0.0,0.0,32.0,1.66
local,Qwen/Qwen3.5-4B-Base,unconstrained_raw,stlc,stlc:logic_higher_order,3,0.0,33.33,33.33,0.0,66.67,0.0,0.0,0.0,0.0,12.0,0.77
local,Qwen/Qwen3.5-4B-Base,unconstrained_raw,stlc,stlc:logic_identity,2,0.0,0.0,0.0,0.0,100.0,0.0,0.0,0.0,0.0,32.0,1.62
local,Qwen/Qwen3.5-4B-Base,unconstrained_raw,stlc,stlc:logic_modus_ponens,2,50.0,50.0,50.0,0.0,50.0,0.0,0.0,0.0,0.0,13.5,0.84
local,Qwen/Qwen3.5-4B-Base,unconstrained_raw,stlc,stlc:logic_pipeline,1,0.0,0.0,0.0,0.0,100.0,0.0,0.0,0.0,0.0,104.0,4.81
local,Qwen/Qwen3.5-4B-Base,unconstrained_raw,stlc,stlc:logic_projection,1,0.0,0.0,0.0,0.0,100.0,0.0,0.0,0.0,0.0,37.0,1.89
local,Qwen/Qwen3.5-4B-Base,unconstrained_raw,stlc,stlc:logic_repetition,2,0.0,0.0,0.0,0.0,100.0,0.0,0.0,0.0,0.0,56.0,2.71
local,Qwen/Qwen3.5-4B-Base,unconstrained_raw,stlc,stlc:logic_substitution,2,0.0,0.0,0.0,0.0,100.0,0.0,0.0,0.0,0.0,100.5,4.7
local,Qwen/Qwen3.5-4B-Base,unconstrained_raw,stlc,stlc:logic_weakening,3,33.33,33.33,33.33,0.0,66.67,0.0,0.0,0.0,0.0,20.33,1.13
local,Qwen/Qwen3.5-9B,constrained_direct,fun,fun:boolean,2,0.0,100.0,100.0,0.0,0.0,0.0,0.0,0.0,0.0,9.0,0.78
local,Qwen/Qwen3.5-9B,constrained_direct,fun,fun:function,4,0.0,0.0,0.0,0.0,0.0,75.0,25.0,0.0,0.0,98.0,9.34
local,Qwen/Qwen3.5-9B,constrained_direct,fun,fun:function_application,4,0.0,0.0,0.0,0.0,0.0,50.0,50.0,0.0,0.0,110.75,30.07
local,Qwen/Qwen3.5-9B,constrained_direct,fun,fun:function_arithmetic,12,0.0,25.0,25.0,0.0,0.0,41.67,33.33,0.0,0.0,84.58,11.08
local,Qwen/Qwen3.5-9B,constrained_direct,fun,fun:function_closure,2,0.0,50.0,50.0,0.0,0.0,0.0,50.0,0.0,0.0,35.0,2.8
local,Qwen/Qwen3.5-9B,constrained_direct,fun,fun:function_composition,2,0.0,0.0,0.0,0.0,0.0,50.0,50.0,0.0,0.0,31.5,301.47
local,Qwen/Qwen3.5-9B,constrained_direct,fun,fun:function_constant,1,0.0,0.0,0.0,0.0,0.0,0.0,100.0,0.0,0.0,96.0,9.86
local,Qwen/Qwen3.5-9B,constrained_direct,fun,fun:function_float,4,0.0,0.0,0.0,0.0,0.0,100.0,0.0,0.0,0.0,17.0,396.61
local,Qwen/Qwen3.5-9B,constrained_direct,fun,fun:function_higher_order,2,0.0,50.0,50.0,0.0,0.0,50.0,0.0,0.0,0.0,24.5,300.99
local,Qwen/Qwen3.5-9B,constrained_direct,imp,imp:arithmetic,2,0.0,50.0,50.0,0.0,0.0,50.0,0.0,0.0,0.0,8.5,59.24
local,Qwen/Qwen3.5-9B,constrained_direct,imp,imp:assignment,3,0.0,0.0,0.0,0.0,0.0,33.33,66.67,0.0,0.0,40.67,2.88
local,Qwen/Qwen3.5-9B,constrained_direct,imp,imp:boolean,2,0.0,0.0,0.0,0.0,0.0,0.0,100.0,0.0,0.0,13.5,1.08
local,Qwen/Qwen3.5-9B,constrained_direct,imp,imp:branching,6,0.0,16.67,16.67,0.0,0.0,0.0,83.33,0.0,0.0,41.5,2.7
local,Qwen/Qwen3.5-9B,constrained_direct,imp,imp:loops,4,0.0,75.0,75.0,0.0,0.0,0.0,25.0,0.0,0.0,40.25,2.65
local,Qwen/Qwen3.5-9B,constrained_direct,imp,imp:mixed_control,2,0.0,0.0,0.0,0.0,0.0,0.0,100.0,0.0,0.0,39.5,2.65
local,Qwen/Qwen3.5-9B,constrained_direct,imp,imp:nested_branching,3,0.0,0.0,0.0,0.0,0.0,0.0,100.0,0.0,0.0,38.33,2.51
local,Qwen/Qwen3.5-9B,constrained_direct,imp,imp:sequence,3,0.0,66.67,66.67,0.0,0.0,0.0,33.33,0.0,0.0,23.0,1.59
local,Qwen/Qwen3.5-9B,constrained_direct,imp,imp:while_loop,3,0.0,33.33,33.33,0.0,0.0,0.0,66.67,0.0,0.0,18.0,1.31
local,Qwen/Qwen3.5-9B,constrained_direct,stlc,stlc:logic_application,2,0.0,0.0,0.0,0.0,0.0,50.0,50.0,0.0,0.0,44.0,300.85
local,Qwen/Qwen3.5-9B,constrained_direct,stlc,stlc:logic_argument_order,1,0.0,0.0,0.0,0.0,0.0,0.0,100.0,0.0,0.0,16.0,1.24
local,Qwen/Qwen3.5-9B,constrained_direct,stlc,stlc:logic_choice,2,0.0,0.0,0.0,0.0,0.0,100.0,0.0,0.0,0.0,67.5,303.04
local,Qwen/Qwen3.5-9B,constrained_direct,stlc,stlc:logic_composition,6,0.0,0.0,0.0,0.0,0.0,100.0,0.0,0.0,0.0,83.0,342.78
local,Qwen/Qwen3.5-9B,constrained_direct,stlc,stlc:logic_continuation,1,0.0,0.0,0.0,0.0,0.0,100.0,0.0,0.0,0.0,96.0,7.7
local,Qwen/Qwen3.5-9B,constrained_direct,stlc,stlc:logic_contraction,2,0.0,50.0,50.0,0.0,0.0,50.0,0.0,0.0,0.0,17.0,178.63
local,Qwen/Qwen3.5-9B,constrained_direct,stlc,stlc:logic_elimination,1,0.0,0.0,0.0,0.0,0.0,100.0,0.0,0.0,0.0,31.0,600.01
local,Qwen/Qwen3.5-9B,constrained_direct,stlc,stlc:logic_eta,1,0.0,100.0,100.0,0.0,0.0,0.0,0.0,0.0,0.0,8.0,0.73
local,Qwen/Qwen3.5-9B,constrained_direct,stlc,stlc:logic_function_result,1,0.0,0.0,0.0,0.0,0.0,0.0,100.0,0.0,0.0,6.0,0.63
local,Qwen/Qwen3.5-9B,constrained_direct,stlc,stlc:logic_higher_order,3,0.0,0.0,0.0,0.0,0.0,33.33,66.67,0.0,0.0,27.67,2.08
local,Qwen/Qwen3.5-9B,constrained_direct,stlc,stlc:logic_identity,2,0.0,0.0,0.0,0.0,0.0,0.0,100.0,0.0,0.0,3.0,0.44
local,Qwen/Qwen3.5-9B,constrained_direct,stlc,stlc:logic_modus_ponens,2,0.0,50.0,50.0,0.0,0.0,50.0,0.0,0.0,0.0,18.5,282.05
local,Qwen/Qwen3.5-9B,constrained_direct,stlc,stlc:logic_pipeline,1,0.0,0.0,0.0,0.0,0.0,100.0,0.0,0.0,0.0,104.0,8.75
local,Qwen/Qwen3.5-9B,constrained_direct,stlc,stlc:logic_projection,1,0.0,0.0,0.0,0.0,0.0,0.0,100.0,0.0,0.0,18.0,1.43
local,Qwen/Qwen3.5-9B,constrained_direct,stlc,stlc:logic_repetition,2,0.0,50.0,50.0,0.0,0.0,50.0,0.0,0.0,0.0,26.0,300.4
local,Qwen/Qwen3.5-9B,constrained_direct,stlc,stlc:logic_substitution,2,0.0,0.0,0.0,0.0,0.0,100.0,0.0,0.0,0.0,63.5,209.84
local,Qwen/Qwen3.5-9B,constrained_direct,stlc,stlc:logic_weakening,3,0.0,0.0,0.0,0.0,0.0,66.67,33.33,0.0,0.0,15.33,195.73
local,Qwen/Qwen3.5-9B,constrained_mixed,fun,fun:boolean,2,0.0,100.0,100.0,0.0,0.0,0.0,0.0,0.0,0.0,2057.0,102.7
local,Qwen/Qwen3.5-9B,constrained_mixed,fun,fun:function,4,0.0,75.0,75.0,0.0,0.0,0.0,25.0,0.0,0.0,1484.0,72.86
local,Qwen/Qwen3.5-9B,constrained_mixed,fun,fun:function_application,4,0.0,0.0,0.0,0.0,0.0,50.0,50.0,0.0,0.0,1421.25,228.03
local,Qwen/Qwen3.5-9B,constrained_mixed,fun,fun:function_arithmetic,12,0.0,75.0,75.0,0.0,0.0,8.33,16.67,0.0,0.0,992.75,49.25
local,Qwen/Qwen3.5-9B,constrained_mixed,fun,fun:function_closure,2,0.0,100.0,100.0,0.0,0.0,0.0,0.0,0.0,0.0,1092.0,55.38
local,Qwen/Qwen3.5-9B,constrained_mixed,fun,fun:function_composition,2,0.0,0.0,0.0,0.0,0.0,50.0,50.0,0.0,0.0,1483.5,78.1
local,Qwen/Qwen3.5-9B,constrained_mixed,fun,fun:function_constant,1,0.0,0.0,0.0,0.0,0.0,0.0,100.0,0.0,0.0,1535.0,70.59
local,Qwen/Qwen3.5-9B,constrained_mixed,fun,fun:function_float,4,0.0,25.0,25.0,0.0,0.0,75.0,0.0,0.0,0.0,2043.0,299.69
local,Qwen/Qwen3.5-9B,constrained_mixed,fun,fun:function_higher_order,2,0.0,0.0,0.0,0.0,0.0,50.0,50.0,0.0,0.0,2158.0,148.96
local,Qwen/Qwen3.5-9B,constrained_mixed,imp,imp:arithmetic,2,0.0,50.0,50.0,0.0,0.0,0.0,50.0,0.0,0.0,313.5,15.28
local,Qwen/Qwen3.5-9B,constrained_mixed,imp,imp:assignment,3,0.0,0.0,0.0,0.0,0.0,33.33,66.67,0.0,0.0,219.33,11.47
local,Qwen/Qwen3.5-9B,constrained_mixed,imp,imp:boolean,2,0.0,0.0,0.0,0.0,0.0,100.0,0.0,0.0,0.0,213.5,11.69
local,Qwen/Qwen3.5-9B,constrained_mixed,imp,imp:branching,6,0.0,16.67,16.67,0.0,0.0,0.0,83.33,0.0,0.0,1035.67,48.11
local,Qwen/Qwen3.5-9B,constrained_mixed,imp,imp:loops,4,0.0,75.0,75.0,0.0,0.0,0.0,25.0,0.0,0.0,816.5,40.95
local,Qwen/Qwen3.5-9B,constrained_mixed,imp,imp:mixed_control,2,0.0,50.0,50.0,0.0,0.0,0.0,50.0,0.0,0.0,1299.0,60.18
local,Qwen/Qwen3.5-9B,constrained_mixed,imp,imp:nested_branching,3,0.0,33.33,33.33,0.0,0.0,0.0,66.67,0.0,0.0,1349.33,64.4
local,Qwen/Qwen3.5-9B,constrained_mixed,imp,imp:sequence,3,0.0,66.67,66.67,0.0,0.0,0.0,33.33,0.0,0.0,147.33,7.89
local,Qwen/Qwen3.5-9B,constrained_mixed,imp,imp:while_loop,3,0.0,33.33,33.33,0.0,0.0,0.0,66.67,0.0,0.0,685.33,34.13
local,Qwen/Qwen3.5-9B,constrained_mixed,stlc,stlc:logic_application,2,0.0,100.0,100.0,0.0,0.0,0.0,0.0,0.0,0.0,357.0,18.41
local,Qwen/Qwen3.5-9B,constrained_mixed,stlc,stlc:logic_argument_order,1,0.0,100.0,100.0,0.0,0.0,0.0,0.0,0.0,0.0,1271.0,63.43
local,Qwen/Qwen3.5-9B,constrained_mixed,stlc,stlc:logic_choice,2,0.0,100.0,100.0,0.0,0.0,0.0,0.0,0.0,0.0,681.5,34.38
local,Qwen/Qwen3.5-9B,constrained_mixed,stlc,stlc:logic_composition,6,0.0,100.0,100.0,0.0,0.0,0.0,0.0,0.0,0.0,670.83,33.46
local,Qwen/Qwen3.5-9B,constrained_mixed,stlc,stlc:logic_continuation,1,0.0,100.0,100.0,0.0,0.0,0.0,0.0,0.0,0.0,339.0,17.6
local,Qwen/Qwen3.5-9B,constrained_mixed,stlc,stlc:logic_contraction,2,0.0,100.0,100.0,0.0,0.0,0.0,0.0,0.0,0.0,1109.0,55.38
local,Qwen/Qwen3.5-9B,constrained_mixed,stlc,stlc:logic_elimination,1,0.0,100.0,100.0,0.0,0.0,0.0,0.0,0.0,0.0,468.0,22.08
local,Qwen/Qwen3.5-9B,constrained_mixed,stlc,stlc:logic_eta,1,0.0,100.0,100.0,0.0,0.0,0.0,0.0,0.0,0.0,594.0,28.2
local,Qwen/Qwen3.5-9B,constrained_mixed,stlc,stlc:logic_function_result,1,0.0,100.0,100.0,0.0,0.0,0.0,0.0,0.0,0.0,241.0,12.45
local,Qwen/Qwen3.5-9B,constrained_mixed,stlc,stlc:logic_higher_order,3,0.0,100.0,100.0,0.0,0.0,0.0,0.0,0.0,0.0,744.67,37.12
local,Qwen/Qwen3.5-9B,constrained_mixed,stlc,stlc:logic_identity,2,0.0,100.0,100.0,0.0,0.0,0.0,0.0,0.0,0.0,91.0,4.89
local,Qwen/Qwen3.5-9B,constrained_mixed,stlc,stlc:logic_modus_ponens,2,0.0,100.0,100.0,0.0,0.0,0.0,0.0,0.0,0.0,245.0,12.72
local,Qwen/Qwen3.5-9B,constrained_mixed,stlc,stlc:logic_pipeline,1,0.0,0.0,0.0,0.0,0.0,100.0,0.0,0.0,0.0,368.0,645.4
local,Qwen/Qwen3.5-9B,constrained_mixed,stlc,stlc:logic_projection,1,0.0,100.0,100.0,0.0,0.0,0.0,0.0,0.0,0.0,91.0,5.15
local,Qwen/Qwen3.5-9B,constrained_mixed,stlc,stlc:logic_repetition,2,0.0,100.0,100.0,0.0,0.0,0.0,0.0,0.0,0.0,453.5,23.03
local,Qwen/Qwen3.5-9B,constrained_mixed,stlc,stlc:logic_substitution,2,0.0,100.0,100.0,0.0,0.0,0.0,0.0,0.0,0.0,1921.5,92.56
local,Qwen/Qwen3.5-9B,constrained_mixed,stlc,stlc:logic_weakening,3,0.0,100.0,100.0,0.0,0.0,0.0,0.0,0.0,0.0,338.67,16.28
local,Qwen/Qwen3.5-9B,unconstrained,fun,fun:boolean,2,0.0,0.0,0.0,0.0,100.0,0.0,0.0,0.0,0.0,7.5,0.58
local,Qwen/Qwen3.5-9B,unconstrained,fun,fun:function,4,0.0,0.0,0.0,0.0,50.0,0.0,50.0,0.0,0.0,93.75,4.46
local,Qwen/Qwen3.5-9B,unconstrained,fun,fun:function_application,4,0.0,25.0,25.0,0.0,0.0,0.0,75.0,0.0,0.0,132.0,6.3
local,Qwen/Qwen3.5-9B,unconstrained,fun,fun:function_arithmetic,12,0.0,0.0,0.0,0.0,41.67,0.0,58.33,0.0,0.0,86.75,4.14
local,Qwen/Qwen3.5-9B,unconstrained,fun,fun:function_closure,2,0.0,0.0,0.0,0.0,50.0,0.0,50.0,0.0,0.0,118.0,5.56
local,Qwen/Qwen3.5-9B,unconstrained,fun,fun:function_composition,2,0.0,0.0,0.0,0.0,50.0,0.0,50.0,0.0,0.0,122.0,5.76
local,Qwen/Qwen3.5-9B,unconstrained,fun,fun:function_constant,1,0.0,100.0,100.0,0.0,0.0,0.0,0.0,0.0,0.0,96.0,4.56
local,Qwen/Qwen3.5-9B,unconstrained,fun,fun:function_float,4,0.0,0.0,0.0,0.0,75.0,0.0,25.0,0.0,0.0,110.5,5.22
local,Qwen/Qwen3.5-9B,unconstrained,fun,fun:function_higher_order,2,0.0,0.0,0.0,0.0,50.0,0.0,50.0,0.0,0.0,158.5,7.4
local,Qwen/Qwen3.5-9B,unconstrained,imp,imp:arithmetic,2,0.0,50.0,50.0,0.0,0.0,0.0,50.0,0.0,0.0,21.0,1.18
local,Qwen/Qwen3.5-9B,unconstrained,imp,imp:assignment,3,0.0,0.0,0.0,0.0,66.67,0.0,33.33,0.0,0.0,20.0,1.14
local,Qwen/Qwen3.5-9B,unconstrained,imp,imp:boolean,2,0.0,50.0,50.0,0.0,50.0,0.0,0.0,0.0,0.0,80.0,3.81
local,Qwen/Qwen3.5-9B,unconstrained,imp,imp:branching,6,0.0,0.0,0.0,0.0,83.33,0.0,16.67,0.0,0.0,124.33,5.83
local,Qwen/Qwen3.5-9B,unconstrained,imp,imp:loops,4,0.0,0.0,0.0,0.0,100.0,0.0,0.0,0.0,0.0,142.75,6.66
local,Qwen/Qwen3.5-9B,unconstrained,imp,imp:mixed_control,2,0.0,0.0,0.0,0.0,100.0,0.0,0.0,0.0,0.0,90.5,4.35
local,Qwen/Qwen3.5-9B,unconstrained,imp,imp:nested_branching,3,0.0,0.0,0.0,0.0,100.0,0.0,0.0,0.0,0.0,176.0,8.17
local,Qwen/Qwen3.5-9B,unconstrained,imp,imp:sequence,3,0.0,66.67,66.67,0.0,33.33,0.0,0.0,0.0,0.0,52.33,2.59
local,Qwen/Qwen3.5-9B,unconstrained,imp,imp:while_loop,3,0.0,0.0,0.0,0.0,100.0,0.0,0.0,0.0,0.0,80.0,3.83
local,Qwen/Qwen3.5-9B,unconstrained,stlc,stlc:logic_application,2,0.0,100.0,100.0,0.0,0.0,0.0,0.0,0.0,0.0,101.0,4.87
local,Qwen/Qwen3.5-9B,unconstrained,stlc,stlc:logic_argument_order,1,0.0,100.0,100.0,0.0,0.0,0.0,0.0,0.0,0.0,96.0,4.54
local,Qwen/Qwen3.5-9B,unconstrained,stlc,stlc:logic_choice,2,50.0,100.0,100.0,0.0,0.0,0.0,0.0,0.0,0.0,47.5,2.36
local,Qwen/Qwen3.5-9B,unconstrained,stlc,stlc:logic_composition,6,0.0,50.0,50.0,0.0,16.67,0.0,33.33,0.0,0.0,103.67,4.9
local,Qwen/Qwen3.5-9B,unconstrained,stlc,stlc:logic_continuation,1,0.0,100.0,100.0,0.0,0.0,0.0,0.0,0.0,0.0,19.0,1.1
local,Qwen/Qwen3.5-9B,unconstrained,stlc,stlc:logic_contraction,2,0.0,100.0,100.0,0.0,0.0,0.0,0.0,0.0,0.0,15.5,0.93
local,Qwen/Qwen3.5-9B,unconstrained,stlc,stlc:logic_elimination,1,0.0,100.0,100.0,0.0,0.0,0.0,0.0,0.0,0.0,72.0,3.44
local,Qwen/Qwen3.5-9B,unconstrained,stlc,stlc:logic_eta,1,100.0,100.0,100.0,0.0,0.0,0.0,0.0,0.0,0.0,8.0,0.59
local,Qwen/Qwen3.5-9B,unconstrained,stlc,stlc:logic_function_result,1,0.0,0.0,0.0,0.0,0.0,0.0,100.0,0.0,0.0,56.0,2.72
local,Qwen/Qwen3.5-9B,unconstrained,stlc,stlc:logic_higher_order,3,100.0,100.0,100.0,0.0,0.0,0.0,0.0,0.0,0.0,45.33,2.25
local,Qwen/Qwen3.5-9B,unconstrained,stlc,stlc:logic_identity,2,0.0,100.0,100.0,0.0,0.0,0.0,0.0,0.0,0.0,1.0,0.28
local,Qwen/Qwen3.5-9B,unconstrained,stlc,stlc:logic_modus_ponens,2,50.0,100.0,100.0,0.0,0.0,0.0,0.0,0.0,0.0,36.0,1.85
local,Qwen/Qwen3.5-9B,unconstrained,stlc,stlc:logic_pipeline,1,100.0,100.0,100.0,0.0,0.0,0.0,0.0,0.0,0.0,104.0,4.91
local,Qwen/Qwen3.5-9B,unconstrained,stlc,stlc:logic_projection,1,100.0,100.0,100.0,0.0,0.0,0.0,0.0,0.0,0.0,72.0,3.44
local,Qwen/Qwen3.5-9B,unconstrained,stlc,stlc:logic_repetition,2,50.0,100.0,100.0,0.0,0.0,0.0,0.0,0.0,0.0,57.0,2.79
local,Qwen/Qwen3.5-9B,unconstrained,stlc,stlc:logic_substitution,2,0.0,50.0,50.0,0.0,0.0,0.0,50.0,0.0,0.0,72.0,3.48
local,Qwen/Qwen3.5-9B,unconstrained,stlc,stlc:logic_weakening,3,100.0,100.0,100.0,0.0,0.0,0.0,0.0,0.0,0.0,46.33,2.31
local,Qwen/Qwen3.5-9B,unconstrained_raw,fun,fun:boolean,2,0.0,100.0,100.0,0.0,0.0,0.0,0.0,0.0,0.0,10.5,0.75
local,Qwen/Qwen3.5-9B,unconstrained_raw,fun,fun:function,4,25.0,50.0,50.0,0.0,50.0,0.0,0.0,0.0,0.0,19.75,1.15
local,Qwen/Qwen3.5-9B,unconstrained_raw,fun,fun:function_application,4,0.0,0.0,0.0,0.0,50.0,0.0,50.0,0.0,0.0,51.75,2.79
local,Qwen/Qwen3.5-9B,unconstrained_raw,fun,fun:function_arithmetic,12,41.67,50.0,50.0,0.0,50.0,0.0,0.0,0.0,0.0,29.92,1.61
local,Qwen/Qwen3.5-9B,unconstrained_raw,fun,fun:function_closure,2,0.0,0.0,0.0,0.0,100.0,0.0,0.0,0.0,0.0,112.5,5.37
local,Qwen/Qwen3.5-9B,unconstrained_raw,fun,fun:function_composition,2,0.0,0.0,0.0,0.0,100.0,0.0,0.0,0.0,0.0,34.5,1.84
local,Qwen/Qwen3.5-9B,unconstrained_raw,fun,fun:function_constant,1,0.0,100.0,100.0,0.0,0.0,0.0,0.0,0.0,0.0,12.0,0.81
local,Qwen/Qwen3.5-9B,unconstrained_raw,fun,fun:function_float,4,0.0,0.0,0.0,0.0,100.0,0.0,0.0,0.0,0.0,23.0,1.31
local,Qwen/Qwen3.5-9B,unconstrained_raw,fun,fun:function_higher_order,2,0.0,50.0,50.0,0.0,50.0,0.0,0.0,0.0,0.0,28.0,1.53
local,Qwen/Qwen3.5-9B,unconstrained_raw,imp,imp:arithmetic,2,0.0,50.0,50.0,0.0,0.0,0.0,50.0,0.0,0.0,14.5,0.91
local,Qwen/Qwen3.5-9B,unconstrained_raw,imp,imp:assignment,3,66.67,66.67,66.67,0.0,0.0,0.0,33.33,0.0,0.0,15.33,0.94
local,Qwen/Qwen3.5-9B,unconstrained_raw,imp,imp:boolean,2,0.0,100.0,100.0,0.0,0.0,0.0,0.0,0.0,0.0,17.5,1.04
local,Qwen/Qwen3.5-9B,unconstrained_raw,imp,imp:branching,6,0.0,0.0,0.0,0.0,100.0,0.0,0.0,0.0,0.0,42.17,2.19
local,Qwen/Qwen3.5-9B,unconstrained_raw,imp,imp:loops,4,0.0,50.0,50.0,0.0,25.0,0.0,25.0,0.0,0.0,45.25,2.32
local,Qwen/Qwen3.5-9B,unconstrained_raw,imp,imp:mixed_control,2,0.0,50.0,50.0,0.0,50.0,0.0,0.0,0.0,0.0,42.5,2.19
local,Qwen/Qwen3.5-9B,unconstrained_raw,imp,imp:nested_branching,3,0.0,0.0,0.0,0.0,100.0,0.0,0.0,0.0,0.0,87.33,4.21
local,Qwen/Qwen3.5-9B,unconstrained_raw,imp,imp:sequence,3,0.0,66.67,66.67,0.0,0.0,0.0,33.33,0.0,0.0,25.0,1.38
local,Qwen/Qwen3.5-9B,unconstrained_raw,imp,imp:while_loop,3,66.67,100.0,100.0,0.0,0.0,0.0,0.0,0.0,0.0,21.67,1.23
local,Qwen/Qwen3.5-9B,unconstrained_raw,stlc,stlc:logic_application,2,0.0,50.0,50.0,0.0,50.0,0.0,0.0,0.0,0.0,80.5,3.9
local,Qwen/Qwen3.5-9B,unconstrained_raw,stlc,stlc:logic_argument_order,1,0.0,100.0,100.0,0.0,0.0,0.0,0.0,0.0,0.0,13.0,0.85
local,Qwen/Qwen3.5-9B,unconstrained_raw,stlc,stlc:logic_choice,2,50.0,100.0,100.0,0.0,0.0,0.0,0.0,0.0,0.0,14.0,0.89
local,Qwen/Qwen3.5-9B,unconstrained_raw,stlc,stlc:logic_composition,6,16.67,66.67,66.67,0.0,16.67,0.0,16.67,0.0,0.0,39.33,2.04
local,Qwen/Qwen3.5-9B,unconstrained_raw,stlc,stlc:logic_continuation,1,0.0,100.0,100.0,0.0,0.0,0.0,0.0,0.0,0.0,16.0,0.99
local,Qwen/Qwen3.5-9B,unconstrained_raw,stlc,stlc:logic_contraction,2,0.0,50.0,50.0,0.0,50.0,0.0,0.0,0.0,0.0,59.5,2.93
local,Qwen/Qwen3.5-9B,unconstrained_raw,stlc,stlc:logic_elimination,1,0.0,100.0,100.0,0.0,0.0,0.0,0.0,0.0,0.0,10.0,0.7
local,Qwen/Qwen3.5-9B,unconstrained_raw,stlc,stlc:logic_eta,1,0.0,100.0,100.0,0.0,0.0,0.0,0.0,0.0,0.0,9.0,0.66
local,Qwen/Qwen3.5-9B,unconstrained_raw,stlc,stlc:logic_function_result,1,0.0,0.0,0.0,0.0,0.0,0.0,100.0,0.0,0.0,5.0,0.47
local,Qwen/Qwen3.5-9B,unconstrained_raw,stlc,stlc:logic_higher_order,3,100.0,100.0,100.0,0.0,0.0,0.0,0.0,0.0,0.0,3.0,0.38
local,Qwen/Qwen3.5-9B,unconstrained_raw,stlc,stlc:logic_identity,2,0.0,100.0,100.0,0.0,0.0,0.0,0.0,0.0,0.0,3.0,0.38
local,Qwen/Qwen3.5-9B,unconstrained_raw,stlc,stlc:logic_modus_ponens,2,50.0,100.0,100.0,0.0,0.0,0.0,0.0,0.0,0.0,8.5,0.63
local,Qwen/Qwen3.5-9B,unconstrained_raw,stlc,stlc:logic_pipeline,1,0.0,100.0,100.0,0.0,0.0,0.0,0.0,0.0,0.0,20.0,1.16
local,Qwen/Qwen3.5-9B,unconstrained_raw,stlc,stlc:logic_projection,1,0.0,100.0,100.0,0.0,0.0,0.0,0.0,0.0,0.0,10.0,0.7
local,Qwen/Qwen3.5-9B,unconstrained_raw,stlc,stlc:logic_repetition,2,50.0,100.0,100.0,0.0,0.0,0.0,0.0,0.0,0.0,11.5,0.77
local,Qwen/Qwen3.5-9B,unconstrained_raw,stlc,stlc:logic_substitution,2,0.0,0.0,0.0,0.0,100.0,0.0,0.0,0.0,0.0,64.5,3.17
local,Qwen/Qwen3.5-9B,unconstrained_raw,stlc,stlc:logic_weakening,3,100.0,100.0,100.0,0.0,0.0,0.0,0.0,0.0,0.0,5.67,0.5
local,Qwen/Qwen3.5-9B-Base,constrained_direct,fun,fun:boolean,2,0.0,100.0,100.0,0.0,0.0,0.0,0.0,0.0,0.0,9.0,0.8
local,Qwen/Qwen3.5-9B-Base,constrained_direct,fun,fun:function,4,0.0,100.0,100.0,0.0,0.0,0.0,0.0,0.0,0.0,17.0,1.29
local,Qwen/Qwen3.5-9B-Base,constrained_direct,fun,fun:function_application,4,0.0,0.0,0.0,0.0,0.0,0.0,100.0,0.0,0.0,9.0,0.93
local,Qwen/Qwen3.5-9B-Base,constrained_direct,fun,fun:function_arithmetic,12,0.0,83.33,83.33,0.0,0.0,8.33,8.33,0.0,0.0,25.92,2.03
local,Qwen/Qwen3.5-9B-Base,constrained_direct,fun,fun:function_closure,2,0.0,50.0,50.0,0.0,0.0,0.0,50.0,0.0,0.0,32.5,2.54
local,Qwen/Qwen3.5-9B-Base,constrained_direct,fun,fun:function_composition,2,0.0,50.0,50.0,0.0,0.0,0.0,50.0,0.0,0.0,30.5,2.17
local,Qwen/Qwen3.5-9B-Base,constrained_direct,fun,fun:function_constant,1,0.0,0.0,0.0,0.0,0.0,0.0,100.0,0.0,0.0,9.0,0.81
local,Qwen/Qwen3.5-9B-Base,constrained_direct,fun,fun:function_float,4,0.0,0.0,0.0,0.0,0.0,100.0,0.0,0.0,0.0,17.0,379.64
local,Qwen/Qwen3.5-9B-Base,constrained_direct,fun,fun:function_higher_order,2,0.0,50.0,50.0,0.0,0.0,0.0,50.0,0.0,0.0,25.0,1.79
local,Qwen/Qwen3.5-9B-Base,constrained_direct,imp,imp:arithmetic,2,0.0,0.0,0.0,0.0,0.0,100.0,0.0,0.0,0.0,80.0,5.27
local,Qwen/Qwen3.5-9B-Base,constrained_direct,imp,imp:assignment,3,0.0,0.0,0.0,0.0,0.0,33.33,66.67,0.0,0.0,40.67,2.87
local,Qwen/Qwen3.5-9B-Base,constrained_direct,imp,imp:boolean,2,0.0,0.0,0.0,0.0,0.0,50.0,50.0,0.0,0.0,46.0,3.09
local,Qwen/Qwen3.5-9B-Base,constrained_direct,imp,imp:branching,6,0.0,0.0,0.0,0.0,0.0,0.0,100.0,0.0,0.0,43.0,2.77
local,Qwen/Qwen3.5-9B-Base,constrained_direct,imp,imp:loops,4,0.0,75.0,75.0,0.0,0.0,0.0,25.0,0.0,0.0,37.5,2.42
local,Qwen/Qwen3.5-9B-Base,constrained_direct,imp,imp:mixed_control,2,0.0,0.0,0.0,0.0,0.0,50.0,50.0,0.0,0.0,107.0,7.53
local,Qwen/Qwen3.5-9B-Base,constrained_direct,imp,imp:nested_branching,3,0.0,33.33,33.33,0.0,0.0,0.0,66.67,0.0,0.0,44.0,2.81
local,Qwen/Qwen3.5-9B-Base,constrained_direct,imp,imp:sequence,3,0.0,66.67,66.67,0.0,0.0,0.0,33.33,0.0,0.0,21.0,1.44
local,Qwen/Qwen3.5-9B-Base,constrained_direct,imp,imp:while_loop,3,0.0,33.33,33.33,0.0,0.0,0.0,66.67,0.0,0.0,16.0,1.16
local,Qwen/Qwen3.5-9B-Base,constrained_direct,stlc,stlc:logic_application,2,0.0,50.0,50.0,0.0,0.0,0.0,50.0,0.0,0.0,18.5,1.33
local,Qwen/Qwen3.5-9B-Base,constrained_direct,stlc,stlc:logic_argument_order,1,0.0,100.0,100.0,0.0,0.0,0.0,0.0,0.0,0.0,13.0,1.01
local,Qwen/Qwen3.5-9B-Base,constrained_direct,stlc,stlc:logic_choice,2,0.0,100.0,100.0,0.0,0.0,0.0,0.0,0.0,0.0,14.0,1.06
local,Qwen/Qwen3.5-9B-Base,constrained_direct,stlc,stlc:logic_composition,6,0.0,33.33,33.33,0.0,0.0,0.0,66.67,0.0,0.0,19.67,1.39
local,Qwen/Qwen3.5-9B-Base,constrained_direct,stlc,stlc:logic_continuation,1,0.0,0.0,0.0,0.0,0.0,0.0,100.0,0.0,0.0,16.0,1.18
local,Qwen/Qwen3.5-9B-Base,constrained_direct,stlc,stlc:logic_contraction,2,0.0,100.0,100.0,0.0,0.0,0.0,0.0,0.0,0.0,15.0,1.13
local,Qwen/Qwen3.5-9B-Base,constrained_direct,stlc,stlc:logic_elimination,1,0.0,100.0,100.0,0.0,0.0,0.0,0.0,0.0,0.0,7.0,0.65
local,Qwen/Qwen3.5-9B-Base,constrained_direct,stlc,stlc:logic_eta,1,0.0,100.0,100.0,0.0,0.0,0.0,0.0,0.0,0.0,8.0,0.71
local,Qwen/Qwen3.5-9B-Base,constrained_direct,stlc,stlc:logic_function_result,1,0.0,0.0,0.0,0.0,0.0,100.0,0.0,0.0,0.0,56.0,3.53
local,Qwen/Qwen3.5-9B-Base,constrained_direct,stlc,stlc:logic_higher_order,3,0.0,100.0,100.0,0.0,0.0,0.0,0.0,0.0,0.0,2.0,0.38
local,Qwen/Qwen3.5-9B-Base,constrained_direct,stlc,stlc:logic_identity,2,0.0,100.0,100.0,0.0,0.0,0.0,0.0,0.0,0.0,1.0,0.31
local,Qwen/Qwen3.5-9B-Base,constrained_direct,stlc,stlc:logic_modus_ponens,2,0.0,100.0,100.0,0.0,0.0,0.0,0.0,0.0,0.0,7.5,0.69
local,Qwen/Qwen3.5-9B-Base,constrained_direct,stlc,stlc:logic_pipeline,1,0.0,0.0,0.0,0.0,0.0,0.0,100.0,0.0,0.0,6.0,0.61
local,Qwen/Qwen3.5-9B-Base,constrained_direct,stlc,stlc:logic_projection,1,0.0,100.0,100.0,0.0,0.0,0.0,0.0,0.0,0.0,9.0,0.77
local,Qwen/Qwen3.5-9B-Base,constrained_direct,stlc,stlc:logic_repetition,2,0.0,100.0,100.0,0.0,0.0,0.0,0.0,0.0,0.0,10.5,0.86
local,Qwen/Qwen3.5-9B-Base,constrained_direct,stlc,stlc:logic_substitution,2,0.0,50.0,50.0,0.0,0.0,50.0,0.0,0.0,0.0,68.5,4.73
local,Qwen/Qwen3.5-9B-Base,constrained_direct,stlc,stlc:logic_weakening,3,0.0,100.0,100.0,0.0,0.0,0.0,0.0,0.0,0.0,4.67,0.52
local,Qwen/Qwen3.5-9B-Base,constrained_mixed,fun,fun:boolean,2,0.0,50.0,50.0,0.0,0.0,50.0,0.0,0.0,0.0,173.0,12.21
local,Qwen/Qwen3.5-9B-Base,constrained_mixed,fun,fun:function,4,0.0,25.0,25.0,0.0,0.0,25.0,50.0,0.0,0.0,827.75,42.03
local,Qwen/Qwen3.5-9B-Base,constrained_mixed,fun,fun:function_application,4,0.0,25.0,25.0,0.0,0.0,25.0,50.0,0.0,0.0,645.0,165.24
local,Qwen/Qwen3.5-9B-Base,constrained_mixed,fun,fun:function_arithmetic,12,0.0,41.67,41.67,0.0,0.0,25.0,33.33,0.0,0.0,943.92,48.62
local,Qwen/Qwen3.5-9B-Base,constrained_mixed,fun,fun:function_closure,2,0.0,100.0,100.0,0.0,0.0,0.0,0.0,0.0,0.0,1990.5,98.71
local,Qwen/Qwen3.5-9B-Base,constrained_mixed,fun,fun:function_composition,2,0.0,0.0,0.0,0.0,0.0,0.0,100.0,0.0,0.0,169.0,9.66
local,Qwen/Qwen3.5-9B-Base,constrained_mixed,fun,fun:function_constant,1,0.0,0.0,0.0,0.0,0.0,0.0,100.0,0.0,0.0,761.0,38.26
local,Qwen/Qwen3.5-9B-Base,constrained_mixed,fun,fun:function_float,4,0.0,0.0,0.0,0.0,0.0,100.0,0.0,0.0,0.0,617.25,343.17
local,Qwen/Qwen3.5-9B-Base,constrained_mixed,fun,fun:function_higher_order,2,0.0,50.0,50.0,0.0,0.0,50.0,0.0,0.0,0.0,1792.0,348.21
local,Qwen/Qwen3.5-9B-Base,constrained_mixed,imp,imp:arithmetic,2,0.0,50.0,50.0,0.0,0.0,0.0,50.0,0.0,0.0,531.0,24.8
local,Qwen/Qwen3.5-9B-Base,constrained_mixed,imp,imp:assignment,3,0.0,0.0,0.0,0.0,0.0,33.33,66.67,0.0,0.0,394.0,19.25
local,Qwen/Qwen3.5-9B-Base,constrained_mixed,imp,imp:boolean,2,0.0,0.0,0.0,0.0,0.0,50.0,50.0,0.0,0.0,398.5,20.24
local,Qwen/Qwen3.5-9B-Base,constrained_mixed,imp,imp:branching,6,0.0,0.0,0.0,0.0,0.0,0.0,100.0,0.0,0.0,804.0,38.23
local,Qwen/Qwen3.5-9B-Base,constrained_mixed,imp,imp:loops,4,0.0,75.0,75.0,0.0,0.0,0.0,25.0,0.0,0.0,258.5,12.96
local,Qwen/Qwen3.5-9B-Base,constrained_mixed,imp,imp:mixed_control,2,0.0,50.0,50.0,0.0,0.0,0.0,50.0,0.0,0.0,1974.5,94.93
local,Qwen/Qwen3.5-9B-Base,constrained_mixed,imp,imp:nested_branching,3,0.0,0.0,0.0,0.0,0.0,0.0,100.0,0.0,0.0,861.67,41.29
local,Qwen/Qwen3.5-9B-Base,constrained_mixed,imp,imp:sequence,3,0.0,66.67,66.67,0.0,0.0,0.0,33.33,0.0,0.0,66.33,3.87
local,Qwen/Qwen3.5-9B-Base,constrained_mixed,imp,imp:while_loop,3,0.0,33.33,33.33,0.0,0.0,0.0,66.67,0.0,0.0,154.67,7.85
local,Qwen/Qwen3.5-9B-Base,constrained_mixed,stlc,stlc:logic_application,2,0.0,100.0,100.0,0.0,0.0,0.0,0.0,0.0,0.0,322.5,16.39
local,Qwen/Qwen3.5-9B-Base,constrained_mixed,stlc,stlc:logic_argument_order,1,0.0,100.0,100.0,0.0,0.0,0.0,0.0,0.0,0.0,286.0,14.86
local,Qwen/Qwen3.5-9B-Base,constrained_mixed,stlc,stlc:logic_choice,2,0.0,100.0,100.0,0.0,0.0,0.0,0.0,0.0,0.0,131.0,7.02
local,Qwen/Qwen3.5-9B-Base,constrained_mixed,stlc,stlc:logic_composition,6,0.0,100.0,100.0,0.0,0.0,0.0,0.0,0.0,0.0,661.33,31.06
local,Qwen/Qwen3.5-9B-Base,constrained_mixed,stlc,stlc:logic_continuation,1,0.0,100.0,100.0,0.0,0.0,0.0,0.0,0.0,0.0,133.0,6.79
local,Qwen/Qwen3.5-9B-Base,constrained_mixed,stlc,stlc:logic_contraction,2,0.0,100.0,100.0,0.0,0.0,0.0,0.0,0.0,0.0,715.0,35.97
local,Qwen/Qwen3.5-9B-Base,constrained_mixed,stlc,stlc:logic_elimination,1,0.0,100.0,100.0,0.0,0.0,0.0,0.0,0.0,0.0,1126.0,51.7
local,Qwen/Qwen3.5-9B-Base,constrained_mixed,stlc,stlc:logic_eta,1,0.0,100.0,100.0,0.0,0.0,0.0,0.0,0.0,0.0,1695.0,77.73
local,Qwen/Qwen3.5-9B-Base,constrained_mixed,stlc,stlc:logic_function_result,1,0.0,100.0,100.0,0.0,0.0,0.0,0.0,0.0,0.0,149.0,7.91
local,Qwen/Qwen3.5-9B-Base,constrained_mixed,stlc,stlc:logic_higher_order,3,0.0,100.0,100.0,0.0,0.0,0.0,0.0,0.0,0.0,244.0,12.44
local,Qwen/Qwen3.5-9B-Base,constrained_mixed,stlc,stlc:logic_identity,2,0.0,100.0,100.0,0.0,0.0,0.0,0.0,0.0,0.0,46.5,2.85
local,Qwen/Qwen3.5-9B-Base,constrained_mixed,stlc,stlc:logic_modus_ponens,2,0.0,100.0,100.0,0.0,0.0,0.0,0.0,0.0,0.0,287.0,13.67
local,Qwen/Qwen3.5-9B-Base,constrained_mixed,stlc,stlc:logic_pipeline,1,0.0,0.0,0.0,0.0,0.0,100.0,0.0,0.0,0.0,265.0,16.92
local,Qwen/Qwen3.5-9B-Base,constrained_mixed,stlc,stlc:logic_projection,1,0.0,100.0,100.0,0.0,0.0,0.0,0.0,0.0,0.0,62.0,3.75
local,Qwen/Qwen3.5-9B-Base,constrained_mixed,stlc,stlc:logic_repetition,2,0.0,100.0,100.0,0.0,0.0,0.0,0.0,0.0,0.0,586.5,27.31
local,Qwen/Qwen3.5-9B-Base,constrained_mixed,stlc,stlc:logic_substitution,2,0.0,100.0,100.0,0.0,0.0,0.0,0.0,0.0,0.0,349.0,17.15
local,Qwen/Qwen3.5-9B-Base,constrained_mixed,stlc,stlc:logic_weakening,3,0.0,100.0,100.0,0.0,0.0,0.0,0.0,0.0,0.0,74.67,4.08
local,Qwen/Qwen3.5-9B-Base,unconstrained,fun,fun:boolean,2,0.0,50.0,50.0,0.0,50.0,0.0,0.0,0.0,0.0,8.5,0.62
local,Qwen/Qwen3.5-9B-Base,unconstrained,fun,fun:function,4,0.0,0.0,0.0,0.0,50.0,0.0,50.0,0.0,0.0,20.25,1.15
local,Qwen/Qwen3.5-9B-Base,unconstrained,fun,fun:function_application,4,0.0,0.0,0.0,0.0,25.0,0.0,75.0,0.0,0.0,27.5,1.48
local,Qwen/Qwen3.5-9B-Base,unconstrained,fun,fun:function_arithmetic,12,0.0,0.0,0.0,0.0,50.0,0.0,50.0,0.0,0.0,37.83,1.95
local,Qwen/Qwen3.5-9B-Base,unconstrained,fun,fun:function_closure,2,0.0,0.0,0.0,0.0,0.0,0.0,100.0,0.0,0.0,42.5,2.16
local,Qwen/Qwen3.5-9B-Base,unconstrained,fun,fun:function_composition,2,0.0,0.0,0.0,0.0,0.0,0.0,100.0,0.0,0.0,43.5,2.21
local,Qwen/Qwen3.5-9B-Base,unconstrained,fun,fun:function_constant,1,0.0,100.0,100.0,0.0,0.0,0.0,0.0,0.0,0.0,12.0,0.78
local,Qwen/Qwen3.5-9B-Base,unconstrained,fun,fun:function_float,4,0.0,0.0,0.0,0.0,75.0,0.0,25.0,0.0,0.0,49.25,2.46
local,Qwen/Qwen3.5-9B-Base,unconstrained,fun,fun:function_higher_order,2,0.0,0.0,0.0,0.0,100.0,0.0,0.0,0.0,0.0,25.5,1.39
local,Qwen/Qwen3.5-9B-Base,unconstrained,imp,imp:arithmetic,2,0.0,50.0,50.0,0.0,50.0,0.0,0.0,0.0,0.0,15.5,0.93
local,Qwen/Qwen3.5-9B-Base,unconstrained,imp,imp:assignment,3,33.33,33.33,33.33,0.0,66.67,0.0,0.0,0.0,0.0,16.67,0.99
local,Qwen/Qwen3.5-9B-Base,unconstrained,imp,imp:boolean,2,50.0,50.0,50.0,0.0,50.0,0.0,0.0,0.0,0.0,17.0,1.01
local,Qwen/Qwen3.5-9B-Base,unconstrained,imp,imp:branching,6,0.0,0.0,0.0,0.0,100.0,0.0,0.0,0.0,0.0,40.67,2.07
local,Qwen/Qwen3.5-9B-Base,unconstrained,imp,imp:loops,4,0.0,0.0,0.0,0.0,75.0,0.0,25.0,0.0,0.0,85.25,4.08
local,Qwen/Qwen3.5-9B-Base,unconstrained,imp,imp:mixed_control,2,0.0,0.0,0.0,0.0,50.0,50.0,0.0,0.0,0.0,43.0,2.18
local,Qwen/Qwen3.5-9B-Base,unconstrained,imp,imp:nested_branching,3,0.0,0.0,0.0,0.0,100.0,0.0,0.0,0.0,0.0,77.0,3.71
local,Qwen/Qwen3.5-9B-Base,unconstrained,imp,imp:sequence,3,0.0,0.0,0.0,0.0,66.67,0.0,33.33,0.0,0.0,25.67,1.4
local,Qwen/Qwen3.5-9B-Base,unconstrained,imp,imp:while_loop,3,0.0,0.0,0.0,0.0,100.0,0.0,0.0,0.0,0.0,23.67,1.3
local,Qwen/Qwen3.5-9B-Base,unconstrained,stlc,stlc:logic_application,2,0.0,100.0,100.0,0.0,0.0,0.0,0.0,0.0,0.0,18.5,1.08
local,Qwen/Qwen3.5-9B-Base,unconstrained,stlc,stlc:logic_argument_order,1,0.0,100.0,100.0,0.0,0.0,0.0,0.0,0.0,0.0,11.0,0.73
local,Qwen/Qwen3.5-9B-Base,unconstrained,stlc,stlc:logic_choice,2,100.0,100.0,100.0,0.0,0.0,0.0,0.0,0.0,0.0,14.0,0.86
local,Qwen/Qwen3.5-9B-Base,unconstrained,stlc,stlc:logic_composition,6,0.0,66.67,66.67,0.0,16.67,0.0,16.67,0.0,0.0,19.83,1.13
local,Qwen/Qwen3.5-9B-Base,unconstrained,stlc,stlc:logic_continuation,1,0.0,100.0,100.0,0.0,0.0,0.0,0.0,0.0,0.0,15.0,0.91
local,Qwen/Qwen3.5-9B-Base,unconstrained,stlc,stlc:logic_contraction,2,0.0,100.0,100.0,0.0,0.0,0.0,0.0,0.0,0.0,13.5,0.84
local,Qwen/Qwen3.5-9B-Base,unconstrained,stlc,stlc:logic_elimination,1,0.0,0.0,0.0,0.0,100.0,0.0,0.0,0.0,0.0,10.0,0.68
local,Qwen/Qwen3.5-9B-Base,unconstrained,stlc,stlc:logic_eta,1,0.0,100.0,100.0,0.0,0.0,0.0,0.0,0.0,0.0,8.0,0.59
local,Qwen/Qwen3.5-9B-Base,unconstrained,stlc,stlc:logic_function_result,1,0.0,0.0,0.0,0.0,0.0,0.0,100.0,0.0,0.0,9.0,0.64
local,Qwen/Qwen3.5-9B-Base,unconstrained,stlc,stlc:logic_higher_order,3,100.0,100.0,100.0,0.0,0.0,0.0,0.0,0.0,0.0,2.0,0.32
local,Qwen/Qwen3.5-9B-Base,unconstrained,stlc,stlc:logic_identity,2,0.0,50.0,50.0,0.0,0.0,0.0,50.0,0.0,0.0,2.5,0.35
local,Qwen/Qwen3.5-9B-Base,unconstrained,stlc,stlc:logic_modus_ponens,2,100.0,100.0,100.0,0.0,0.0,0.0,0.0,0.0,0.0,7.5,0.57
local,Qwen/Qwen3.5-9B-Base,unconstrained,stlc,stlc:logic_pipeline,1,100.0,100.0,100.0,0.0,0.0,0.0,0.0,0.0,0.0,19.0,1.09
local,Qwen/Qwen3.5-9B-Base,unconstrained,stlc,stlc:logic_projection,1,100.0,100.0,100.0,0.0,0.0,0.0,0.0,0.0,0.0,9.0,0.65
local,Qwen/Qwen3.5-9B-Base,unconstrained,stlc,stlc:logic_repetition,2,50.0,100.0,100.0,0.0,0.0,0.0,0.0,0.0,0.0,10.5,0.71
local,Qwen/Qwen3.5-9B-Base,unconstrained,stlc,stlc:logic_substitution,2,0.0,0.0,0.0,0.0,0.0,0.0,100.0,0.0,0.0,23.5,1.3
local,Qwen/Qwen3.5-9B-Base,unconstrained,stlc,stlc:logic_weakening,3,100.0,100.0,100.0,0.0,0.0,0.0,0.0,0.0,0.0,4.67,0.44
local,Qwen/Qwen3.5-9B-Base,unconstrained_raw,fun,fun:boolean,2,0.0,50.0,50.0,0.0,50.0,0.0,0.0,0.0,0.0,10.5,0.73
local,Qwen/Qwen3.5-9B-Base,unconstrained_raw,fun,fun:function,4,25.0,50.0,50.0,0.0,50.0,0.0,0.0,0.0,0.0,20.25,1.17
local,Qwen/Qwen3.5-9B-Base,unconstrained_raw,fun,fun:function_application,4,0.0,0.0,0.0,0.0,100.0,0.0,0.0,0.0,0.0,51.5,2.58
local,Qwen/Qwen3.5-9B-Base,unconstrained_raw,fun,fun:function_arithmetic,12,16.67,16.67,16.67,0.0,83.33,0.0,0.0,0.0,0.0,38.42,2.0
local,Qwen/Qwen3.5-9B-Base,unconstrained_raw,fun,fun:function_closure,2,0.0,0.0,0.0,0.0,100.0,0.0,0.0,0.0,0.0,70.0,3.45
local,Qwen/Qwen3.5-9B-Base,unconstrained_raw,fun,fun:function_composition,2,0.0,0.0,0.0,0.0,100.0,0.0,0.0,0.0,0.0,116.5,5.6
local,Qwen/Qwen3.5-9B-Base,unconstrained_raw,fun,fun:function_constant,1,0.0,0.0,0.0,0.0,100.0,0.0,0.0,0.0,0.0,6.0,0.52
local,Qwen/Qwen3.5-9B-Base,unconstrained_raw,fun,fun:function_float,4,0.0,0.0,0.0,0.0,100.0,0.0,0.0,0.0,0.0,36.25,1.9
local,Qwen/Qwen3.5-9B-Base,unconstrained_raw,fun,fun:function_higher_order,2,0.0,0.0,0.0,0.0,100.0,0.0,0.0,0.0,0.0,34.5,1.82
local,Qwen/Qwen3.5-9B-Base,unconstrained_raw,imp,imp:arithmetic,2,0.0,50.0,50.0,0.0,0.0,0.0,50.0,0.0,0.0,15.0,0.92
local,Qwen/Qwen3.5-9B-Base,unconstrained_raw,imp,imp:assignment,3,100.0,100.0,100.0,0.0,0.0,0.0,0.0,0.0,0.0,14.67,0.92
local,Qwen/Qwen3.5-9B-Base,unconstrained_raw,imp,imp:boolean,2,0.0,100.0,100.0,0.0,0.0,0.0,0.0,0.0,0.0,16.5,1.0
local,Qwen/Qwen3.5-9B-Base,unconstrained_raw,imp,imp:branching,6,0.0,0.0,0.0,0.0,100.0,0.0,0.0,0.0,0.0,35.33,1.86
local,Qwen/Qwen3.5-9B-Base,unconstrained_raw,imp,imp:loops,4,0.0,0.0,0.0,0.0,100.0,0.0,0.0,0.0,0.0,45.0,2.29
local,Qwen/Qwen3.5-9B-Base,unconstrained_raw,imp,imp:mixed_control,2,0.0,0.0,0.0,0.0,100.0,0.0,0.0,0.0,0.0,42.5,2.17
local,Qwen/Qwen3.5-9B-Base,unconstrained_raw,imp,imp:nested_branching,3,0.0,0.0,0.0,0.0,100.0,0.0,0.0,0.0,0.0,29.0,1.56
local,Qwen/Qwen3.5-9B-Base,unconstrained_raw,imp,imp:sequence,3,0.0,66.67,66.67,0.0,0.0,0.0,33.33,0.0,0.0,24.0,1.33
local,Qwen/Qwen3.5-9B-Base,unconstrained_raw,imp,imp:while_loop,3,0.0,0.0,0.0,0.0,100.0,0.0,0.0,0.0,0.0,26.67,1.46
local,Qwen/Qwen3.5-9B-Base,unconstrained_raw,stlc,stlc:logic_application,2,0.0,50.0,50.0,0.0,50.0,0.0,0.0,0.0,0.0,17.0,1.05
local,Qwen/Qwen3.5-9B-Base,unconstrained_raw,stlc,stlc:logic_argument_order,1,0.0,0.0,0.0,0.0,100.0,0.0,0.0,0.0,0.0,96.0,4.56
local,Qwen/Qwen3.5-9B-Base,unconstrained_raw,stlc,stlc:logic_choice,2,0.0,0.0,0.0,0.0,0.0,0.0,100.0,0.0,0.0,6.0,0.52
local,Qwen/Qwen3.5-9B-Base,unconstrained_raw,stlc,stlc:logic_composition,6,0.0,16.67,16.67,0.0,66.67,0.0,16.67,0.0,0.0,36.67,1.94
local,Qwen/Qwen3.5-9B-Base,unconstrained_raw,stlc,stlc:logic_continuation,1,0.0,100.0,100.0,0.0,0.0,0.0,0.0,0.0,0.0,16.0,0.97
local,Qwen/Qwen3.5-9B-Base,unconstrained_raw,stlc,stlc:logic_contraction,2,0.0,0.0,0.0,0.0,50.0,50.0,0.0,0.0,0.0,4.5,0.45
local,Qwen/Qwen3.5-9B-Base,unconstrained_raw,stlc,stlc:logic_elimination,1,0.0,100.0,100.0,0.0,0.0,0.0,0.0,0.0,0.0,7.0,0.57
local,Qwen/Qwen3.5-9B-Base,unconstrained_raw,stlc,stlc:logic_eta,1,0.0,0.0,0.0,0.0,100.0,0.0,0.0,0.0,0.0,17.0,1.02
local,Qwen/Qwen3.5-9B-Base,unconstrained_raw,stlc,stlc:logic_function_result,1,0.0,0.0,0.0,0.0,0.0,0.0,100.0,0.0,0.0,4.0,0.43
local,Qwen/Qwen3.5-9B-Base,unconstrained_raw,stlc,stlc:logic_higher_order,3,33.33,33.33,33.33,0.0,0.0,66.67,0.0,0.0,0.0,1.33,0.31
local,Qwen/Qwen3.5-9B-Base,unconstrained_raw,stlc,stlc:logic_identity,2,0.0,50.0,50.0,0.0,50.0,0.0,0.0,0.0,0.0,6.5,0.54
local,Qwen/Qwen3.5-9B-Base,unconstrained_raw,stlc,stlc:logic_modus_ponens,2,50.0,50.0,50.0,0.0,0.0,50.0,0.0,0.0,0.0,15.5,0.95
local,Qwen/Qwen3.5-9B-Base,unconstrained_raw,stlc,stlc:logic_pipeline,1,0.0,0.0,0.0,0.0,0.0,100.0,0.0,0.0,0.0,13.0,0.84
local,Qwen/Qwen3.5-9B-Base,unconstrained_raw,stlc,stlc:logic_projection,1,0.0,100.0,100.0,0.0,0.0,0.0,0.0,0.0,0.0,9.0,0.65
local,Qwen/Qwen3.5-9B-Base,unconstrained_raw,stlc,stlc:logic_repetition,2,50.0,50.0,50.0,0.0,50.0,0.0,0.0,0.0,0.0,48.5,2.42
local,Qwen/Qwen3.5-9B-Base,unconstrained_raw,stlc,stlc:logic_substitution,2,0.0,0.0,0.0,0.0,100.0,0.0,0.0,0.0,0.0,74.0,3.81
local,Qwen/Qwen3.5-9B-Base,unconstrained_raw,stlc,stlc:logic_weakening,3,100.0,100.0,100.0,0.0,0.0,0.0,0.0,0.0,0.0,4.67,0.48
local,deepseek-ai/DeepSeek-R1-Distill-Qwen-7B,constrained_direct,fun,fun:boolean,2,0.0,0.0,0.0,0.0,0.0,100.0,0.0,0.0,0.0,96.0,4.72
local,deepseek-ai/DeepSeek-R1-Distill-Qwen-7B,constrained_direct,fun,fun:function,4,0.0,0.0,0.0,0.0,0.0,100.0,0.0,0.0,0.0,108.75,48.01
local,deepseek-ai/DeepSeek-R1-Distill-Qwen-7B,constrained_direct,fun,fun:function_application,4,0.0,0.0,0.0,0.0,0.0,100.0,0.0,0.0,0.0,96.75,23.94
local,deepseek-ai/DeepSeek-R1-Distill-Qwen-7B,constrained_direct,fun,fun:function_arithmetic,12,0.0,0.0,0.0,0.0,0.0,100.0,0.0,0.0,0.0,94.67,54.25
local,deepseek-ai/DeepSeek-R1-Distill-Qwen-7B,constrained_direct,fun,fun:function_closure,2,0.0,0.0,0.0,0.0,0.0,100.0,0.0,0.0,0.0,113.0,164.14
local,deepseek-ai/DeepSeek-R1-Distill-Qwen-7B,constrained_direct,fun,fun:function_composition,2,0.0,0.0,0.0,0.0,0.0,100.0,0.0,0.0,0.0,125.0,123.81
local,deepseek-ai/DeepSeek-R1-Distill-Qwen-7B,constrained_direct,fun,fun:function_constant,1,0.0,0.0,0.0,0.0,0.0,100.0,0.0,0.0,0.0,96.0,3.45
local,deepseek-ai/DeepSeek-R1-Distill-Qwen-7B,constrained_direct,fun,fun:function_float,4,0.0,0.0,0.0,0.0,0.0,100.0,0.0,0.0,0.0,140.0,9.22
local,deepseek-ai/DeepSeek-R1-Distill-Qwen-7B,constrained_direct,fun,fun:function_higher_order,2,0.0,0.0,0.0,0.0,0.0,100.0,0.0,0.0,0.0,5.0,102.05
local,deepseek-ai/DeepSeek-R1-Distill-Qwen-7B,constrained_direct,imp,imp:arithmetic,2,0.0,0.0,0.0,0.0,0.0,100.0,0.0,0.0,0.0,12.0,107.23
local,deepseek-ai/DeepSeek-R1-Distill-Qwen-7B,constrained_direct,imp,imp:assignment,3,0.0,0.0,0.0,0.0,0.0,66.67,33.33,0.0,0.0,40.0,21.62
local,deepseek-ai/DeepSeek-R1-Distill-Qwen-7B,constrained_direct,imp,imp:boolean,2,0.0,0.0,0.0,0.0,0.0,100.0,0.0,0.0,0.0,47.0,70.54
local,deepseek-ai/DeepSeek-R1-Distill-Qwen-7B,constrained_direct,imp,imp:branching,6,0.0,0.0,0.0,0.0,0.0,50.0,50.0,0.0,0.0,27.67,117.09
local,deepseek-ai/DeepSeek-R1-Distill-Qwen-7B,constrained_direct,imp,imp:loops,4,0.0,0.0,0.0,0.0,0.0,75.0,25.0,0.0,0.0,28.0,179.09
local,deepseek-ai/DeepSeek-R1-Distill-Qwen-7B,constrained_direct,imp,imp:mixed_control,2,0.0,0.0,0.0,0.0,0.0,50.0,50.0,0.0,0.0,36.5,109.12
local,deepseek-ai/DeepSeek-R1-Distill-Qwen-7B,constrained_direct,imp,imp:nested_branching,3,0.0,0.0,0.0,0.0,0.0,66.67,33.33,0.0,0.0,71.0,44.32
local,deepseek-ai/DeepSeek-R1-Distill-Qwen-7B,constrained_direct,imp,imp:sequence,3,0.0,0.0,0.0,0.0,0.0,66.67,33.33,0.0,0.0,8.67,62.68
local,deepseek-ai/DeepSeek-R1-Distill-Qwen-7B,constrained_direct,imp,imp:while_loop,3,0.0,33.33,33.33,0.0,0.0,66.67,0.0,0.0,0.0,43.33,47.59
local,deepseek-ai/DeepSeek-R1-Distill-Qwen-7B,constrained_direct,stlc,stlc:logic_application,2,0.0,0.0,0.0,0.0,0.0,100.0,0.0,0.0,0.0,116.0,35.5
local,deepseek-ai/DeepSeek-R1-Distill-Qwen-7B,constrained_direct,stlc,stlc:logic_argument_order,1,0.0,0.0,0.0,0.0,0.0,100.0,0.0,0.0,0.0,96.0,41.55
local,deepseek-ai/DeepSeek-R1-Distill-Qwen-7B,constrained_direct,stlc,stlc:logic_choice,2,0.0,0.0,0.0,0.0,0.0,100.0,0.0,0.0,0.0,80.0,12.22
local,deepseek-ai/DeepSeek-R1-Distill-Qwen-7B,constrained_direct,stlc,stlc:logic_composition,6,0.0,0.0,0.0,0.0,0.0,100.0,0.0,0.0,0.0,100.5,102.44
local,deepseek-ai/DeepSeek-R1-Distill-Qwen-7B,constrained_direct,stlc,stlc:logic_continuation,1,0.0,0.0,0.0,0.0,0.0,100.0,0.0,0.0,0.0,96.0,12.75
local,deepseek-ai/DeepSeek-R1-Distill-Qwen-7B,constrained_direct,stlc,stlc:logic_contraction,2,0.0,0.0,0.0,0.0,0.0,100.0,0.0,0.0,0.0,112.0,13.13
local,deepseek-ai/DeepSeek-R1-Distill-Qwen-7B,constrained_direct,stlc,stlc:logic_elimination,1,0.0,0.0,0.0,0.0,0.0,0.0,100.0,0.0,0.0,7.0,99.17
local,deepseek-ai/DeepSeek-R1-Distill-Qwen-7B,constrained_direct,stlc,stlc:logic_eta,1,0.0,0.0,0.0,0.0,0.0,100.0,0.0,0.0,0.0,64.0,12.55
local,deepseek-ai/DeepSeek-R1-Distill-Qwen-7B,constrained_direct,stlc,stlc:logic_function_result,1,0.0,0.0,0.0,0.0,0.0,0.0,100.0,0.0,0.0,6.0,1.59
local,deepseek-ai/DeepSeek-R1-Distill-Qwen-7B,constrained_direct,stlc,stlc:logic_higher_order,3,0.0,0.0,0.0,0.0,0.0,100.0,0.0,0.0,0.0,48.0,5.84
local,deepseek-ai/DeepSeek-R1-Distill-Qwen-7B,constrained_direct,stlc,stlc:logic_identity,2,0.0,0.0,0.0,0.0,0.0,0.0,100.0,0.0,0.0,4.0,2.7
local,deepseek-ai/DeepSeek-R1-Distill-Qwen-7B,constrained_direct,stlc,stlc:logic_modus_ponens,2,0.0,0.0,0.0,0.0,0.0,100.0,0.0,0.0,0.0,64.0,9.65
local,deepseek-ai/DeepSeek-R1-Distill-Qwen-7B,constrained_direct,stlc,stlc:logic_pipeline,1,0.0,0.0,0.0,0.0,0.0,0.0,100.0,0.0,0.0,1.0,9.74
local,deepseek-ai/DeepSeek-R1-Distill-Qwen-7B,constrained_direct,stlc,stlc:logic_projection,1,0.0,0.0,0.0,0.0,0.0,0.0,100.0,0.0,0.0,6.0,1.49
local,deepseek-ai/DeepSeek-R1-Distill-Qwen-7B,constrained_direct,stlc,stlc:logic_repetition,2,0.0,0.0,0.0,0.0,0.0,100.0,0.0,0.0,0.0,80.0,19.54
local,deepseek-ai/DeepSeek-R1-Distill-Qwen-7B,constrained_direct,stlc,stlc:logic_substitution,2,0.0,0.0,0.0,0.0,0.0,100.0,0.0,0.0,0.0,128.0,23.51
local,deepseek-ai/DeepSeek-R1-Distill-Qwen-7B,constrained_direct,stlc,stlc:logic_weakening,3,0.0,0.0,0.0,0.0,0.0,33.33,66.67,0.0,0.0,26.0,61.78
local,deepseek-ai/DeepSeek-R1-Distill-Qwen-7B,constrained_mixed,fun,fun:boolean,2,0.0,0.0,0.0,0.0,0.0,50.0,50.0,0.0,0.0,587.5,21.53
local,deepseek-ai/DeepSeek-R1-Distill-Qwen-7B,constrained_mixed,fun,fun:function,4,0.0,0.0,0.0,0.0,0.0,100.0,0.0,0.0,0.0,1186.25,142.45
local,deepseek-ai/DeepSeek-R1-Distill-Qwen-7B,constrained_mixed,fun,fun:function_application,4,0.0,0.0,0.0,0.0,0.0,100.0,0.0,0.0,0.0,738.0,145.7
local,deepseek-ai/DeepSeek-R1-Distill-Qwen-7B,constrained_mixed,fun,fun:function_arithmetic,12,0.0,0.0,0.0,0.0,0.0,100.0,0.0,0.0,0.0,502.08,46.74
local,deepseek-ai/DeepSeek-R1-Distill-Qwen-7B,constrained_mixed,fun,fun:function_closure,2,0.0,0.0,0.0,0.0,0.0,100.0,0.0,0.0,0.0,441.5,186.26
local,deepseek-ai/DeepSeek-R1-Distill-Qwen-7B,constrained_mixed,fun,fun:function_composition,2,0.0,0.0,0.0,0.0,0.0,100.0,0.0,0.0,0.0,521.0,299.5
local,deepseek-ai/DeepSeek-R1-Distill-Qwen-7B,constrained_mixed,fun,fun:function_constant,1,0.0,0.0,0.0,0.0,0.0,100.0,0.0,0.0,0.0,812.0,25.89
local,deepseek-ai/DeepSeek-R1-Distill-Qwen-7B,constrained_mixed,fun,fun:function_float,4,0.0,25.0,25.0,0.0,0.0,75.0,0.0,0.0,0.0,506.5,21.35
local,deepseek-ai/DeepSeek-R1-Distill-Qwen-7B,constrained_mixed,fun,fun:function_higher_order,2,0.0,0.0,0.0,0.0,0.0,100.0,0.0,0.0,0.0,667.0,183.41
local,deepseek-ai/DeepSeek-R1-Distill-Qwen-7B,constrained_mixed,imp,imp:arithmetic,2,0.0,0.0,0.0,0.0,0.0,100.0,0.0,0.0,0.0,320.5,95.38
local,deepseek-ai/DeepSeek-R1-Distill-Qwen-7B,constrained_mixed,imp,imp:assignment,3,0.0,0.0,0.0,0.0,0.0,66.67,33.33,0.0,0.0,230.33,47.78
local,deepseek-ai/DeepSeek-R1-Distill-Qwen-7B,constrained_mixed,imp,imp:boolean,2,0.0,0.0,0.0,0.0,0.0,50.0,50.0,0.0,0.0,652.0,88.49
local,deepseek-ai/DeepSeek-R1-Distill-Qwen-7B,constrained_mixed,imp,imp:branching,6,0.0,0.0,0.0,0.0,0.0,33.33,66.67,0.0,0.0,658.67,73.28
local,deepseek-ai/DeepSeek-R1-Distill-Qwen-7B,constrained_mixed,imp,imp:loops,4,0.0,25.0,25.0,0.0,0.0,25.0,50.0,0.0,0.0,1028.0,94.86
local,deepseek-ai/DeepSeek-R1-Distill-Qwen-7B,constrained_mixed,imp,imp:mixed_control,2,0.0,0.0,0.0,0.0,0.0,50.0,50.0,0.0,0.0,529.0,139.06
local,deepseek-ai/DeepSeek-R1-Distill-Qwen-7B,constrained_mixed,imp,imp:nested_branching,3,0.0,0.0,0.0,0.0,0.0,66.67,33.33,0.0,0.0,1177.33,87.61
local,deepseek-ai/DeepSeek-R1-Distill-Qwen-7B,constrained_mixed,imp,imp:sequence,3,0.0,33.33,33.33,0.0,0.0,66.67,0.0,0.0,0.0,350.33,122.35
local,deepseek-ai/DeepSeek-R1-Distill-Qwen-7B,constrained_mixed,imp,imp:while_loop,3,0.0,33.33,33.33,0.0,0.0,0.0,66.67,0.0,0.0,377.33,9.63
local,deepseek-ai/DeepSeek-R1-Distill-Qwen-7B,constrained_mixed,stlc,stlc:logic_application,2,0.0,0.0,0.0,0.0,0.0,100.0,0.0,0.0,0.0,600.5,78.92
local,deepseek-ai/DeepSeek-R1-Distill-Qwen-7B,constrained_mixed,stlc,stlc:logic_argument_order,1,0.0,0.0,0.0,0.0,0.0,100.0,0.0,0.0,0.0,769.0,29.63
local,deepseek-ai/DeepSeek-R1-Distill-Qwen-7B,constrained_mixed,stlc,stlc:logic_choice,2,0.0,0.0,0.0,0.0,0.0,100.0,0.0,0.0,0.0,536.0,17.04
local,deepseek-ai/DeepSeek-R1-Distill-Qwen-7B,constrained_mixed,stlc,stlc:logic_composition,6,0.0,0.0,0.0,0.0,0.0,83.33,16.67,0.0,0.0,795.83,49.11
local,deepseek-ai/DeepSeek-R1-Distill-Qwen-7B,constrained_mixed,stlc,stlc:logic_continuation,1,0.0,0.0,0.0,0.0,0.0,100.0,0.0,0.0,0.0,2006.0,99.96
local,deepseek-ai/DeepSeek-R1-Distill-Qwen-7B,constrained_mixed,stlc,stlc:logic_contraction,2,0.0,0.0,0.0,0.0,0.0,100.0,0.0,0.0,0.0,881.0,64.33
local,deepseek-ai/DeepSeek-R1-Distill-Qwen-7B,constrained_mixed,stlc,stlc:logic_elimination,1,0.0,0.0,0.0,0.0,0.0,0.0,100.0,0.0,0.0,319.0,12.86
local,deepseek-ai/DeepSeek-R1-Distill-Qwen-7B,constrained_mixed,stlc,stlc:logic_eta,1,0.0,0.0,0.0,0.0,0.0,100.0,0.0,0.0,0.0,967.0,29.84
local,deepseek-ai/DeepSeek-R1-Distill-Qwen-7B,constrained_mixed,stlc,stlc:logic_function_result,1,0.0,0.0,0.0,0.0,0.0,0.0,100.0,0.0,0.0,472.0,14.85
local,deepseek-ai/DeepSeek-R1-Distill-Qwen-7B,constrained_mixed,stlc,stlc:logic_higher_order,3,0.0,0.0,0.0,0.0,0.0,100.0,0.0,0.0,0.0,539.33,14.94
local,deepseek-ai/DeepSeek-R1-Distill-Qwen-7B,constrained_mixed,stlc,stlc:logic_identity,2,0.0,0.0,0.0,0.0,0.0,0.0,100.0,0.0,0.0,339.0,7.89
local,deepseek-ai/DeepSeek-R1-Distill-Qwen-7B,constrained_mixed,stlc,stlc:logic_modus_ponens,2,0.0,0.0,0.0,0.0,0.0,100.0,0.0,0.0,0.0,446.0,14.58
local,deepseek-ai/DeepSeek-R1-Distill-Qwen-7B,constrained_mixed,stlc,stlc:logic_pipeline,1,0.0,0.0,0.0,0.0,0.0,0.0,100.0,0.0,0.0,293.0,13.51
local,deepseek-ai/DeepSeek-R1-Distill-Qwen-7B,constrained_mixed,stlc,stlc:logic_projection,1,0.0,0.0,0.0,0.0,0.0,0.0,100.0,0.0,0.0,593.0,17.09
local,deepseek-ai/DeepSeek-R1-Distill-Qwen-7B,constrained_mixed,stlc,stlc:logic_repetition,2,0.0,0.0,0.0,0.0,0.0,100.0,0.0,0.0,0.0,750.0,28.83
local,deepseek-ai/DeepSeek-R1-Distill-Qwen-7B,constrained_mixed,stlc,stlc:logic_substitution,2,0.0,0.0,0.0,0.0,0.0,100.0,0.0,0.0,0.0,1308.5,49.37
local,deepseek-ai/DeepSeek-R1-Distill-Qwen-7B,constrained_mixed,stlc,stlc:logic_weakening,3,0.0,0.0,0.0,0.0,0.0,33.33,66.67,0.0,0.0,419.33,44.58
local,deepseek-ai/DeepSeek-R1-Distill-Qwen-7B,unconstrained,fun,fun:boolean,2,0.0,0.0,0.0,0.0,100.0,0.0,0.0,0.0,0.0,9.0,0.23
local,deepseek-ai/DeepSeek-R1-Distill-Qwen-7B,unconstrained,fun,fun:function,4,0.0,0.0,0.0,0.0,100.0,0.0,0.0,0.0,0.0,65.5,1.49
local,deepseek-ai/DeepSeek-R1-Distill-Qwen-7B,unconstrained,fun,fun:function_application,4,0.0,0.0,0.0,0.0,100.0,0.0,0.0,0.0,0.0,46.75,1.09
local,deepseek-ai/DeepSeek-R1-Distill-Qwen-7B,unconstrained,fun,fun:function_arithmetic,12,0.0,0.0,0.0,0.0,100.0,0.0,0.0,0.0,0.0,112.42,2.54
local,deepseek-ai/DeepSeek-R1-Distill-Qwen-7B,unconstrained,fun,fun:function_closure,2,0.0,0.0,0.0,0.0,50.0,0.0,50.0,0.0,0.0,208.0,4.68
local,deepseek-ai/DeepSeek-R1-Distill-Qwen-7B,unconstrained,fun,fun:function_composition,2,0.0,0.0,0.0,0.0,100.0,0.0,0.0,0.0,0.0,57.0,1.32
local,deepseek-ai/DeepSeek-R1-Distill-Qwen-7B,unconstrained,fun,fun:function_constant,1,0.0,0.0,0.0,0.0,100.0,0.0,0.0,0.0,0.0,96.0,2.16
local,deepseek-ai/DeepSeek-R1-Distill-Qwen-7B,unconstrained,fun,fun:function_float,4,0.0,0.0,0.0,0.0,100.0,0.0,0.0,0.0,0.0,140.0,3.15
local,deepseek-ai/DeepSeek-R1-Distill-Qwen-7B,unconstrained,fun,fun:function_higher_order,2,0.0,0.0,0.0,0.0,100.0,0.0,0.0,0.0,0.0,136.5,3.09
local,deepseek-ai/DeepSeek-R1-Distill-Qwen-7B,unconstrained,imp,imp:arithmetic,2,0.0,0.0,0.0,0.0,100.0,0.0,0.0,0.0,0.0,57.0,1.3
local,deepseek-ai/DeepSeek-R1-Distill-Qwen-7B,unconstrained,imp,imp:assignment,3,0.0,0.0,0.0,0.0,100.0,0.0,0.0,0.0,0.0,66.33,1.51
local,deepseek-ai/DeepSeek-R1-Distill-Qwen-7B,unconstrained,imp,imp:boolean,2,0.0,0.0,0.0,0.0,100.0,0.0,0.0,0.0,0.0,80.0,1.81
local,deepseek-ai/DeepSeek-R1-Distill-Qwen-7B,unconstrained,imp,imp:branching,6,0.0,0.0,0.0,0.0,100.0,0.0,0.0,0.0,0.0,76.5,1.75
local,deepseek-ai/DeepSeek-R1-Distill-Qwen-7B,unconstrained,imp,imp:loops,4,0.0,0.0,0.0,0.0,100.0,0.0,0.0,0.0,0.0,104.0,2.35
local,deepseek-ai/DeepSeek-R1-Distill-Qwen-7B,unconstrained,imp,imp:mixed_control,2,0.0,0.0,0.0,0.0,100.0,0.0,0.0,0.0,0.0,153.0,3.46
local,deepseek-ai/DeepSeek-R1-Distill-Qwen-7B,unconstrained,imp,imp:nested_branching,3,0.0,0.0,0.0,0.0,100.0,0.0,0.0,0.0,0.0,106.33,2.42
local,deepseek-ai/DeepSeek-R1-Distill-Qwen-7B,unconstrained,imp,imp:sequence,3,0.0,0.0,0.0,0.0,100.0,0.0,0.0,0.0,0.0,58.33,1.34
local,deepseek-ai/DeepSeek-R1-Distill-Qwen-7B,unconstrained,imp,imp:while_loop,3,0.0,0.0,0.0,0.0,100.0,0.0,0.0,0.0,0.0,65.67,1.5
local,deepseek-ai/DeepSeek-R1-Distill-Qwen-7B,unconstrained,stlc,stlc:logic_application,2,0.0,0.0,0.0,0.0,100.0,0.0,0.0,0.0,0.0,116.0,2.61
local,deepseek-ai/DeepSeek-R1-Distill-Qwen-7B,unconstrained,stlc,stlc:logic_argument_order,1,0.0,0.0,0.0,0.0,100.0,0.0,0.0,0.0,0.0,96.0,2.16
local,deepseek-ai/DeepSeek-R1-Distill-Qwen-7B,unconstrained,stlc,stlc:logic_choice,2,0.0,0.0,0.0,0.0,100.0,0.0,0.0,0.0,0.0,42.0,0.96
local,deepseek-ai/DeepSeek-R1-Distill-Qwen-7B,unconstrained,stlc,stlc:logic_composition,6,0.0,0.0,0.0,0.0,100.0,0.0,0.0,0.0,0.0,94.67,2.14
local,deepseek-ai/DeepSeek-R1-Distill-Qwen-7B,unconstrained,stlc,stlc:logic_continuation,1,0.0,0.0,0.0,0.0,100.0,0.0,0.0,0.0,0.0,96.0,2.16
local,deepseek-ai/DeepSeek-R1-Distill-Qwen-7B,unconstrained,stlc,stlc:logic_contraction,2,0.0,0.0,0.0,0.0,100.0,0.0,0.0,0.0,0.0,94.5,2.14
local,deepseek-ai/DeepSeek-R1-Distill-Qwen-7B,unconstrained,stlc,stlc:logic_elimination,1,0.0,0.0,0.0,0.0,100.0,0.0,0.0,0.0,0.0,72.0,1.62
local,deepseek-ai/DeepSeek-R1-Distill-Qwen-7B,unconstrained,stlc,stlc:logic_eta,1,0.0,0.0,0.0,0.0,100.0,0.0,0.0,0.0,0.0,64.0,1.44
local,deepseek-ai/DeepSeek-R1-Distill-Qwen-7B,unconstrained,stlc,stlc:logic_function_result,1,0.0,0.0,0.0,0.0,100.0,0.0,0.0,0.0,0.0,56.0,1.26
local,deepseek-ai/DeepSeek-R1-Distill-Qwen-7B,unconstrained,stlc,stlc:logic_higher_order,3,0.0,0.0,0.0,0.0,100.0,0.0,0.0,0.0,0.0,48.0,1.09
local,deepseek-ai/DeepSeek-R1-Distill-Qwen-7B,unconstrained,stlc,stlc:logic_identity,2,0.0,0.0,0.0,0.0,100.0,0.0,0.0,0.0,0.0,32.0,0.73
local,deepseek-ai/DeepSeek-R1-Distill-Qwen-7B,unconstrained,stlc,stlc:logic_modus_ponens,2,0.0,0.0,0.0,0.0,100.0,0.0,0.0,0.0,0.0,35.0,0.81
local,deepseek-ai/DeepSeek-R1-Distill-Qwen-7B,unconstrained,stlc,stlc:logic_pipeline,1,0.0,0.0,0.0,0.0,100.0,0.0,0.0,0.0,0.0,104.0,2.34
local,deepseek-ai/DeepSeek-R1-Distill-Qwen-7B,unconstrained,stlc,stlc:logic_projection,1,0.0,0.0,0.0,0.0,100.0,0.0,0.0,0.0,0.0,72.0,1.62
local,deepseek-ai/DeepSeek-R1-Distill-Qwen-7B,unconstrained,stlc,stlc:logic_repetition,2,0.0,0.0,0.0,0.0,100.0,0.0,0.0,0.0,0.0,40.5,0.93
local,deepseek-ai/DeepSeek-R1-Distill-Qwen-7B,unconstrained,stlc,stlc:logic_substitution,2,0.0,0.0,0.0,0.0,100.0,0.0,0.0,0.0,0.0,128.0,2.89
local,deepseek-ai/DeepSeek-R1-Distill-Qwen-7B,unconstrained,stlc,stlc:logic_weakening,3,0.0,0.0,0.0,0.0,100.0,0.0,0.0,0.0,0.0,53.33,1.21
local,deepseek-ai/DeepSeek-R1-Distill-Qwen-7B,unconstrained_raw,fun,fun:boolean,2,0.0,0.0,0.0,0.0,100.0,0.0,0.0,0.0,0.0,96.0,2.18
local,deepseek-ai/DeepSeek-R1-Distill-Qwen-7B,unconstrained_raw,fun,fun:function,4,0.0,0.0,0.0,0.0,100.0,0.0,0.0,0.0,0.0,110.25,2.51
local,deepseek-ai/DeepSeek-R1-Distill-Qwen-7B,unconstrained_raw,fun,fun:function_application,4,0.0,0.0,0.0,0.0,100.0,0.0,0.0,0.0,0.0,111.0,2.54
local,deepseek-ai/DeepSeek-R1-Distill-Qwen-7B,unconstrained_raw,fun,fun:function_arithmetic,12,0.0,0.0,0.0,0.0,100.0,0.0,0.0,0.0,0.0,108.75,2.47
local,deepseek-ai/DeepSeek-R1-Distill-Qwen-7B,unconstrained_raw,fun,fun:function_closure,2,0.0,0.0,0.0,0.0,100.0,0.0,0.0,0.0,0.0,127.5,2.9
local,deepseek-ai/DeepSeek-R1-Distill-Qwen-7B,unconstrained_raw,fun,fun:function_composition,2,0.0,0.0,0.0,0.0,100.0,0.0,0.0,0.0,0.0,125.0,2.85
local,deepseek-ai/DeepSeek-R1-Distill-Qwen-7B,unconstrained_raw,fun,fun:function_constant,1,0.0,0.0,0.0,0.0,100.0,0.0,0.0,0.0,0.0,96.0,2.18
local,deepseek-ai/DeepSeek-R1-Distill-Qwen-7B,unconstrained_raw,fun,fun:function_float,4,0.0,0.0,0.0,0.0,100.0,0.0,0.0,0.0,0.0,107.5,2.45
local,deepseek-ai/DeepSeek-R1-Distill-Qwen-7B,unconstrained_raw,fun,fun:function_higher_order,2,0.0,0.0,0.0,0.0,100.0,0.0,0.0,0.0,0.0,184.0,4.16
local,deepseek-ai/DeepSeek-R1-Distill-Qwen-7B,unconstrained_raw,imp,imp:arithmetic,2,0.0,0.0,0.0,0.0,100.0,0.0,0.0,0.0,0.0,80.0,1.82
local,deepseek-ai/DeepSeek-R1-Distill-Qwen-7B,unconstrained_raw,imp,imp:assignment,3,0.0,0.0,0.0,0.0,100.0,0.0,0.0,0.0,0.0,34.0,0.8
local,deepseek-ai/DeepSeek-R1-Distill-Qwen-7B,unconstrained_raw,imp,imp:boolean,2,0.0,0.0,0.0,0.0,100.0,0.0,0.0,0.0,0.0,80.0,1.82
local,deepseek-ai/DeepSeek-R1-Distill-Qwen-7B,unconstrained_raw,imp,imp:branching,6,0.0,0.0,0.0,0.0,100.0,0.0,0.0,0.0,0.0,132.67,3.02
local,deepseek-ai/DeepSeek-R1-Distill-Qwen-7B,unconstrained_raw,imp,imp:loops,4,0.0,0.0,0.0,0.0,100.0,0.0,0.0,0.0,0.0,136.25,3.09
local,deepseek-ai/DeepSeek-R1-Distill-Qwen-7B,unconstrained_raw,imp,imp:mixed_control,2,0.0,0.0,0.0,0.0,100.0,0.0,0.0,0.0,0.0,113.5,2.58
local,deepseek-ai/DeepSeek-R1-Distill-Qwen-7B,unconstrained_raw,imp,imp:nested_branching,3,0.0,0.0,0.0,0.0,100.0,0.0,0.0,0.0,0.0,132.33,3.0
local,deepseek-ai/DeepSeek-R1-Distill-Qwen-7B,unconstrained_raw,imp,imp:sequence,3,0.0,0.0,0.0,0.0,100.0,0.0,0.0,0.0,0.0,109.33,2.48
local,deepseek-ai/DeepSeek-R1-Distill-Qwen-7B,unconstrained_raw,imp,imp:while_loop,3,0.0,0.0,0.0,0.0,100.0,0.0,0.0,0.0,0.0,106.67,2.42
local,deepseek-ai/DeepSeek-R1-Distill-Qwen-7B,unconstrained_raw,stlc,stlc:logic_application,2,0.0,0.0,0.0,0.0,100.0,0.0,0.0,0.0,0.0,116.0,2.63
local,deepseek-ai/DeepSeek-R1-Distill-Qwen-7B,unconstrained_raw,stlc,stlc:logic_argument_order,1,0.0,0.0,0.0,0.0,100.0,0.0,0.0,0.0,0.0,96.0,2.18
local,deepseek-ai/DeepSeek-R1-Distill-Qwen-7B,unconstrained_raw,stlc,stlc:logic_choice,2,0.0,0.0,0.0,0.0,100.0,0.0,0.0,0.0,0.0,5.5,0.17
local,deepseek-ai/DeepSeek-R1-Distill-Qwen-7B,unconstrained_raw,stlc,stlc:logic_composition,6,0.0,0.0,0.0,0.0,100.0,0.0,0.0,0.0,0.0,109.33,2.48
local,deepseek-ai/DeepSeek-R1-Distill-Qwen-7B,unconstrained_raw,stlc,stlc:logic_continuation,1,0.0,0.0,0.0,0.0,100.0,0.0,0.0,0.0,0.0,96.0,2.18
local,deepseek-ai/DeepSeek-R1-Distill-Qwen-7B,unconstrained_raw,stlc,stlc:logic_contraction,2,0.0,0.0,0.0,0.0,100.0,0.0,0.0,0.0,0.0,66.0,1.52
local,deepseek-ai/DeepSeek-R1-Distill-Qwen-7B,unconstrained_raw,stlc,stlc:logic_elimination,1,0.0,0.0,0.0,0.0,100.0,0.0,0.0,0.0,0.0,72.0,1.64
local,deepseek-ai/DeepSeek-R1-Distill-Qwen-7B,unconstrained_raw,stlc,stlc:logic_eta,1,0.0,0.0,0.0,0.0,100.0,0.0,0.0,0.0,0.0,64.0,1.46
local,deepseek-ai/DeepSeek-R1-Distill-Qwen-7B,unconstrained_raw,stlc,stlc:logic_function_result,1,0.0,0.0,0.0,0.0,100.0,0.0,0.0,0.0,0.0,56.0,1.28
local,deepseek-ai/DeepSeek-R1-Distill-Qwen-7B,unconstrained_raw,stlc,stlc:logic_higher_order,3,0.0,0.0,0.0,0.0,100.0,0.0,0.0,0.0,0.0,48.0,1.1
local,deepseek-ai/DeepSeek-R1-Distill-Qwen-7B,unconstrained_raw,stlc,stlc:logic_identity,2,0.0,0.0,0.0,0.0,100.0,0.0,0.0,0.0,0.0,32.0,0.74
local,deepseek-ai/DeepSeek-R1-Distill-Qwen-7B,unconstrained_raw,stlc,stlc:logic_modus_ponens,2,0.0,0.0,0.0,0.0,100.0,0.0,0.0,0.0,0.0,37.0,0.87
local,deepseek-ai/DeepSeek-R1-Distill-Qwen-7B,unconstrained_raw,stlc,stlc:logic_pipeline,1,0.0,0.0,0.0,0.0,100.0,0.0,0.0,0.0,0.0,104.0,2.36
local,deepseek-ai/DeepSeek-R1-Distill-Qwen-7B,unconstrained_raw,stlc,stlc:logic_projection,1,0.0,0.0,0.0,0.0,100.0,0.0,0.0,0.0,0.0,72.0,1.64
local,deepseek-ai/DeepSeek-R1-Distill-Qwen-7B,unconstrained_raw,stlc,stlc:logic_repetition,2,0.0,0.0,0.0,0.0,100.0,0.0,0.0,0.0,0.0,80.0,1.82
local,deepseek-ai/DeepSeek-R1-Distill-Qwen-7B,unconstrained_raw,stlc,stlc:logic_substitution,2,0.0,0.0,0.0,0.0,100.0,0.0,0.0,0.0,0.0,73.5,1.69
local,deepseek-ai/DeepSeek-R1-Distill-Qwen-7B,unconstrained_raw,stlc,stlc:logic_weakening,3,0.0,0.0,0.0,0.0,100.0,0.0,0.0,0.0,0.0,53.33,1.22
local,microsoft/Phi-4-mini-instruct,constrained_direct,fun,fun:boolean,2,0.0,100.0,100.0,0.0,0.0,0.0,0.0,0.0,0.0,9.0,0.4
local,microsoft/Phi-4-mini-instruct,constrained_direct,fun,fun:function,4,0.0,75.0,75.0,0.0,0.0,25.0,0.0,0.0,0.0,58.0,94.64
local,microsoft/Phi-4-mini-instruct,constrained_direct,fun,fun:function_application,4,0.0,0.0,0.0,0.0,0.0,25.0,75.0,0.0,0.0,45.75,15.91
local,microsoft/Phi-4-mini-instruct,constrained_direct,fun,fun:function_arithmetic,12,0.0,66.67,66.67,0.0,0.0,8.33,25.0,0.0,0.0,28.58,2.33
local,microsoft/Phi-4-mini-instruct,constrained_direct,fun,fun:function_closure,2,0.0,0.0,0.0,0.0,0.0,50.0,50.0,0.0,0.0,110.5,7.77
local,microsoft/Phi-4-mini-instruct,constrained_direct,fun,fun:function_composition,2,0.0,50.0,50.0,0.0,0.0,0.0,50.0,0.0,0.0,33.5,1.48
local,microsoft/Phi-4-mini-instruct,constrained_direct,fun,fun:function_constant,1,0.0,0.0,0.0,0.0,0.0,0.0,100.0,0.0,0.0,9.0,0.38
local,microsoft/Phi-4-mini-instruct,constrained_direct,fun,fun:function_float,4,0.0,0.0,0.0,0.0,0.0,100.0,0.0,0.0,0.0,17.0,324.17
local,microsoft/Phi-4-mini-instruct,constrained_direct,fun,fun:function_higher_order,2,0.0,50.0,50.0,0.0,0.0,50.0,0.0,0.0,0.0,106.0,188.99
local,microsoft/Phi-4-mini-instruct,constrained_direct,imp,imp:arithmetic,2,0.0,50.0,50.0,0.0,0.0,50.0,0.0,0.0,0.0,46.5,2.03
local,microsoft/Phi-4-mini-instruct,constrained_direct,imp,imp:assignment,3,0.0,33.33,33.33,0.0,0.0,33.33,33.33,0.0,0.0,38.67,1.8
local,microsoft/Phi-4-mini-instruct,constrained_direct,imp,imp:boolean,2,0.0,0.0,0.0,0.0,0.0,0.0,100.0,0.0,0.0,3.5,0.18
local,microsoft/Phi-4-mini-instruct,constrained_direct,imp,imp:branching,6,0.0,0.0,0.0,0.0,0.0,16.67,83.33,0.0,0.0,38.83,44.78
local,microsoft/Phi-4-mini-instruct,constrained_direct,imp,imp:loops,4,0.0,25.0,25.0,0.0,0.0,0.0,75.0,0.0,0.0,43.75,1.74
local,microsoft/Phi-4-mini-instruct,constrained_direct,imp,imp:mixed_control,2,0.0,0.0,0.0,0.0,0.0,0.0,100.0,0.0,0.0,23.0,0.94
local,microsoft/Phi-4-mini-instruct,constrained_direct,imp,imp:nested_branching,3,0.0,33.33,33.33,0.0,0.0,0.0,66.67,0.0,0.0,56.67,2.3
local,microsoft/Phi-4-mini-instruct,constrained_direct,imp,imp:sequence,3,0.0,33.33,33.33,0.0,0.0,33.33,33.33,0.0,0.0,49.33,2.16
local,microsoft/Phi-4-mini-instruct,constrained_direct,imp,imp:while_loop,3,0.0,100.0,100.0,0.0,0.0,0.0,0.0,0.0,0.0,20.67,0.81
local,microsoft/Phi-4-mini-instruct,constrained_direct,stlc,stlc:logic_application,2,0.0,0.0,0.0,0.0,0.0,100.0,0.0,0.0,0.0,104.0,303.98
local,microsoft/Phi-4-mini-instruct,constrained_direct,stlc,stlc:logic_argument_order,1,0.0,0.0,0.0,0.0,0.0,100.0,0.0,0.0,0.0,55.0,600.01
local,microsoft/Phi-4-mini-instruct,constrained_direct,stlc,stlc:logic_choice,2,0.0,0.0,0.0,0.0,0.0,100.0,0.0,0.0,0.0,80.0,3.48
local,microsoft/Phi-4-mini-instruct,constrained_direct,stlc,stlc:logic_composition,6,0.0,16.67,16.67,0.0,0.0,83.33,0.0,0.0,0.0,36.33,263.28
local,microsoft/Phi-4-mini-instruct,constrained_direct,stlc,stlc:logic_continuation,1,0.0,100.0,100.0,0.0,0.0,0.0,0.0,0.0,0.0,16.0,0.64
local,microsoft/Phi-4-mini-instruct,constrained_direct,stlc,stlc:logic_contraction,2,0.0,0.0,0.0,0.0,0.0,50.0,50.0,0.0,0.0,49.0,300.26
local,microsoft/Phi-4-mini-instruct,constrained_direct,stlc,stlc:logic_elimination,1,0.0,0.0,0.0,0.0,0.0,100.0,0.0,0.0,0.0,46.0,583.89
local,microsoft/Phi-4-mini-instruct,constrained_direct,stlc,stlc:logic_eta,1,0.0,100.0,100.0,0.0,0.0,0.0,0.0,0.0,0.0,8.0,0.34
local,microsoft/Phi-4-mini-instruct,constrained_direct,stlc,stlc:logic_function_result,1,0.0,0.0,0.0,0.0,0.0,100.0,0.0,0.0,0.0,56.0,2.37
local,microsoft/Phi-4-mini-instruct,constrained_direct,stlc,stlc:logic_higher_order,3,0.0,0.0,0.0,0.0,0.0,66.67,33.33,0.0,0.0,24.33,147.59
local,microsoft/Phi-4-mini-instruct,constrained_direct,stlc,stlc:logic_identity,2,0.0,0.0,0.0,0.0,0.0,50.0,50.0,0.0,0.0,13.0,147.61
local,microsoft/Phi-4-mini-instruct,constrained_direct,stlc,stlc:logic_modus_ponens,2,0.0,50.0,50.0,0.0,0.0,50.0,0.0,0.0,0.0,20.5,261.11
local,microsoft/Phi-4-mini-instruct,constrained_direct,stlc,stlc:logic_pipeline,1,0.0,0.0,0.0,0.0,0.0,100.0,0.0,0.0,0.0,13.0,153.06
local,microsoft/Phi-4-mini-instruct,constrained_direct,stlc,stlc:logic_projection,1,0.0,100.0,100.0,0.0,0.0,0.0,0.0,0.0,0.0,9.0,0.37
local,microsoft/Phi-4-mini-instruct,constrained_direct,stlc,stlc:logic_repetition,2,0.0,50.0,50.0,0.0,0.0,50.0,0.0,0.0,0.0,42.0,1.77
local,microsoft/Phi-4-mini-instruct,constrained_direct,stlc,stlc:logic_substitution,2,0.0,0.0,0.0,0.0,0.0,100.0,0.0,0.0,0.0,14.0,194.64
local,microsoft/Phi-4-mini-instruct,constrained_direct,stlc,stlc:logic_weakening,3,0.0,0.0,0.0,0.0,0.0,66.67,33.33,0.0,0.0,23.0,297.4
local,microsoft/Phi-4-mini-instruct,constrained_mixed,fun,fun:boolean,2,0.0,50.0,50.0,0.0,0.0,0.0,50.0,0.0,0.0,97.0,2.86
local,microsoft/Phi-4-mini-instruct,constrained_mixed,fun,fun:function,4,0.0,0.0,0.0,0.0,0.0,25.0,75.0,0.0,0.0,108.0,152.18
local,microsoft/Phi-4-mini-instruct,constrained_mixed,fun,fun:function_application,4,0.0,25.0,25.0,0.0,0.0,75.0,0.0,0.0,0.0,228.5,132.31
local,microsoft/Phi-4-mini-instruct,constrained_mixed,fun,fun:function_arithmetic,12,0.0,25.0,25.0,0.0,0.0,16.67,58.33,0.0,0.0,100.08,53.34
local,microsoft/Phi-4-mini-instruct,constrained_mixed,fun,fun:function_closure,2,0.0,0.0,0.0,0.0,0.0,100.0,0.0,0.0,0.0,478.0,83.44
local,microsoft/Phi-4-mini-instruct,constrained_mixed,fun,fun:function_composition,2,0.0,0.0,0.0,0.0,0.0,50.0,50.0,0.0,0.0,255.5,65.33
local,microsoft/Phi-4-mini-instruct,constrained_mixed,fun,fun:function_constant,1,0.0,0.0,0.0,0.0,0.0,0.0,100.0,0.0,0.0,75.0,2.25
local,microsoft/Phi-4-mini-instruct,constrained_mixed,fun,fun:function_float,4,0.0,0.0,0.0,0.0,0.0,100.0,0.0,0.0,0.0,109.25,257.1
local,microsoft/Phi-4-mini-instruct,constrained_mixed,fun,fun:function_higher_order,2,0.0,0.0,0.0,0.0,0.0,100.0,0.0,0.0,0.0,202.5,327.97
local,microsoft/Phi-4-mini-instruct,constrained_mixed,imp,imp:arithmetic,2,0.0,50.0,50.0,0.0,0.0,50.0,0.0,0.0,0.0,84.5,3.07
local,microsoft/Phi-4-mini-instruct,constrained_mixed,imp,imp:assignment,3,0.0,66.67,66.67,0.0,0.0,0.0,33.33,0.0,0.0,78.33,2.28
local,microsoft/Phi-4-mini-instruct,constrained_mixed,imp,imp:boolean,2,0.0,50.0,50.0,0.0,0.0,0.0,50.0,0.0,0.0,96.0,3.09
local,microsoft/Phi-4-mini-instruct,constrained_mixed,imp,imp:branching,6,0.0,0.0,0.0,0.0,0.0,66.67,33.33,0.0,0.0,232.5,9.92
local,microsoft/Phi-4-mini-instruct,constrained_mixed,imp,imp:loops,4,0.0,25.0,25.0,0.0,0.0,25.0,50.0,0.0,0.0,200.75,7.03
local,microsoft/Phi-4-mini-instruct,constrained_mixed,imp,imp:mixed_control,2,0.0,0.0,0.0,0.0,0.0,50.0,50.0,0.0,0.0,471.0,15.46
local,microsoft/Phi-4-mini-instruct,constrained_mixed,imp,imp:nested_branching,3,0.0,0.0,0.0,0.0,0.0,0.0,100.0,0.0,0.0,127.33,3.87
local,microsoft/Phi-4-mini-instruct,constrained_mixed,imp,imp:sequence,3,0.0,66.67,66.67,0.0,0.0,0.0,33.33,0.0,0.0,109.0,3.23
local,microsoft/Phi-4-mini-instruct,constrained_mixed,imp,imp:while_loop,3,0.0,100.0,100.0,0.0,0.0,0.0,0.0,0.0,0.0,86.33,2.62
local,microsoft/Phi-4-mini-instruct,constrained_mixed,stlc,stlc:logic_application,2,0.0,0.0,0.0,0.0,0.0,100.0,0.0,0.0,0.0,154.5,99.69
local,microsoft/Phi-4-mini-instruct,constrained_mixed,stlc,stlc:logic_argument_order,1,0.0,0.0,0.0,0.0,0.0,100.0,0.0,0.0,0.0,179.0,8.18
local,microsoft/Phi-4-mini-instruct,constrained_mixed,stlc,stlc:logic_choice,2,0.0,0.0,0.0,0.0,0.0,100.0,0.0,0.0,0.0,69.5,252.8
local,microsoft/Phi-4-mini-instruct,constrained_mixed,stlc,stlc:logic_composition,6,0.0,16.67,16.67,0.0,0.0,66.67,16.67,0.0,0.0,173.5,99.93
local,microsoft/Phi-4-mini-instruct,constrained_mixed,stlc,stlc:logic_continuation,1,0.0,0.0,0.0,0.0,0.0,100.0,0.0,0.0,0.0,169.0,7.59
local,microsoft/Phi-4-mini-instruct,constrained_mixed,stlc,stlc:logic_contraction,2,0.0,0.0,0.0,0.0,0.0,100.0,0.0,0.0,0.0,156.5,132.36
local,microsoft/Phi-4-mini-instruct,constrained_mixed,stlc,stlc:logic_elimination,1,0.0,100.0,100.0,0.0,0.0,0.0,0.0,0.0,0.0,84.0,2.39
local,microsoft/Phi-4-mini-instruct,constrained_mixed,stlc,stlc:logic_eta,1,0.0,0.0,0.0,0.0,0.0,100.0,0.0,0.0,0.0,130.0,4.71
local,microsoft/Phi-4-mini-instruct,constrained_mixed,stlc,stlc:logic_function_result,1,0.0,100.0,100.0,0.0,0.0,0.0,0.0,0.0,0.0,103.0,2.88
local,microsoft/Phi-4-mini-instruct,constrained_mixed,stlc,stlc:logic_higher_order,3,0.0,0.0,0.0,0.0,0.0,66.67,33.33,0.0,0.0,86.33,2.89
local,microsoft/Phi-4-mini-instruct,constrained_mixed,stlc,stlc:logic_identity,2,0.0,100.0,100.0,0.0,0.0,0.0,0.0,0.0,0.0,37.0,1.09
local,microsoft/Phi-4-mini-instruct,constrained_mixed,stlc,stlc:logic_modus_ponens,2,0.0,100.0,100.0,0.0,0.0,0.0,0.0,0.0,0.0,72.0,2.07
local,microsoft/Phi-4-mini-instruct,constrained_mixed,stlc,stlc:logic_pipeline,1,0.0,0.0,0.0,0.0,0.0,100.0,0.0,0.0,0.0,162.0,6.52
local,microsoft/Phi-4-mini-instruct,constrained_mixed,stlc,stlc:logic_projection,1,0.0,0.0,0.0,0.0,0.0,0.0,100.0,0.0,0.0,51.0,1.66
local,microsoft/Phi-4-mini-instruct,constrained_mixed,stlc,stlc:logic_repetition,2,0.0,100.0,100.0,0.0,0.0,0.0,0.0,0.0,0.0,75.5,2.19
local,microsoft/Phi-4-mini-instruct,constrained_mixed,stlc,stlc:logic_substitution,2,0.0,0.0,0.0,0.0,0.0,100.0,0.0,0.0,0.0,176.5,103.07
local,microsoft/Phi-4-mini-instruct,constrained_mixed,stlc,stlc:logic_weakening,3,0.0,0.0,0.0,0.0,0.0,33.33,66.67,0.0,0.0,79.67,105.61
local,microsoft/Phi-4-mini-instruct,unconstrained,fun,fun:boolean,2,0.0,0.0,0.0,0.0,100.0,0.0,0.0,0.0,0.0,6.0,0.19
local,microsoft/Phi-4-mini-instruct,unconstrained,fun,fun:function,4,25.0,75.0,75.0,0.0,25.0,0.0,0.0,0.0,0.0,14.0,0.41
local,microsoft/Phi-4-mini-instruct,unconstrained,fun,fun:function_application,4,25.0,25.0,25.0,0.0,0.0,0.0,75.0,0.0,0.0,27.25,0.77
local,microsoft/Phi-4-mini-instruct,unconstrained,fun,fun:function_arithmetic,12,25.0,50.0,50.0,0.0,33.33,0.0,16.67,0.0,0.0,15.67,0.45
local,microsoft/Phi-4-mini-instruct,unconstrained,fun,fun:function_closure,2,0.0,0.0,0.0,0.0,50.0,0.0,50.0,0.0,0.0,48.5,1.32
local,microsoft/Phi-4-mini-instruct,unconstrained,fun,fun:function_composition,2,0.0,0.0,0.0,0.0,50.0,0.0,50.0,0.0,0.0,17.5,0.51
local,microsoft/Phi-4-mini-instruct,unconstrained,fun,fun:function_constant,1,0.0,100.0,100.0,0.0,0.0,0.0,0.0,0.0,0.0,10.0,0.3
local,microsoft/Phi-4-mini-instruct,unconstrained,fun,fun:function_float,4,0.0,0.0,0.0,0.0,50.0,0.0,50.0,0.0,0.0,28.5,0.79
local,microsoft/Phi-4-mini-instruct,unconstrained,fun,fun:function_higher_order,2,0.0,0.0,0.0,0.0,0.0,0.0,100.0,0.0,0.0,22.0,0.62
local,microsoft/Phi-4-mini-instruct,unconstrained,imp,imp:arithmetic,2,0.0,0.0,0.0,0.0,100.0,0.0,0.0,0.0,0.0,16.5,0.47
local,microsoft/Phi-4-mini-instruct,unconstrained,imp,imp:assignment,3,66.67,66.67,66.67,0.0,33.33,0.0,0.0,0.0,0.0,15.67,0.45
local,microsoft/Phi-4-mini-instruct,unconstrained,imp,imp:boolean,2,0.0,50.0,50.0,0.0,0.0,0.0,50.0,0.0,0.0,15.0,0.43
local,microsoft/Phi-4-mini-instruct,unconstrained,imp,imp:branching,6,0.0,0.0,0.0,0.0,83.33,0.0,16.67,0.0,0.0,45.33,1.24
local,microsoft/Phi-4-mini-instruct,unconstrained,imp,imp:loops,4,0.0,0.0,0.0,0.0,100.0,0.0,0.0,0.0,0.0,46.75,1.28
local,microsoft/Phi-4-mini-instruct,unconstrained,imp,imp:mixed_control,2,0.0,0.0,0.0,0.0,100.0,0.0,0.0,0.0,0.0,77.5,2.1
local,microsoft/Phi-4-mini-instruct,unconstrained,imp,imp:nested_branching,3,0.0,0.0,0.0,0.0,66.67,0.0,33.33,0.0,0.0,76.67,2.08
local,microsoft/Phi-4-mini-instruct,unconstrained,imp,imp:sequence,3,0.0,66.67,66.67,0.0,33.33,0.0,0.0,0.0,0.0,25.0,0.7
local,microsoft/Phi-4-mini-instruct,unconstrained,imp,imp:while_loop,3,33.33,33.33,33.33,0.0,33.33,0.0,33.33,0.0,0.0,29.33,0.81
local,microsoft/Phi-4-mini-instruct,unconstrained,stlc,stlc:logic_application,2,0.0,0.0,0.0,0.0,50.0,0.0,50.0,0.0,0.0,13.0,0.38
local,microsoft/Phi-4-mini-instruct,unconstrained,stlc,stlc:logic_argument_order,1,0.0,0.0,0.0,0.0,100.0,0.0,0.0,0.0,0.0,11.0,0.32
local,microsoft/Phi-4-mini-instruct,unconstrained,stlc,stlc:logic_choice,2,0.0,0.0,0.0,0.0,100.0,0.0,0.0,0.0,0.0,16.5,0.47
local,microsoft/Phi-4-mini-instruct,unconstrained,stlc,stlc:logic_composition,6,0.0,16.67,16.67,0.0,50.0,0.0,33.33,0.0,0.0,17.33,0.49
local,microsoft/Phi-4-mini-instruct,unconstrained,stlc,stlc:logic_continuation,1,0.0,0.0,0.0,0.0,100.0,0.0,0.0,0.0,0.0,96.0,2.57
local,microsoft/Phi-4-mini-instruct,unconstrained,stlc,stlc:logic_contraction,2,0.0,50.0,50.0,0.0,50.0,0.0,0.0,0.0,0.0,13.5,0.39
local,microsoft/Phi-4-mini-instruct,unconstrained,stlc,stlc:logic_elimination,1,0.0,100.0,100.0,0.0,0.0,0.0,0.0,0.0,0.0,9.0,0.27
local,microsoft/Phi-4-mini-instruct,unconstrained,stlc,stlc:logic_eta,1,0.0,0.0,0.0,0.0,0.0,0.0,100.0,0.0,0.0,3.0,0.11
local,microsoft/Phi-4-mini-instruct,unconstrained,stlc,stlc:logic_function_result,1,0.0,100.0,100.0,0.0,0.0,0.0,0.0,0.0,0.0,6.0,0.19
local,microsoft/Phi-4-mini-instruct,unconstrained,stlc,stlc:logic_higher_order,3,66.67,66.67,66.67,0.0,0.0,0.0,33.33,0.0,0.0,14.67,0.41
local,microsoft/Phi-4-mini-instruct,unconstrained,stlc,stlc:logic_identity,2,0.0,100.0,100.0,0.0,0.0,0.0,0.0,0.0,0.0,1.5,0.07
local,microsoft/Phi-4-mini-instruct,unconstrained,stlc,stlc:logic_modus_ponens,2,0.0,0.0,0.0,0.0,0.0,0.0,100.0,0.0,0.0,33.5,0.91
local,microsoft/Phi-4-mini-instruct,unconstrained,stlc,stlc:logic_pipeline,1,0.0,0.0,0.0,0.0,100.0,0.0,0.0,0.0,0.0,104.0,2.77
local,microsoft/Phi-4-mini-instruct,unconstrained,stlc,stlc:logic_projection,1,0.0,100.0,100.0,0.0,0.0,0.0,0.0,0.0,0.0,11.0,0.32
local,microsoft/Phi-4-mini-instruct,unconstrained,stlc,stlc:logic_repetition,2,50.0,50.0,50.0,0.0,50.0,0.0,0.0,0.0,0.0,17.0,0.49
local,microsoft/Phi-4-mini-instruct,unconstrained,stlc,stlc:logic_substitution,2,0.0,0.0,0.0,0.0,100.0,0.0,0.0,0.0,0.0,10.5,0.31
local,microsoft/Phi-4-mini-instruct,unconstrained,stlc,stlc:logic_weakening,3,66.67,66.67,66.67,0.0,0.0,0.0,33.33,0.0,0.0,31.67,0.87
local,microsoft/Phi-4-mini-instruct,unconstrained_raw,fun,fun:boolean,2,0.0,100.0,100.0,0.0,0.0,0.0,0.0,0.0,0.0,10.0,0.3
local,microsoft/Phi-4-mini-instruct,unconstrained_raw,fun,fun:function,4,0.0,25.0,25.0,0.0,75.0,0.0,0.0,0.0,0.0,51.75,1.4
local,microsoft/Phi-4-mini-instruct,unconstrained_raw,fun,fun:function_application,4,0.0,0.0,0.0,0.0,100.0,0.0,0.0,0.0,0.0,61.75,1.68
local,microsoft/Phi-4-mini-instruct,unconstrained_raw,fun,fun:function_arithmetic,12,8.33,25.0,25.0,0.0,58.33,16.67,0.0,0.0,0.0,29.5,0.81
local,microsoft/Phi-4-mini-instruct,unconstrained_raw,fun,fun:function_closure,2,0.0,0.0,0.0,0.0,100.0,0.0,0.0,0.0,0.0,208.0,5.52
local,microsoft/Phi-4-mini-instruct,unconstrained_raw,fun,fun:function_composition,2,0.0,0.0,0.0,0.0,100.0,0.0,0.0,0.0,0.0,32.5,0.89
local,microsoft/Phi-4-mini-instruct,unconstrained_raw,fun,fun:function_constant,1,0.0,100.0,100.0,0.0,0.0,0.0,0.0,0.0,0.0,11.0,0.33
local,microsoft/Phi-4-mini-instruct,unconstrained_raw,fun,fun:function_float,4,0.0,0.0,0.0,0.0,100.0,0.0,0.0,0.0,0.0,49.75,1.34
local,microsoft/Phi-4-mini-instruct,unconstrained_raw,fun,fun:function_higher_order,2,0.0,0.0,0.0,0.0,100.0,0.0,0.0,0.0,0.0,41.0,1.12
local,microsoft/Phi-4-mini-instruct,unconstrained_raw,imp,imp:arithmetic,2,0.0,0.0,0.0,0.0,100.0,0.0,0.0,0.0,0.0,80.0,2.13
local,microsoft/Phi-4-mini-instruct,unconstrained_raw,imp,imp:assignment,3,33.33,33.33,33.33,0.0,66.67,0.0,0.0,0.0,0.0,62.33,1.67
local,microsoft/Phi-4-mini-instruct,unconstrained_raw,imp,imp:boolean,2,0.0,0.0,0.0,0.0,100.0,0.0,0.0,0.0,0.0,53.5,1.44
local,microsoft/Phi-4-mini-instruct,unconstrained_raw,imp,imp:branching,6,0.0,0.0,0.0,0.0,100.0,0.0,0.0,0.0,0.0,84.17,2.26
local,microsoft/Phi-4-mini-instruct,unconstrained_raw,imp,imp:loops,4,0.0,0.0,0.0,0.0,100.0,0.0,0.0,0.0,0.0,135.5,3.61
local,microsoft/Phi-4-mini-instruct,unconstrained_raw,imp,imp:mixed_control,2,0.0,0.0,0.0,0.0,100.0,0.0,0.0,0.0,0.0,37.0,1.01
local,microsoft/Phi-4-mini-instruct,unconstrained_raw,imp,imp:nested_branching,3,0.0,0.0,0.0,0.0,100.0,0.0,0.0,0.0,0.0,144.33,3.84
local,microsoft/Phi-4-mini-instruct,unconstrained_raw,imp,imp:sequence,3,0.0,0.0,0.0,0.0,100.0,0.0,0.0,0.0,0.0,48.67,1.32
local,microsoft/Phi-4-mini-instruct,unconstrained_raw,imp,imp:while_loop,3,0.0,0.0,0.0,0.0,100.0,0.0,0.0,0.0,0.0,58.67,1.58
local,microsoft/Phi-4-mini-instruct,unconstrained_raw,stlc,stlc:logic_application,2,0.0,0.0,0.0,0.0,100.0,0.0,0.0,0.0,0.0,53.5,1.45
local,microsoft/Phi-4-mini-instruct,unconstrained_raw,stlc,stlc:logic_argument_order,1,0.0,0.0,0.0,0.0,100.0,0.0,0.0,0.0,0.0,96.0,2.55
local,microsoft/Phi-4-mini-instruct,unconstrained_raw,stlc,stlc:logic_choice,2,0.0,0.0,0.0,0.0,100.0,0.0,0.0,0.0,0.0,80.0,2.13
local,microsoft/Phi-4-mini-instruct,unconstrained_raw,stlc,stlc:logic_composition,6,0.0,0.0,0.0,0.0,100.0,0.0,0.0,0.0,0.0,70.5,1.89
local,microsoft/Phi-4-mini-instruct,unconstrained_raw,stlc,stlc:logic_continuation,1,0.0,0.0,0.0,0.0,100.0,0.0,0.0,0.0,0.0,96.0,2.55
local,microsoft/Phi-4-mini-instruct,unconstrained_raw,stlc,stlc:logic_contraction,2,0.0,0.0,0.0,0.0,100.0,0.0,0.0,0.0,0.0,112.0,2.98
local,microsoft/Phi-4-mini-instruct,unconstrained_raw,stlc,stlc:logic_elimination,1,0.0,0.0,0.0,0.0,100.0,0.0,0.0,0.0,0.0,6.0,0.19
local,microsoft/Phi-4-mini-instruct,unconstrained_raw,stlc,stlc:logic_eta,1,0.0,0.0,0.0,0.0,100.0,0.0,0.0,0.0,0.0,12.0,0.35
local,microsoft/Phi-4-mini-instruct,unconstrained_raw,stlc,stlc:logic_function_result,1,0.0,0.0,0.0,0.0,100.0,0.0,0.0,0.0,0.0,10.0,0.3
local,microsoft/Phi-4-mini-instruct,unconstrained_raw,stlc,stlc:logic_higher_order,3,0.0,0.0,0.0,0.0,100.0,0.0,0.0,0.0,0.0,36.67,1.0
local,microsoft/Phi-4-mini-instruct,unconstrained_raw,stlc,stlc:logic_identity,2,0.0,0.0,0.0,0.0,50.0,0.0,50.0,0.0,0.0,6.0,0.19
local,microsoft/Phi-4-mini-instruct,unconstrained_raw,stlc,stlc:logic_modus_ponens,2,0.0,0.0,0.0,0.0,100.0,0.0,0.0,0.0,0.0,40.0,1.09
local,microsoft/Phi-4-mini-instruct,unconstrained_raw,stlc,stlc:logic_pipeline,1,0.0,0.0,0.0,0.0,100.0,0.0,0.0,0.0,0.0,104.0,2.76
local,microsoft/Phi-4-mini-instruct,unconstrained_raw,stlc,stlc:logic_projection,1,0.0,0.0,0.0,0.0,100.0,0.0,0.0,0.0,0.0,72.0,1.92
local,microsoft/Phi-4-mini-instruct,unconstrained_raw,stlc,stlc:logic_repetition,2,0.0,0.0,0.0,0.0,50.0,50.0,0.0,0.0,0.0,36.5,1.0
local,microsoft/Phi-4-mini-instruct,unconstrained_raw,stlc,stlc:logic_substitution,2,0.0,0.0,0.0,0.0,100.0,0.0,0.0,0.0,0.0,128.0,3.4
local,microsoft/Phi-4-mini-instruct,unconstrained_raw,stlc,stlc:logic_weakening,3,0.0,33.33,33.33,0.0,66.67,0.0,0.0,0.0,0.0,22.67,0.63
openrouter,google/gemma-4-31b-it,unconstrained,fun,fun:boolean,2,0.0,100.0,100.0,0.0,0.0,0.0,0.0,0.0,0.0,14.5,2.06
openrouter,google/gemma-4-31b-it,unconstrained,fun,fun:function,4,25.0,100.0,100.0,0.0,0.0,0.0,0.0,0.0,0.0,26.5,5.39
openrouter,google/gemma-4-31b-it,unconstrained,fun,fun:function_application,4,25.0,50.0,50.0,0.0,0.0,0.0,50.0,0.0,0.0,36.75,7.96
openrouter,google/gemma-4-31b-it,unconstrained,fun,fun:function_arithmetic,12,66.67,100.0,100.0,0.0,0.0,0.0,0.0,0.0,0.0,28.08,6.7
openrouter,google/gemma-4-31b-it,unconstrained,fun,fun:function_closure,2,0.0,50.0,50.0,0.0,0.0,0.0,50.0,0.0,0.0,62.5,2.88
openrouter,google/gemma-4-31b-it,unconstrained,fun,fun:function_composition,2,100.0,100.0,100.0,0.0,0.0,0.0,0.0,0.0,0.0,58.0,2.87
openrouter,google/gemma-4-31b-it,unconstrained,fun,fun:function_constant,1,0.0,100.0,100.0,0.0,0.0,0.0,0.0,0.0,0.0,19.0,12.08
openrouter,google/gemma-4-31b-it,unconstrained,fun,fun:function_float,4,0.0,0.0,0.0,0.0,0.0,0.0,100.0,0.0,0.0,32.5,4.2
openrouter,google/gemma-4-31b-it,unconstrained,fun,fun:function_higher_order,2,50.0,50.0,50.0,0.0,0.0,0.0,50.0,0.0,0.0,43.0,9.36
openrouter,google/gemma-4-31b-it,unconstrained,imp,imp:arithmetic,2,0.0,50.0,50.0,0.0,0.0,0.0,50.0,0.0,0.0,21.0,3.96
openrouter,google/gemma-4-31b-it,unconstrained,imp,imp:assignment,3,33.33,66.67,66.67,0.0,0.0,0.0,33.33,0.0,0.0,19.67,2.46
openrouter,google/gemma-4-31b-it,unconstrained,imp,imp:boolean,2,0.0,100.0,100.0,0.0,0.0,0.0,0.0,0.0,0.0,23.5,2.65
openrouter,google/gemma-4-31b-it,unconstrained,imp,imp:branching,6,0.0,0.0,0.0,0.0,16.67,0.0,83.33,0.0,0.0,65.5,6.56
openrouter,google/gemma-4-31b-it,unconstrained,imp,imp:loops,4,0.0,0.0,0.0,0.0,100.0,0.0,0.0,0.0,0.0,58.75,5.49
openrouter,google/gemma-4-31b-it,unconstrained,imp,imp:mixed_control,2,0.0,0.0,0.0,0.0,100.0,0.0,0.0,0.0,0.0,56.5,6.31
openrouter,google/gemma-4-31b-it,unconstrained,imp,imp:nested_branching,3,33.33,66.67,66.67,0.0,0.0,0.0,33.33,0.0,0.0,75.0,5.62
openrouter,google/gemma-4-31b-it,unconstrained,imp,imp:sequence,3,0.0,33.33,33.33,0.0,0.0,0.0,66.67,0.0,0.0,37.33,6.0
openrouter,google/gemma-4-31b-it,unconstrained,imp,imp:while_loop,3,66.67,100.0,100.0,0.0,0.0,0.0,0.0,0.0,0.0,30.67,6.39
openrouter,google/gemma-4-31b-it,unconstrained,stlc,stlc:logic_application,2,0.0,100.0,100.0,0.0,0.0,0.0,0.0,0.0,0.0,29.5,6.47
openrouter,google/gemma-4-31b-it,unconstrained,stlc,stlc:logic_argument_order,1,0.0,100.0,100.0,0.0,0.0,0.0,0.0,0.0,0.0,24.0,4.73
openrouter,google/gemma-4-31b-it,unconstrained,stlc,stlc:logic_choice,2,100.0,100.0,100.0,0.0,0.0,0.0,0.0,0.0,0.0,23.0,4.83
openrouter,google/gemma-4-31b-it,unconstrained,stlc,stlc:logic_composition,6,33.33,100.0,100.0,0.0,0.0,0.0,0.0,0.0,0.0,29.33,4.86
openrouter,google/gemma-4-31b-it,unconstrained,stlc,stlc:logic_continuation,1,0.0,100.0,100.0,0.0,0.0,0.0,0.0,0.0,0.0,25.0,3.23
openrouter,google/gemma-4-31b-it,unconstrained,stlc,stlc:logic_contraction,2,0.0,100.0,100.0,0.0,0.0,0.0,0.0,0.0,0.0,25.0,8.6
openrouter,google/gemma-4-31b-it,unconstrained,stlc,stlc:logic_elimination,1,0.0,100.0,100.0,0.0,0.0,0.0,0.0,0.0,0.0,16.0,3.06
openrouter,google/gemma-4-31b-it,unconstrained,stlc,stlc:logic_eta,1,0.0,100.0,100.0,0.0,0.0,0.0,0.0,0.0,0.0,16.0,12.75
openrouter,google/gemma-4-31b-it,unconstrained,stlc,stlc:logic_function_result,1,100.0,100.0,100.0,0.0,0.0,0.0,0.0,0.0,0.0,12.0,3.08
openrouter,google/gemma-4-31b-it,unconstrained,stlc,stlc:logic_higher_order,3,100.0,100.0,100.0,0.0,0.0,0.0,0.0,0.0,0.0,10.67,5.67
openrouter,google/gemma-4-31b-it,unconstrained,stlc,stlc:logic_identity,2,100.0,100.0,100.0,0.0,0.0,0.0,0.0,0.0,0.0,7.0,7.35
openrouter,google/gemma-4-31b-it,unconstrained,stlc,stlc:logic_modus_ponens,2,50.0,100.0,100.0,0.0,0.0,0.0,0.0,0.0,0.0,16.0,2.57
openrouter,google/gemma-4-31b-it,unconstrained,stlc,stlc:logic_pipeline,1,0.0,100.0,100.0,0.0,0.0,0.0,0.0,0.0,0.0,27.0,5.07
openrouter,google/gemma-4-31b-it,unconstrained,stlc,stlc:logic_projection,1,0.0,100.0,100.0,0.0,0.0,0.0,0.0,0.0,0.0,17.0,5.2
openrouter,google/gemma-4-31b-it,unconstrained,stlc,stlc:logic_repetition,2,50.0,100.0,100.0,0.0,0.0,0.0,0.0,0.0,0.0,19.0,7.94
openrouter,google/gemma-4-31b-it,unconstrained,stlc,stlc:logic_substitution,2,0.0,50.0,50.0,50.0,0.0,0.0,0.0,0.0,0.0,14.0,11.54
openrouter,google/gemma-4-31b-it,unconstrained,stlc,stlc:logic_weakening,3,33.33,100.0,100.0,0.0,0.0,0.0,0.0,0.0,0.0,12.67,10.86
openrouter,openai/gpt-5.3-codex,unconstrained,fun,fun:boolean,2,0.0,50.0,50.0,0.0,50.0,0.0,0.0,0.0,0.0,94.0,3.81
openrouter,openai/gpt-5.3-codex,unconstrained,fun,fun:function,4,0.0,0.0,0.0,0.0,0.0,100.0,0.0,0.0,0.0,132.0,5.27
openrouter,openai/gpt-5.3-codex,unconstrained,fun,fun:function_application,4,25.0,25.0,25.0,25.0,50.0,0.0,0.0,0.0,0.0,95.5,78.71
openrouter,openai/gpt-5.3-codex,unconstrained,fun,fun:function_arithmetic,12,8.33,8.33,8.33,8.33,50.0,25.0,8.33,0.0,0.0,117.17,6.09
openrouter,openai/gpt-5.3-codex,unconstrained,fun,fun:function_closure,2,0.0,0.0,0.0,0.0,100.0,0.0,0.0,0.0,0.0,208.0,5.1
openrouter,openai/gpt-5.3-codex,unconstrained,fun,fun:function_composition,2,0.0,0.0,0.0,100.0,0.0,0.0,0.0,0.0,0.0,0.0,20.02
openrouter,openai/gpt-5.3-codex,unconstrained,fun,fun:function_constant,1,0.0,0.0,0.0,0.0,100.0,0.0,0.0,0.0,0.0,96.0,14.92
openrouter,openai/gpt-5.3-codex,unconstrained,fun,fun:function_float,4,0.0,0.0,0.0,25.0,50.0,25.0,0.0,0.0,0.0,108.0,79.05
openrouter,openai/gpt-5.3-codex,unconstrained,fun,fun:function_higher_order,2,0.0,0.0,0.0,0.0,100.0,0.0,0.0,0.0,0.0,184.0,11.09
openrouter,openai/gpt-5.3-codex,unconstrained,imp,imp:arithmetic,2,0.0,0.0,0.0,0.0,100.0,0.0,0.0,0.0,0.0,80.0,4.07
openrouter,openai/gpt-5.3-codex,unconstrained,imp,imp:assignment,3,0.0,0.0,0.0,0.0,100.0,0.0,0.0,0.0,0.0,82.67,3.95
openrouter,openai/gpt-5.3-codex,unconstrained,imp,imp:boolean,2,0.0,0.0,0.0,0.0,100.0,0.0,0.0,0.0,0.0,80.0,3.6
openrouter,openai/gpt-5.3-codex,unconstrained,imp,imp:branching,6,0.0,0.0,0.0,0.0,100.0,0.0,0.0,0.0,0.0,165.33,7.35
openrouter,openai/gpt-5.3-codex,unconstrained,imp,imp:loops,4,0.0,0.0,0.0,0.0,100.0,0.0,0.0,0.0,0.0,172.0,5.64
openrouter,openai/gpt-5.3-codex,unconstrained,imp,imp:mixed_control,2,0.0,0.0,0.0,0.0,100.0,0.0,0.0,0.0,0.0,192.0,5.82
openrouter,openai/gpt-5.3-codex,unconstrained,imp,imp:nested_branching,3,0.0,0.0,0.0,0.0,100.0,0.0,0.0,0.0,0.0,176.0,28.95
openrouter,openai/gpt-5.3-codex,unconstrained,imp,imp:sequence,3,0.0,0.0,0.0,0.0,100.0,0.0,0.0,0.0,0.0,109.33,5.0
openrouter,openai/gpt-5.3-codex,unconstrained,imp,imp:while_loop,3,0.0,0.0,0.0,0.0,100.0,0.0,0.0,0.0,0.0,106.67,5.36
openrouter,openai/gpt-5.3-codex,unconstrained,stlc,stlc:logic_application,2,0.0,0.0,0.0,0.0,0.0,100.0,0.0,0.0,0.0,116.0,5.96
openrouter,openai/gpt-5.3-codex,unconstrained,stlc,stlc:logic_argument_order,1,0.0,0.0,0.0,0.0,100.0,0.0,0.0,0.0,0.0,96.0,7.21
openrouter,openai/gpt-5.3-codex,unconstrained,stlc,stlc:logic_choice,2,0.0,0.0,0.0,0.0,0.0,100.0,0.0,0.0,0.0,80.0,13.64
openrouter,openai/gpt-5.3-codex,unconstrained,stlc,stlc:logic_composition,6,0.0,0.0,0.0,0.0,83.33,16.67,0.0,0.0,0.0,109.33,7.57
openrouter,openai/gpt-5.3-codex,unconstrained,stlc,stlc:logic_continuation,1,0.0,0.0,0.0,0.0,100.0,0.0,0.0,0.0,0.0,96.0,11.73
openrouter,openai/gpt-5.3-codex,unconstrained,stlc,stlc:logic_contraction,2,50.0,50.0,50.0,0.0,50.0,0.0,0.0,0.0,0.0,112.0,9.15
openrouter,openai/gpt-5.3-codex,unconstrained,stlc,stlc:logic_elimination,1,0.0,0.0,0.0,0.0,100.0,0.0,0.0,0.0,0.0,72.0,10.97
openrouter,openai/gpt-5.3-codex,unconstrained,stlc,stlc:logic_eta,1,0.0,0.0,0.0,0.0,0.0,100.0,0.0,0.0,0.0,64.0,3.86
openrouter,openai/gpt-5.3-codex,unconstrained,stlc,stlc:logic_function_result,1,0.0,0.0,0.0,0.0,100.0,0.0,0.0,0.0,0.0,56.0,6.32
openrouter,openai/gpt-5.3-codex,unconstrained,stlc,stlc:logic_higher_order,3,33.33,33.33,33.33,0.0,33.33,33.33,0.0,0.0,0.0,48.0,5.93
openrouter,openai/gpt-5.3-codex,unconstrained,stlc,stlc:logic_identity,2,0.0,0.0,0.0,0.0,100.0,0.0,0.0,0.0,0.0,32.0,5.22
openrouter,openai/gpt-5.3-codex,unconstrained,stlc,stlc:logic_modus_ponens,2,50.0,50.0,50.0,0.0,50.0,0.0,0.0,0.0,0.0,56.5,5.81
openrouter,openai/gpt-5.3-codex,unconstrained,stlc,stlc:logic_pipeline,1,0.0,0.0,0.0,0.0,100.0,0.0,0.0,0.0,0.0,104.0,4.95
openrouter,openai/gpt-5.3-codex,unconstrained,stlc,stlc:logic_projection,1,0.0,100.0,100.0,0.0,0.0,0.0,0.0,0.0,0.0,69.0,10.65
openrouter,openai/gpt-5.3-codex,unconstrained,stlc,stlc:logic_repetition,2,0.0,0.0,0.0,0.0,0.0,100.0,0.0,0.0,0.0,80.0,5.65
openrouter,openai/gpt-5.3-codex,unconstrained,stlc,stlc:logic_substitution,2,0.0,0.0,0.0,0.0,100.0,0.0,0.0,0.0,0.0,128.0,8.88
openrouter,openai/gpt-5.3-codex,unconstrained,stlc,stlc:logic_weakening,3,33.33,33.33,33.33,0.0,66.67,0.0,0.0,0.0,0.0,53.33,8.99
openrouter,openai/gpt-5.4-mini,unconstrained,fun,fun:boolean,2,0.0,100.0,100.0,0.0,0.0,0.0,0.0,0.0,0.0,21.0,3.12
openrouter,openai/gpt-5.4-mini,unconstrained,fun,fun:function,4,25.0,75.0,75.0,25.0,0.0,0.0,0.0,0.0,0.0,25.25,8.91
openrouter,openai/gpt-5.4-mini,unconstrained,fun,fun:function_application,4,0.0,25.0,25.0,50.0,0.0,0.0,25.0,0.0,0.0,17.5,10.88
openrouter,openai/gpt-5.4-mini,unconstrained,fun,fun:function_arithmetic,12,50.0,75.0,75.0,25.0,0.0,0.0,0.0,0.0,0.0,24.83,31.49
openrouter,openai/gpt-5.4-mini,unconstrained,fun,fun:function_closure,2,0.0,100.0,100.0,0.0,0.0,0.0,0.0,0.0,0.0,58.0,2.83
openrouter,openai/gpt-5.4-mini,unconstrained,fun,fun:function_composition,2,0.0,0.0,0.0,100.0,0.0,0.0,0.0,0.0,0.0,0.0,20.02
openrouter,openai/gpt-5.4-mini,unconstrained,fun,fun:function_constant,1,0.0,0.0,0.0,100.0,0.0,0.0,0.0,0.0,0.0,0.0,20.02
openrouter,openai/gpt-5.4-mini,unconstrained,fun,fun:function_float,4,0.0,50.0,50.0,25.0,0.0,0.0,25.0,0.0,0.0,28.75,6.72
openrouter,openai/gpt-5.4-mini,unconstrained,fun,fun:function_higher_order,2,100.0,100.0,100.0,0.0,0.0,0.0,0.0,0.0,0.0,42.5,2.01
openrouter,openai/gpt-5.4-mini,unconstrained,imp,imp:arithmetic,2,0.0,0.0,0.0,50.0,50.0,0.0,0.0,0.0,0.0,12.0,10.77
openrouter,openai/gpt-5.4-mini,unconstrained,imp,imp:assignment,3,0.0,0.0,0.0,33.33,66.67,0.0,0.0,0.0,0.0,17.0,7.85
openrouter,openai/gpt-5.4-mini,unconstrained,imp,imp:boolean,2,0.0,0.0,0.0,100.0,0.0,0.0,0.0,0.0,0.0,0.0,42.63
openrouter,openai/gpt-5.4-mini,unconstrained,imp,imp:branching,6,0.0,0.0,0.0,16.67,83.33,0.0,0.0,0.0,0.0,50.17,7.28
openrouter,openai/gpt-5.4-mini,unconstrained,imp,imp:loops,4,0.0,0.0,0.0,25.0,75.0,0.0,0.0,0.0,0.0,43.25,9.45
openrouter,openai/gpt-5.4-mini,unconstrained,imp,imp:mixed_control,2,0.0,0.0,0.0,100.0,0.0,0.0,0.0,0.0,0.0,0.0,20.02
openrouter,openai/gpt-5.4-mini,unconstrained,imp,imp:nested_branching,3,0.0,33.33,33.33,0.0,66.67,0.0,0.0,0.0,0.0,67.67,1.9
openrouter,openai/gpt-5.4-mini,unconstrained,imp,imp:sequence,3,0.0,0.0,0.0,0.0,66.67,0.0,33.33,0.0,0.0,35.67,2.11
openrouter,openai/gpt-5.4-mini,unconstrained,imp,imp:while_loop,3,0.0,0.0,0.0,33.33,66.67,0.0,0.0,0.0,0.0,24.67,90.02
openrouter,openai/gpt-5.4-mini,unconstrained,stlc,stlc:logic_application,2,0.0,50.0,50.0,50.0,0.0,0.0,0.0,0.0,0.0,17.5,10.97
openrouter,openai/gpt-5.4-mini,unconstrained,stlc,stlc:logic_argument_order,1,100.0,100.0,100.0,0.0,0.0,0.0,0.0,0.0,0.0,28.0,1.74
openrouter,openai/gpt-5.4-mini,unconstrained,stlc,stlc:logic_choice,2,50.0,50.0,50.0,50.0,0.0,0.0,0.0,0.0,0.0,12.5,15.87
openrouter,openai/gpt-5.4-mini,unconstrained,stlc,stlc:logic_composition,6,50.0,83.33,83.33,16.67,0.0,0.0,0.0,0.0,0.0,26.83,53.81
openrouter,openai/gpt-5.4-mini,unconstrained,stlc,stlc:logic_continuation,1,0.0,100.0,100.0,0.0,0.0,0.0,0.0,0.0,0.0,27.0,1.54
openrouter,openai/gpt-5.4-mini,unconstrained,stlc,stlc:logic_contraction,2,0.0,50.0,50.0,50.0,0.0,0.0,0.0,0.0,0.0,16.5,151.04
openrouter,openai/gpt-5.4-mini,unconstrained,stlc,stlc:logic_elimination,1,0.0,100.0,100.0,0.0,0.0,0.0,0.0,0.0,0.0,19.0,1.77
openrouter,openai/gpt-5.4-mini,unconstrained,stlc,stlc:logic_eta,1,0.0,100.0,100.0,0.0,0.0,0.0,0.0,0.0,0.0,19.0,11.7
openrouter,openai/gpt-5.4-mini,unconstrained,stlc,stlc:logic_function_result,1,0.0,0.0,0.0,100.0,0.0,0.0,0.0,0.0,0.0,0.0,20.02
openrouter,openai/gpt-5.4-mini,unconstrained,stlc,stlc:logic_higher_order,3,100.0,100.0,100.0,0.0,0.0,0.0,0.0,0.0,0.0,13.0,1.72
openrouter,openai/gpt-5.4-mini,unconstrained,stlc,stlc:logic_identity,2,50.0,50.0,50.0,50.0,0.0,0.0,0.0,0.0,0.0,4.0,151.1
openrouter,openai/gpt-5.4-mini,unconstrained,stlc,stlc:logic_modus_ponens,2,50.0,50.0,50.0,50.0,0.0,0.0,0.0,0.0,0.0,9.5,10.78
openrouter,openai/gpt-5.4-mini,unconstrained,stlc,stlc:logic_pipeline,1,0.0,0.0,0.0,100.0,0.0,0.0,0.0,0.0,0.0,0.0,20.02
openrouter,openai/gpt-5.4-mini,unconstrained,stlc,stlc:logic_projection,1,0.0,100.0,100.0,0.0,0.0,0.0,0.0,0.0,0.0,17.0,1.5
openrouter,openai/gpt-5.4-mini,unconstrained,stlc,stlc:logic_repetition,2,0.0,0.0,0.0,100.0,0.0,0.0,0.0,0.0,0.0,0.0,20.02
openrouter,openai/gpt-5.4-mini,unconstrained,stlc,stlc:logic_substitution,2,50.0,100.0,100.0,0.0,0.0,0.0,0.0,0.0,0.0,36.0,1.8
openrouter,openai/gpt-5.4-mini,unconstrained,stlc,stlc:logic_weakening,3,33.33,100.0,100.0,0.0,0.0,0.0,0.0,0.0,0.0,15.67,1.63
openrouter,qwen/qwen3.5-35b-a3b,unconstrained,fun,fun:boolean,2,0.0,50.0,50.0,0.0,50.0,0.0,0.0,0.0,0.0,1884.5,23.86
openrouter,qwen/qwen3.5-35b-a3b,unconstrained,fun,fun:function,4,25.0,25.0,25.0,0.0,75.0,0.0,0.0,0.0,0.0,759.0,9.6
openrouter,qwen/qwen3.5-35b-a3b,unconstrained,fun,fun:function_application,4,0.0,0.0,0.0,0.0,100.0,0.0,0.0,0.0,0.0,132.0,4.21
openrouter,qwen/qwen3.5-35b-a3b,unconstrained,fun,fun:function_arithmetic,12,25.0,58.33,58.33,0.0,41.67,0.0,0.0,0.0,0.0,2344.58,20.98
openrouter,qwen/qwen3.5-35b-a3b,unconstrained,fun,fun:function_closure,2,0.0,0.0,0.0,0.0,100.0,0.0,0.0,0.0,0.0,208.0,2.85
openrouter,qwen/qwen3.5-35b-a3b,unconstrained,fun,fun:function_composition,2,0.0,0.0,0.0,0.0,100.0,0.0,0.0,0.0,0.0,208.0,8.35
openrouter,qwen/qwen3.5-35b-a3b,unconstrained,fun,fun:function_constant,1,0.0,100.0,100.0,0.0,0.0,0.0,0.0,0.0,0.0,1225.0,11.59
openrouter,qwen/qwen3.5-35b-a3b,unconstrained,fun,fun:function_float,4,25.0,50.0,50.0,0.0,50.0,0.0,0.0,0.0,0.0,2346.5,22.35
openrouter,qwen/qwen3.5-35b-a3b,unconstrained,fun,fun:function_higher_order,2,50.0,50.0,50.0,0.0,50.0,0.0,0.0,0.0,0.0,4305.0,35.59
openrouter,qwen/qwen3.5-35b-a3b,unconstrained,imp,imp:arithmetic,2,0.0,0.0,0.0,0.0,50.0,0.0,50.0,0.0,0.0,2714.0,24.71
openrouter,qwen/qwen3.5-35b-a3b,unconstrained,imp,imp:assignment,3,33.33,33.33,33.33,0.0,66.67,0.0,0.0,0.0,0.0,5396.67,48.36
openrouter,qwen/qwen3.5-35b-a3b,unconstrained,imp,imp:boolean,2,0.0,0.0,0.0,0.0,100.0,0.0,0.0,0.0,0.0,5902.5,53.24
openrouter,qwen/qwen3.5-35b-a3b,unconstrained,imp,imp:branching,6,0.0,0.0,0.0,0.0,83.33,0.0,16.67,0.0,0.0,2447.67,24.26
openrouter,qwen/qwen3.5-35b-a3b,unconstrained,imp,imp:loops,4,0.0,0.0,0.0,0.0,100.0,0.0,0.0,0.0,0.0,1648.5,19.99
openrouter,qwen/qwen3.5-35b-a3b,unconstrained,imp,imp:mixed_control,2,0.0,0.0,0.0,0.0,100.0,0.0,0.0,0.0,0.0,3355.0,33.22
openrouter,qwen/qwen3.5-35b-a3b,unconstrained,imp,imp:nested_branching,3,0.0,0.0,0.0,0.0,100.0,0.0,0.0,0.0,0.0,4728.33,43.86
openrouter,qwen/qwen3.5-35b-a3b,unconstrained,imp,imp:sequence,3,0.0,33.33,33.33,0.0,66.67,0.0,0.0,0.0,0.0,3441.0,30.4
openrouter,qwen/qwen3.5-35b-a3b,unconstrained,imp,imp:while_loop,3,0.0,0.0,0.0,0.0,100.0,0.0,0.0,0.0,0.0,1998.67,20.88
openrouter,qwen/qwen3.5-35b-a3b,unconstrained,stlc,stlc:logic_application,2,0.0,50.0,50.0,0.0,50.0,0.0,0.0,0.0,0.0,2759.0,29.08
openrouter,qwen/qwen3.5-35b-a3b,unconstrained,stlc,stlc:logic_argument_order,1,0.0,0.0,0.0,0.0,100.0,0.0,0.0,0.0,0.0,96.0,2.77
openrouter,qwen/qwen3.5-35b-a3b,unconstrained,stlc,stlc:logic_choice,2,50.0,50.0,50.0,0.0,50.0,0.0,0.0,0.0,0.0,2018.5,18.84
openrouter,qwen/qwen3.5-35b-a3b,unconstrained,stlc,stlc:logic_composition,6,16.67,33.33,33.33,0.0,66.67,0.0,0.0,0.0,0.0,2401.33,22.5
openrouter,qwen/qwen3.5-35b-a3b,unconstrained,stlc,stlc:logic_continuation,1,0.0,0.0,0.0,0.0,100.0,0.0,0.0,0.0,0.0,96.0,2.4
openrouter,qwen/qwen3.5-35b-a3b,unconstrained,stlc,stlc:logic_contraction,2,0.0,100.0,100.0,0.0,0.0,0.0,0.0,0.0,0.0,5415.5,47.38
openrouter,qwen/qwen3.5-35b-a3b,unconstrained,stlc,stlc:logic_elimination,1,0.0,0.0,0.0,0.0,100.0,0.0,0.0,0.0,0.0,72.0,2.99
openrouter,qwen/qwen3.5-35b-a3b,unconstrained,stlc,stlc:logic_eta,1,0.0,100.0,100.0,0.0,0.0,0.0,0.0,0.0,0.0,5054.0,42.54
openrouter,qwen/qwen3.5-35b-a3b,unconstrained,stlc,stlc:logic_function_result,1,0.0,0.0,0.0,0.0,100.0,0.0,0.0,0.0,0.0,56.0,2.46
openrouter,qwen/qwen3.5-35b-a3b,unconstrained,stlc,stlc:logic_higher_order,3,66.67,66.67,66.67,0.0,33.33,0.0,0.0,0.0,0.0,1649.67,16.0
openrouter,qwen/qwen3.5-35b-a3b,unconstrained,stlc,stlc:logic_identity,2,100.0,100.0,100.0,0.0,0.0,0.0,0.0,0.0,0.0,749.0,8.16
openrouter,qwen/qwen3.5-35b-a3b,unconstrained,stlc,stlc:logic_modus_ponens,2,50.0,50.0,50.0,0.0,50.0,0.0,0.0,0.0,0.0,2398.0,22.76
openrouter,qwen/qwen3.5-35b-a3b,unconstrained,stlc,stlc:logic_pipeline,1,0.0,0.0,0.0,0.0,100.0,0.0,0.0,0.0,0.0,104.0,2.75
openrouter,qwen/qwen3.5-35b-a3b,unconstrained,stlc,stlc:logic_projection,1,0.0,100.0,100.0,0.0,0.0,0.0,0.0,0.0,0.0,3390.0,28.81
openrouter,qwen/qwen3.5-35b-a3b,unconstrained,stlc,stlc:logic_repetition,2,50.0,50.0,50.0,0.0,50.0,0.0,0.0,0.0,0.0,3114.5,28.61
openrouter,qwen/qwen3.5-35b-a3b,unconstrained,stlc,stlc:logic_substitution,2,0.0,0.0,0.0,0.0,100.0,0.0,0.0,0.0,0.0,128.0,4.58
openrouter,qwen/qwen3.5-35b-a3b,unconstrained,stlc,stlc:logic_weakening,3,33.33,66.67,66.67,0.0,33.33,0.0,0.0,0.0,0.0,4464.67,41.82
